case_id,scenario,seed,min_y,max_y,mod_enabled,ore_fix,data_version,chunks,scope,family,block,y_min,y_max_exclusive,count,count_per_chunk
20260903-default-noop-check-community-on-postfix-miny-m64-seed-0,community-on-postfix,0,-64,320,true,true,3465,256,family,coal,,-64,-48,0,0.000000000
20260903-default-noop-check-community-on-postfix-miny-m64-seed-0,community-on-postfix,0,-64,320,true,true,3465,256,block,coal,minecraft:coal_ore,-64,-48,0,0.000000000
20260903-default-noop-check-community-on-postfix-miny-m64-seed-0,community-on-postfix,0,-64,320,true,true,3465,256,block,coal,minecraft:deepslate_coal_ore,-64,-48,0,0.000000000
20260903-default-noop-check-community-on-postfix-miny-m64-seed-0,community-on-postfix,0,-64,320,true,true,3465,256,family,coal,,-48,-32,0,0.000000000
20260903-default-noop-check-community-on-postfix-miny-m64-seed-0,community-on-postfix,0,-64,320,true,true,3465,256,block,coal,minecraft:coal_ore,-48,-32,0,0.000000000
20260903-default-noop-check-community-on-postfix-miny-m64-seed-0,community-on-postfix,0,-64,320,true,true,3465,256,block,coal,minecraft:deepslate_coal_ore,-48,-32,0,0.000000000
20260903-default-noop-check-community-on-postfix-miny-m64-seed-0,community-on-postfix,0,-64,320,true,true,3465,256,family,coal,,-32,-16,0,0.000000000
20260903-default-noop-check-community-on-postfix-miny-m64-seed-0,community-on-postfix,0,-64,320,true,true,3465,256,block,coal,minecraft:coal_ore,-32,-16,0,0.000000000
20260903-default-noop-check-community-on-postfix-miny-m64-seed-0,community-on-postfix,0,-64,320,true,true,3465,256,block,coal,minecraft:deepslate_coal_ore,-32,-16,0,0.000000000
20260903-default-noop-check-community-on-postfix-miny-m64-seed-0,community-on-postfix,0,-64,320,true,true,3465,256,family,coal,,-16,0,10,0.039062500
20260903-default-noop-check-community-on-postfix-miny-m64-seed-0,community-on-postfix,0,-64,320,true,true,3465,256,block,coal,minecraft:coal_ore,-16,0,6,0.023437500
20260903-default-noop-check-community-on-postfix-miny-m64-seed-0,community-on-postfix,0,-64,320,true,true,3465,256,block,coal,minecraft:deepslate_coal_ore,-16,0,4,0.015625000
20260903-default-noop-check-community-on-postfix-miny-m64-seed-0,community-on-postfix,0,-64,320,true,true,3465,256,family,coal,,0,16,1438,5.617187500
20260903-default-noop-check-community-on-postfix-miny-m64-seed-0,community-on-postfix,0,-64,320,true,true,3465,256,block,coal,minecraft:coal_ore,0,16,1292,5.046875000
20260903-default-noop-check-community-on-postfix-miny-m64-seed-0,community-on-postfix,0,-64,320,true,true,3465,256,block,coal,minecraft:deepslate_coal_ore,0,16,146,0.570312500
20260903-default-noop-check-community-on-postfix-miny-m64-seed-0,community-on-postfix,0,-64,320,true,true,3465,256,family,coal,,16,32,2974,11.617187500
20260903-default-noop-check-community-on-postfix-miny-m64-seed-0,community-on-postfix,0,-64,320,true,true,3465,256,block,coal,minecraft:coal_ore,16,32,2974,11.617187500
20260903-default-noop-check-community-on-postfix-miny-m64-seed-0,community-on-postfix,0,-64,320,true,true,3465,256,block,coal,minecraft:deepslate_coal_ore,16,32,0,0.000000000
20260903-default-noop-check-community-on-postfix-miny-m64-seed-0,community-on-postfix,0,-64,320,true,true,3465,256,family,coal,,32,48,2127,8.308593750
20260903-default-noop-check-community-on-postfix-miny-m64-seed-0,community-on-postfix,0,-64,320,true,true,3465,256,block,coal,minecraft:coal_ore,32,48,2127,8.308593750
20260903-default-noop-check-community-on-postfix-miny-m64-seed-0,community-on-postfix,0,-64,320,true,true,3465,256,block,coal,minecraft:deepslate_coal_ore,32,48,0,0.000000000
20260903-default-noop-check-community-on-postfix-miny-m64-seed-0,community-on-postfix,0,-64,320,true,true,3465,256,family,coal,,48,64,54,0.210937500
20260903-default-noop-check-community-on-postfix-miny-m64-seed-0,community-on-postfix,0,-64,320,true,true,3465,256,block,coal,minecraft:coal_ore,48,64,54,0.210937500
20260903-default-noop-check-community-on-postfix-miny-m64-seed-0,community-on-postfix,0,-64,320,true,true,3465,256,block,coal,minecraft:deepslate_coal_ore,48,64,0,0.000000000
20260903-default-noop-check-community-on-postfix-miny-m64-seed-0,community-on-postfix,0,-64,320,true,true,3465,256,family,coal,,64,80,0,0.000000000
20260903-default-noop-check-community-on-postfix-miny-m64-seed-0,community-on-postfix,0,-64,320,true,true,3465,256,block,coal,minecraft:coal_ore,64,80,0,0.000000000
20260903-default-noop-check-community-on-postfix-miny-m64-seed-0,community-on-postfix,0,-64,320,true,true,3465,256,block,coal,minecraft:deepslate_coal_ore,64,80,0,0.000000000
20260903-default-noop-check-community-on-postfix-miny-m64-seed-0,community-on-postfix,0,-64,320,true,true,3465,256,family,coal,,80,96,0,0.000000000
20260903-default-noop-check-community-on-postfix-miny-m64-seed-0,community-on-postfix,0,-64,320,true,true,3465,256,block,coal,minecraft:coal_ore,80,96,0,0.000000000
20260903-default-noop-check-community-on-postfix-miny-m64-seed-0,community-on-postfix,0,-64,320,true,true,3465,256,block,coal,minecraft:deepslate_coal_ore,80,96,0,0.000000000
20260903-default-noop-check-community-on-postfix-miny-m64-seed-0,community-on-postfix,0,-64,320,true,true,3465,256,family,coal,,96,112,0,0.000000000
20260903-default-noop-check-community-on-postfix-miny-m64-seed-0,community-on-postfix,0,-64,320,true,true,3465,256,block,coal,minecraft:coal_ore,96,112,0,0.000000000
20260903-default-noop-check-community-on-postfix-miny-m64-seed-0,community-on-postfix,0,-64,320,true,true,3465,256,block,coal,minecraft:deepslate_coal_ore,96,112,0,0.000000000
20260903-default-noop-check-community-on-postfix-miny-m64-seed-0,community-on-postfix,0,-64,320,true,true,3465,256,family,coal,,112,128,0,0.000000000
20260903-default-noop-check-community-on-postfix-miny-m64-seed-0,community-on-postfix,0,-64,320,true,true,3465,256,block,coal,minecraft:coal_ore,112,128,0,0.000000000
20260903-default-noop-check-community-on-postfix-miny-m64-seed-0,community-on-postfix,0,-64,320,true,true,3465,256,block,coal,minecraft:deepslate_coal_ore,112,128,0,0.000000000
20260903-default-noop-check-community-on-postfix-miny-m64-seed-0,community-on-postfix,0,-64,320,true,true,3465,256,family,coal,,128,144,0,0.000000000
20260903-default-noop-check-community-on-postfix-miny-m64-seed-0,community-on-postfix,0,-64,320,true,true,3465,256,block,coal,minecraft:coal_ore,128,144,0,0.000000000
20260903-default-noop-check-community-on-postfix-miny-m64-seed-0,community-on-postfix,0,-64,320,true,true,3465,256,block,coal,minecraft:deepslate_coal_ore,128,144,0,0.000000000
20260903-default-noop-check-community-on-postfix-miny-m64-seed-0,community-on-postfix,0,-64,320,true,true,3465,256,family,coal,,144,160,0,0.000000000
20260903-default-noop-check-community-on-postfix-miny-m64-seed-0,community-on-postfix,0,-64,320,true,true,3465,256,block,coal,minecraft:coal_ore,144,160,0,0.000000000
20260903-default-noop-check-community-on-postfix-miny-m64-seed-0,community-on-postfix,0,-64,320,true,true,3465,256,block,coal,minecraft:deepslate_coal_ore,144,160,0,0.000000000
20260903-default-noop-check-community-on-postfix-miny-m64-seed-0,community-on-postfix,0,-64,320,true,true,3465,256,family,coal,,160,176,0,0.000000000
20260903-default-noop-check-community-on-postfix-miny-m64-seed-0,community-on-postfix,0,-64,320,true,true,3465,256,block,coal,minecraft:coal_ore,160,176,0,0.000000000
20260903-default-noop-check-community-on-postfix-miny-m64-seed-0,community-on-postfix,0,-64,320,true,true,3465,256,block,coal,minecraft:deepslate_coal_ore,160,176,0,0.000000000
20260903-default-noop-check-community-on-postfix-miny-m64-seed-0,community-on-postfix,0,-64,320,true,true,3465,256,family,coal,,176,192,0,0.000000000
20260903-default-noop-check-community-on-postfix-miny-m64-seed-0,community-on-postfix,0,-64,320,true,true,3465,256,block,coal,minecraft:coal_ore,176,192,0,0.000000000
20260903-default-noop-check-community-on-postfix-miny-m64-seed-0,community-on-postfix,0,-64,320,true,true,3465,256,block,coal,minecraft:deepslate_coal_ore,176,192,0,0.000000000
20260903-default-noop-check-community-on-postfix-miny-m64-seed-0,community-on-postfix,0,-64,320,true,true,3465,256,family,coal,,192,208,0,0.000000000
20260903-default-noop-check-community-on-postfix-miny-m64-seed-0,community-on-postfix,0,-64,320,true,true,3465,256,block,coal,minecraft:coal_ore,192,208,0,0.000000000
20260903-default-noop-check-community-on-postfix-miny-m64-seed-0,community-on-postfix,0,-64,320,true,true,3465,256,block,coal,minecraft:deepslate_coal_ore,192,208,0,0.000000000
20260903-default-noop-check-community-on-postfix-miny-m64-seed-0,community-on-postfix,0,-64,320,true,true,3465,256,family,coal,,208,224,0,0.000000000
20260903-default-noop-check-community-on-postfix-miny-m64-seed-0,community-on-postfix,0,-64,320,true,true,3465,256,block,coal,minecraft:coal_ore,208,224,0,0.000000000
20260903-default-noop-check-community-on-postfix-miny-m64-seed-0,community-on-postfix,0,-64,320,true,true,3465,256,block,coal,minecraft:deepslate_coal_ore,208,224,0,0.000000000
20260903-default-noop-check-community-on-postfix-miny-m64-seed-0,community-on-postfix,0,-64,320,true,true,3465,256,family,coal,,224,240,0,0.000000000
20260903-default-noop-check-community-on-postfix-miny-m64-seed-0,community-on-postfix,0,-64,320,true,true,3465,256,block,coal,minecraft:coal_ore,224,240,0,0.000000000
20260903-default-noop-check-community-on-postfix-miny-m64-seed-0,community-on-postfix,0,-64,320,true,true,3465,256,block,coal,minecraft:deepslate_coal_ore,224,240,0,0.000000000
20260903-default-noop-check-community-on-postfix-miny-m64-seed-0,community-on-postfix,0,-64,320,true,true,3465,256,family,coal,,240,256,0,0.000000000
20260903-default-noop-check-community-on-postfix-miny-m64-seed-0,community-on-postfix,0,-64,320,true,true,3465,256,block,coal,minecraft:coal_ore,240,256,0,0.000000000
20260903-default-noop-check-community-on-postfix-miny-m64-seed-0,community-on-postfix,0,-64,320,true,true,3465,256,block,coal,minecraft:deepslate_coal_ore,240,256,0,0.000000000
20260903-default-noop-check-community-on-postfix-miny-m64-seed-0,community-on-postfix,0,-64,320,true,true,3465,256,family,coal,,256,272,0,0.000000000
20260903-default-noop-check-community-on-postfix-miny-m64-seed-0,community-on-postfix,0,-64,320,true,true,3465,256,block,coal,minecraft:coal_ore,256,272,0,0.000000000
20260903-default-noop-check-community-on-postfix-miny-m64-seed-0,community-on-postfix,0,-64,320,true,true,3465,256,block,coal,minecraft:deepslate_coal_ore,256,272,0,0.000000000
20260903-default-noop-check-community-on-postfix-miny-m64-seed-0,community-on-postfix,0,-64,320,true,true,3465,256,family,coal,,272,288,0,0.000000000
20260903-default-noop-check-community-on-postfix-miny-m64-seed-0,community-on-postfix,0,-64,320,true,true,3465,256,block,coal,minecraft:coal_ore,272,288,0,0.000000000
20260903-default-noop-check-community-on-postfix-miny-m64-seed-0,community-on-postfix,0,-64,320,true,true,3465,256,block,coal,minecraft:deepslate_coal_ore,272,288,0,0.000000000
20260903-default-noop-check-community-on-postfix-miny-m64-seed-0,community-on-postfix,0,-64,320,true,true,3465,256,family,coal,,288,304,0,0.000000000
20260903-default-noop-check-community-on-postfix-miny-m64-seed-0,community-on-postfix,0,-64,320,true,true,3465,256,block,coal,minecraft:coal_ore,288,304,0,0.000000000
20260903-default-noop-check-community-on-postfix-miny-m64-seed-0,community-on-postfix,0,-64,320,true,true,3465,256,block,coal,minecraft:deepslate_coal_ore,288,304,0,0.000000000
20260903-default-noop-check-community-on-postfix-miny-m64-seed-0,community-on-postfix,0,-64,320,true,true,3465,256,family,coal,,304,320,0,0.000000000
20260903-default-noop-check-community-on-postfix-miny-m64-seed-0,community-on-postfix,0,-64,320,true,true,3465,256,block,coal,minecraft:coal_ore,304,320,0,0.000000000
20260903-default-noop-check-community-on-postfix-miny-m64-seed-0,community-on-postfix,0,-64,320,true,true,3465,256,block,coal,minecraft:deepslate_coal_ore,304,320,0,0.000000000
20260903-default-noop-check-community-on-postfix-miny-m64-seed-0,community-on-postfix,0,-64,320,true,true,3465,256,family,iron,,-64,-48,1126,4.398437500
20260903-default-noop-check-community-on-postfix-miny-m64-seed-0,community-on-postfix,0,-64,320,true,true,3465,256,block,iron,minecraft:iron_ore,-64,-48,0,0.000000000
20260903-default-noop-check-community-on-postfix-miny-m64-seed-0,community-on-postfix,0,-64,320,true,true,3465,256,block,iron,minecraft:deepslate_iron_ore,-64,-48,1126,4.398437500
20260903-default-noop-check-community-on-postfix-miny-m64-seed-0,community-on-postfix,0,-64,320,true,true,3465,256,family,iron,,-48,-32,1637,6.394531250
20260903-default-noop-check-community-on-postfix-miny-m64-seed-0,community-on-postfix,0,-64,320,true,true,3465,256,block,iron,minecraft:iron_ore,-48,-32,0,0.000000000
20260903-default-noop-check-community-on-postfix-miny-m64-seed-0,community-on-postfix,0,-64,320,true,true,3465,256,block,iron,minecraft:deepslate_iron_ore,-48,-32,1637,6.394531250
20260903-default-noop-check-community-on-postfix-miny-m64-seed-0,community-on-postfix,0,-64,320,true,true,3465,256,family,iron,,-32,-16,1578,6.164062500
20260903-default-noop-check-community-on-postfix-miny-m64-seed-0,community-on-postfix,0,-64,320,true,true,3465,256,block,iron,minecraft:iron_ore,-32,-16,0,0.000000000
20260903-default-noop-check-community-on-postfix-miny-m64-seed-0,community-on-postfix,0,-64,320,true,true,3465,256,block,iron,minecraft:deepslate_iron_ore,-32,-16,1578,6.164062500
20260903-default-noop-check-community-on-postfix-miny-m64-seed-0,community-on-postfix,0,-64,320,true,true,3465,256,family,iron,,-16,0,3088,12.062500000
20260903-default-noop-check-community-on-postfix-miny-m64-seed-0,community-on-postfix,0,-64,320,true,true,3465,256,block,iron,minecraft:iron_ore,-16,0,82,0.320312500
20260903-default-noop-check-community-on-postfix-miny-m64-seed-0,community-on-postfix,0,-64,320,true,true,3465,256,block,iron,minecraft:deepslate_iron_ore,-16,0,3006,11.742187500
20260903-default-noop-check-community-on-postfix-miny-m64-seed-0,community-on-postfix,0,-64,320,true,true,3465,256,family,iron,,0,16,4722,18.445312500
20260903-default-noop-check-community-on-postfix-miny-m64-seed-0,community-on-postfix,0,-64,320,true,true,3465,256,block,iron,minecraft:iron_ore,0,16,3706,14.476562500
20260903-default-noop-check-community-on-postfix-miny-m64-seed-0,community-on-postfix,0,-64,320,true,true,3465,256,block,iron,minecraft:deepslate_iron_ore,0,16,1016,3.968750000
20260903-default-noop-check-community-on-postfix-miny-m64-seed-0,community-on-postfix,0,-64,320,true,true,3465,256,family,iron,,16,32,3629,14.175781250
20260903-default-noop-check-community-on-postfix-miny-m64-seed-0,community-on-postfix,0,-64,320,true,true,3465,256,block,iron,minecraft:iron_ore,16,32,3629,14.175781250
20260903-default-noop-check-community-on-postfix-miny-m64-seed-0,community-on-postfix,0,-64,320,true,true,3465,256,block,iron,minecraft:deepslate_iron_ore,16,32,0,0.000000000
20260903-default-noop-check-community-on-postfix-miny-m64-seed-0,community-on-postfix,0,-64,320,true,true,3465,256,family,iron,,32,48,1041,4.066406250
20260903-default-noop-check-community-on-postfix-miny-m64-seed-0,community-on-postfix,0,-64,320,true,true,3465,256,block,iron,minecraft:iron_ore,32,48,1041,4.066406250
20260903-default-noop-check-community-on-postfix-miny-m64-seed-0,community-on-postfix,0,-64,320,true,true,3465,256,block,iron,minecraft:deepslate_iron_ore,32,48,0,0.000000000
20260903-default-noop-check-community-on-postfix-miny-m64-seed-0,community-on-postfix,0,-64,320,true,true,3465,256,family,iron,,48,64,14,0.054687500
20260903-default-noop-check-community-on-postfix-miny-m64-seed-0,community-on-postfix,0,-64,320,true,true,3465,256,block,iron,minecraft:iron_ore,48,64,14,0.054687500
20260903-default-noop-check-community-on-postfix-miny-m64-seed-0,community-on-postfix,0,-64,320,true,true,3465,256,block,iron,minecraft:deepslate_iron_ore,48,64,0,0.000000000
20260903-default-noop-check-community-on-postfix-miny-m64-seed-0,community-on-postfix,0,-64,320,true,true,3465,256,family,iron,,64,80,0,0.000000000
20260903-default-noop-check-community-on-postfix-miny-m64-seed-0,community-on-postfix,0,-64,320,true,true,3465,256,block,iron,minecraft:iron_ore,64,80,0,0.000000000
20260903-default-noop-check-community-on-postfix-miny-m64-seed-0,community-on-postfix,0,-64,320,true,true,3465,256,block,iron,minecraft:deepslate_iron_ore,64,80,0,0.000000000
20260903-default-noop-check-community-on-postfix-miny-m64-seed-0,community-on-postfix,0,-64,320,true,true,3465,256,family,iron,,80,96,0,0.000000000
20260903-default-noop-check-community-on-postfix-miny-m64-seed-0,community-on-postfix,0,-64,320,true,true,3465,256,block,iron,minecraft:iron_ore,80,96,0,0.000000000
20260903-default-noop-check-community-on-postfix-miny-m64-seed-0,community-on-postfix,0,-64,320,true,true,3465,256,block,iron,minecraft:deepslate_iron_ore,80,96,0,0.000000000
20260903-default-noop-check-community-on-postfix-miny-m64-seed-0,community-on-postfix,0,-64,320,true,true,3465,256,family,iron,,96,112,0,0.000000000
20260903-default-noop-check-community-on-postfix-miny-m64-seed-0,community-on-postfix,0,-64,320,true,true,3465,256,block,iron,minecraft:iron_ore,96,112,0,0.000000000
20260903-default-noop-check-community-on-postfix-miny-m64-seed-0,community-on-postfix,0,-64,320,true,true,3465,256,block,iron,minecraft:deepslate_iron_ore,96,112,0,0.000000000
20260903-default-noop-check-community-on-postfix-miny-m64-seed-0,community-on-postfix,0,-64,320,true,true,3465,256,family,iron,,112,128,0,0.000000000
20260903-default-noop-check-community-on-postfix-miny-m64-seed-0,community-on-postfix,0,-64,320,true,true,3465,256,block,iron,minecraft:iron_ore,112,128,0,0.000000000
20260903-default-noop-check-community-on-postfix-miny-m64-seed-0,community-on-postfix,0,-64,320,true,true,3465,256,block,iron,minecraft:deepslate_iron_ore,112,128,0,0.000000000
20260903-default-noop-check-community-on-postfix-miny-m64-seed-0,community-on-postfix,0,-64,320,true,true,3465,256,family,iron,,128,144,0,0.000000000
20260903-default-noop-check-community-on-postfix-miny-m64-seed-0,community-on-postfix,0,-64,320,true,true,3465,256,block,iron,minecraft:iron_ore,128,144,0,0.000000000
20260903-default-noop-check-community-on-postfix-miny-m64-seed-0,community-on-postfix,0,-64,320,true,true,3465,256,block,iron,minecraft:deepslate_iron_ore,128,144,0,0.000000000
20260903-default-noop-check-community-on-postfix-miny-m64-seed-0,community-on-postfix,0,-64,320,true,true,3465,256,family,iron,,144,160,0,0.000000000
20260903-default-noop-check-community-on-postfix-miny-m64-seed-0,community-on-postfix,0,-64,320,true,true,3465,256,block,iron,minecraft:iron_ore,144,160,0,0.000000000
20260903-default-noop-check-community-on-postfix-miny-m64-seed-0,community-on-postfix,0,-64,320,true,true,3465,256,block,iron,minecraft:deepslate_iron_ore,144,160,0,0.000000000
20260903-default-noop-check-community-on-postfix-miny-m64-seed-0,community-on-postfix,0,-64,320,true,true,3465,256,family,iron,,160,176,0,0.000000000
20260903-default-noop-check-community-on-postfix-miny-m64-seed-0,community-on-postfix,0,-64,320,true,true,3465,256,block,iron,minecraft:iron_ore,160,176,0,0.000000000
20260903-default-noop-check-community-on-postfix-miny-m64-seed-0,community-on-postfix,0,-64,320,true,true,3465,256,block,iron,minecraft:deepslate_iron_ore,160,176,0,0.000000000
20260903-default-noop-check-community-on-postfix-miny-m64-seed-0,community-on-postfix,0,-64,320,true,true,3465,256,family,iron,,176,192,0,0.000000000
20260903-default-noop-check-community-on-postfix-miny-m64-seed-0,community-on-postfix,0,-64,320,true,true,3465,256,block,iron,minecraft:iron_ore,176,192,0,0.000000000
20260903-default-noop-check-community-on-postfix-miny-m64-seed-0,community-on-postfix,0,-64,320,true,true,3465,256,block,iron,minecraft:deepslate_iron_ore,176,192,0,0.000000000
20260903-default-noop-check-community-on-postfix-miny-m64-seed-0,community-on-postfix,0,-64,320,true,true,3465,256,family,iron,,192,208,0,0.000000000
20260903-default-noop-check-community-on-postfix-miny-m64-seed-0,community-on-postfix,0,-64,320,true,true,3465,256,block,iron,minecraft:iron_ore,192,208,0,0.000000000
20260903-default-noop-check-community-on-postfix-miny-m64-seed-0,community-on-postfix,0,-64,320,true,true,3465,256,block,iron,minecraft:deepslate_iron_ore,192,208,0,0.000000000
20260903-default-noop-check-community-on-postfix-miny-m64-seed-0,community-on-postfix,0,-64,320,true,true,3465,256,family,iron,,208,224,0,0.000000000
20260903-default-noop-check-community-on-postfix-miny-m64-seed-0,community-on-postfix,0,-64,320,true,true,3465,256,block,iron,minecraft:iron_ore,208,224,0,0.000000000
20260903-default-noop-check-community-on-postfix-miny-m64-seed-0,community-on-postfix,0,-64,320,true,true,3465,256,block,iron,minecraft:deepslate_iron_ore,208,224,0,0.000000000
20260903-default-noop-check-community-on-postfix-miny-m64-seed-0,community-on-postfix,0,-64,320,true,true,3465,256,family,iron,,224,240,0,0.000000000
20260903-default-noop-check-community-on-postfix-miny-m64-seed-0,community-on-postfix,0,-64,320,true,true,3465,256,block,iron,minecraft:iron_ore,224,240,0,0.000000000
20260903-default-noop-check-community-on-postfix-miny-m64-seed-0,community-on-postfix,0,-64,320,true,true,3465,256,block,iron,minecraft:deepslate_iron_ore,224,240,0,0.000000000
20260903-default-noop-check-community-on-postfix-miny-m64-seed-0,community-on-postfix,0,-64,320,true,true,3465,256,family,iron,,240,256,0,0.000000000
20260903-default-noop-check-community-on-postfix-miny-m64-seed-0,community-on-postfix,0,-64,320,true,true,3465,256,block,iron,minecraft:iron_ore,240,256,0,0.000000000
20260903-default-noop-check-community-on-postfix-miny-m64-seed-0,community-on-postfix,0,-64,320,true,true,3465,256,block,iron,minecraft:deepslate_iron_ore,240,256,0,0.000000000
20260903-default-noop-check-community-on-postfix-miny-m64-seed-0,community-on-postfix,0,-64,320,true,true,3465,256,family,iron,,256,272,0,0.000000000
20260903-default-noop-check-community-on-postfix-miny-m64-seed-0,community-on-postfix,0,-64,320,true,true,3465,256,block,iron,minecraft:iron_ore,256,272,0,0.000000000
20260903-default-noop-check-community-on-postfix-miny-m64-seed-0,community-on-postfix,0,-64,320,true,true,3465,256,block,iron,minecraft:deepslate_iron_ore,256,272,0,0.000000000
20260903-default-noop-check-community-on-postfix-miny-m64-seed-0,community-on-postfix,0,-64,320,true,true,3465,256,family,iron,,272,288,0,0.000000000
20260903-default-noop-check-community-on-postfix-miny-m64-seed-0,community-on-postfix,0,-64,320,true,true,3465,256,block,iron,minecraft:iron_ore,272,288,0,0.000000000
20260903-default-noop-check-community-on-postfix-miny-m64-seed-0,community-on-postfix,0,-64,320,true,true,3465,256,block,iron,minecraft:deepslate_iron_ore,272,288,0,0.000000000
20260903-default-noop-check-community-on-postfix-miny-m64-seed-0,community-on-postfix,0,-64,320,true,true,3465,256,family,iron,,288,304,0,0.000000000
20260903-default-noop-check-community-on-postfix-miny-m64-seed-0,community-on-postfix,0,-64,320,true,true,3465,256,block,iron,minecraft:iron_ore,288,304,0,0.000000000
20260903-default-noop-check-community-on-postfix-miny-m64-seed-0,community-on-postfix,0,-64,320,true,true,3465,256,block,iron,minecraft:deepslate_iron_ore,288,304,0,0.000000000
20260903-default-noop-check-community-on-postfix-miny-m64-seed-0,community-on-postfix,0,-64,320,true,true,3465,256,family,iron,,304,320,0,0.000000000
20260903-default-noop-check-community-on-postfix-miny-m64-seed-0,community-on-postfix,0,-64,320,true,true,3465,256,block,iron,minecraft:iron_ore,304,320,0,0.000000000
20260903-default-noop-check-community-on-postfix-miny-m64-seed-0,community-on-postfix,0,-64,320,true,true,3465,256,block,iron,minecraft:deepslate_iron_ore,304,320,0,0.000000000
20260903-default-noop-check-community-on-postfix-miny-m64-seed-0,community-on-postfix,0,-64,320,true,true,3465,256,family,copper,,-64,-48,0,0.000000000
20260903-default-noop-check-community-on-postfix-miny-m64-seed-0,community-on-postfix,0,-64,320,true,true,3465,256,block,copper,minecraft:copper_ore,-64,-48,0,0.000000000
20260903-default-noop-check-community-on-postfix-miny-m64-seed-0,community-on-postfix,0,-64,320,true,true,3465,256,block,copper,minecraft:deepslate_copper_ore,-64,-48,0,0.000000000
20260903-default-noop-check-community-on-postfix-miny-m64-seed-0,community-on-postfix,0,-64,320,true,true,3465,256,family,copper,,-48,-32,0,0.000000000
20260903-default-noop-check-community-on-postfix-miny-m64-seed-0,community-on-postfix,0,-64,320,true,true,3465,256,block,copper,minecraft:copper_ore,-48,-32,0,0.000000000
20260903-default-noop-check-community-on-postfix-miny-m64-seed-0,community-on-postfix,0,-64,320,true,true,3465,256,block,copper,minecraft:deepslate_copper_ore,-48,-32,0,0.000000000
20260903-default-noop-check-community-on-postfix-miny-m64-seed-0,community-on-postfix,0,-64,320,true,true,3465,256,family,copper,,-32,-16,32,0.125000000
20260903-default-noop-check-community-on-postfix-miny-m64-seed-0,community-on-postfix,0,-64,320,true,true,3465,256,block,copper,minecraft:copper_ore,-32,-16,0,0.000000000
20260903-default-noop-check-community-on-postfix-miny-m64-seed-0,community-on-postfix,0,-64,320,true,true,3465,256,block,copper,minecraft:deepslate_copper_ore,-32,-16,32,0.125000000
20260903-default-noop-check-community-on-postfix-miny-m64-seed-0,community-on-postfix,0,-64,320,true,true,3465,256,family,copper,,-16,0,1113,4.347656250
20260903-default-noop-check-community-on-postfix-miny-m64-seed-0,community-on-postfix,0,-64,320,true,true,3465,256,block,copper,minecraft:copper_ore,-16,0,39,0.152343750
20260903-default-noop-check-community-on-postfix-miny-m64-seed-0,community-on-postfix,0,-64,320,true,true,3465,256,block,copper,minecraft:deepslate_copper_ore,-16,0,1074,4.195312500
20260903-default-noop-check-community-on-postfix-miny-m64-seed-0,community-on-postfix,0,-64,320,true,true,3465,256,family,copper,,0,16,2484,9.703125000
20260903-default-noop-check-community-on-postfix-miny-m64-seed-0,community-on-postfix,0,-64,320,true,true,3465,256,block,copper,minecraft:copper_ore,0,16,2061,8.050781250
20260903-default-noop-check-community-on-postfix-miny-m64-seed-0,community-on-postfix,0,-64,320,true,true,3465,256,block,copper,minecraft:deepslate_copper_ore,0,16,423,1.652343750
20260903-default-noop-check-community-on-postfix-miny-m64-seed-0,community-on-postfix,0,-64,320,true,true,3465,256,family,copper,,16,32,3758,14.679687500
20260903-default-noop-check-community-on-postfix-miny-m64-seed-0,community-on-postfix,0,-64,320,true,true,3465,256,block,copper,minecraft:copper_ore,16,32,3758,14.679687500
20260903-default-noop-check-community-on-postfix-miny-m64-seed-0,community-on-postfix,0,-64,320,true,true,3465,256,block,copper,minecraft:deepslate_copper_ore,16,32,0,0.000000000
20260903-default-noop-check-community-on-postfix-miny-m64-seed-0,community-on-postfix,0,-64,320,true,true,3465,256,family,copper,,32,48,1861,7.269531250
20260903-default-noop-check-community-on-postfix-miny-m64-seed-0,community-on-postfix,0,-64,320,true,true,3465,256,block,copper,minecraft:copper_ore,32,48,1861,7.269531250
20260903-default-noop-check-community-on-postfix-miny-m64-seed-0,community-on-postfix,0,-64,320,true,true,3465,256,block,copper,minecraft:deepslate_copper_ore,32,48,0,0.000000000
20260903-default-noop-check-community-on-postfix-miny-m64-seed-0,community-on-postfix,0,-64,320,true,true,3465,256,family,copper,,48,64,80,0.312500000
20260903-default-noop-check-community-on-postfix-miny-m64-seed-0,community-on-postfix,0,-64,320,true,true,3465,256,block,copper,minecraft:copper_ore,48,64,80,0.312500000
20260903-default-noop-check-community-on-postfix-miny-m64-seed-0,community-on-postfix,0,-64,320,true,true,3465,256,block,copper,minecraft:deepslate_copper_ore,48,64,0,0.000000000
20260903-default-noop-check-community-on-postfix-miny-m64-seed-0,community-on-postfix,0,-64,320,true,true,3465,256,family,copper,,64,80,0,0.000000000
20260903-default-noop-check-community-on-postfix-miny-m64-seed-0,community-on-postfix,0,-64,320,true,true,3465,256,block,copper,minecraft:copper_ore,64,80,0,0.000000000
20260903-default-noop-check-community-on-postfix-miny-m64-seed-0,community-on-postfix,0,-64,320,true,true,3465,256,block,copper,minecraft:deepslate_copper_ore,64,80,0,0.000000000
20260903-default-noop-check-community-on-postfix-miny-m64-seed-0,community-on-postfix,0,-64,320,true,true,3465,256,family,copper,,80,96,0,0.000000000
20260903-default-noop-check-community-on-postfix-miny-m64-seed-0,community-on-postfix,0,-64,320,true,true,3465,256,block,copper,minecraft:copper_ore,80,96,0,0.000000000
20260903-default-noop-check-community-on-postfix-miny-m64-seed-0,community-on-postfix,0,-64,320,true,true,3465,256,block,copper,minecraft:deepslate_copper_ore,80,96,0,0.000000000
20260903-default-noop-check-community-on-postfix-miny-m64-seed-0,community-on-postfix,0,-64,320,true,true,3465,256,family,copper,,96,112,0,0.000000000
20260903-default-noop-check-community-on-postfix-miny-m64-seed-0,community-on-postfix,0,-64,320,true,true,3465,256,block,copper,minecraft:copper_ore,96,112,0,0.000000000
20260903-default-noop-check-community-on-postfix-miny-m64-seed-0,community-on-postfix,0,-64,320,true,true,3465,256,block,copper,minecraft:deepslate_copper_ore,96,112,0,0.000000000
20260903-default-noop-check-community-on-postfix-miny-m64-seed-0,community-on-postfix,0,-64,320,true,true,3465,256,family,copper,,112,128,0,0.000000000
20260903-default-noop-check-community-on-postfix-miny-m64-seed-0,community-on-postfix,0,-64,320,true,true,3465,256,block,copper,minecraft:copper_ore,112,128,0,0.000000000
20260903-default-noop-check-community-on-postfix-miny-m64-seed-0,community-on-postfix,0,-64,320,true,true,3465,256,block,copper,minecraft:deepslate_copper_ore,112,128,0,0.000000000
20260903-default-noop-check-community-on-postfix-miny-m64-seed-0,community-on-postfix,0,-64,320,true,true,3465,256,family,copper,,128,144,0,0.000000000
20260903-default-noop-check-community-on-postfix-miny-m64-seed-0,community-on-postfix,0,-64,320,true,true,3465,256,block,copper,minecraft:copper_ore,128,144,0,0.000000000
20260903-default-noop-check-community-on-postfix-miny-m64-seed-0,community-on-postfix,0,-64,320,true,true,3465,256,block,copper,minecraft:deepslate_copper_ore,128,144,0,0.000000000
20260903-default-noop-check-community-on-postfix-miny-m64-seed-0,community-on-postfix,0,-64,320,true,true,3465,256,family,copper,,144,160,0,0.000000000
20260903-default-noop-check-community-on-postfix-miny-m64-seed-0,community-on-postfix,0,-64,320,true,true,3465,256,block,copper,minecraft:copper_ore,144,160,0,0.000000000
20260903-default-noop-check-community-on-postfix-miny-m64-seed-0,community-on-postfix,0,-64,320,true,true,3465,256,block,copper,minecraft:deepslate_copper_ore,144,160,0,0.000000000
20260903-default-noop-check-community-on-postfix-miny-m64-seed-0,community-on-postfix,0,-64,320,true,true,3465,256,family,copper,,160,176,0,0.000000000
20260903-default-noop-check-community-on-postfix-miny-m64-seed-0,community-on-postfix,0,-64,320,true,true,3465,256,block,copper,minecraft:copper_ore,160,176,0,0.000000000
20260903-default-noop-check-community-on-postfix-miny-m64-seed-0,community-on-postfix,0,-64,320,true,true,3465,256,block,copper,minecraft:deepslate_copper_ore,160,176,0,0.000000000
20260903-default-noop-check-community-on-postfix-miny-m64-seed-0,community-on-postfix,0,-64,320,true,true,3465,256,family,copper,,176,192,0,0.000000000
20260903-default-noop-check-community-on-postfix-miny-m64-seed-0,community-on-postfix,0,-64,320,true,true,3465,256,block,copper,minecraft:copper_ore,176,192,0,0.000000000
20260903-default-noop-check-community-on-postfix-miny-m64-seed-0,community-on-postfix,0,-64,320,true,true,3465,256,block,copper,minecraft:deepslate_copper_ore,176,192,0,0.000000000
20260903-default-noop-check-community-on-postfix-miny-m64-seed-0,community-on-postfix,0,-64,320,true,true,3465,256,family,copper,,192,208,0,0.000000000
20260903-default-noop-check-community-on-postfix-miny-m64-seed-0,community-on-postfix,0,-64,320,true,true,3465,256,block,copper,minecraft:copper_ore,192,208,0,0.000000000
20260903-default-noop-check-community-on-postfix-miny-m64-seed-0,community-on-postfix,0,-64,320,true,true,3465,256,block,copper,minecraft:deepslate_copper_ore,192,208,0,0.000000000
20260903-default-noop-check-community-on-postfix-miny-m64-seed-0,community-on-postfix,0,-64,320,true,true,3465,256,family,copper,,208,224,0,0.000000000
20260903-default-noop-check-community-on-postfix-miny-m64-seed-0,community-on-postfix,0,-64,320,true,true,3465,256,block,copper,minecraft:copper_ore,208,224,0,0.000000000
20260903-default-noop-check-community-on-postfix-miny-m64-seed-0,community-on-postfix,0,-64,320,true,true,3465,256,block,copper,minecraft:deepslate_copper_ore,208,224,0,0.000000000
20260903-default-noop-check-community-on-postfix-miny-m64-seed-0,community-on-postfix,0,-64,320,true,true,3465,256,family,copper,,224,240,0,0.000000000
20260903-default-noop-check-community-on-postfix-miny-m64-seed-0,community-on-postfix,0,-64,320,true,true,3465,256,block,copper,minecraft:copper_ore,224,240,0,0.000000000
20260903-default-noop-check-community-on-postfix-miny-m64-seed-0,community-on-postfix,0,-64,320,true,true,3465,256,block,copper,minecraft:deepslate_copper_ore,224,240,0,0.000000000
20260903-default-noop-check-community-on-postfix-miny-m64-seed-0,community-on-postfix,0,-64,320,true,true,3465,256,family,copper,,240,256,0,0.000000000
20260903-default-noop-check-community-on-postfix-miny-m64-seed-0,community-on-postfix,0,-64,320,true,true,3465,256,block,copper,minecraft:copper_ore,240,256,0,0.000000000
20260903-default-noop-check-community-on-postfix-miny-m64-seed-0,community-on-postfix,0,-64,320,true,true,3465,256,block,copper,minecraft:deepslate_copper_ore,240,256,0,0.000000000
20260903-default-noop-check-community-on-postfix-miny-m64-seed-0,community-on-postfix,0,-64,320,true,true,3465,256,family,copper,,256,272,0,0.000000000
20260903-default-noop-check-community-on-postfix-miny-m64-seed-0,community-on-postfix,0,-64,320,true,true,3465,256,block,copper,minecraft:copper_ore,256,272,0,0.000000000
20260903-default-noop-check-community-on-postfix-miny-m64-seed-0,community-on-postfix,0,-64,320,true,true,3465,256,block,copper,minecraft:deepslate_copper_ore,256,272,0,0.000000000
20260903-default-noop-check-community-on-postfix-miny-m64-seed-0,community-on-postfix,0,-64,320,true,true,3465,256,family,copper,,272,288,0,0.000000000
20260903-default-noop-check-community-on-postfix-miny-m64-seed-0,community-on-postfix,0,-64,320,true,true,3465,256,block,copper,minecraft:copper_ore,272,288,0,0.000000000
20260903-default-noop-check-community-on-postfix-miny-m64-seed-0,community-on-postfix,0,-64,320,true,true,3465,256,block,copper,minecraft:deepslate_copper_ore,272,288,0,0.000000000
20260903-default-noop-check-community-on-postfix-miny-m64-seed-0,community-on-postfix,0,-64,320,true,true,3465,256,family,copper,,288,304,0,0.000000000
20260903-default-noop-check-community-on-postfix-miny-m64-seed-0,community-on-postfix,0,-64,320,true,true,3465,256,block,copper,minecraft:copper_ore,288,304,0,0.000000000
20260903-default-noop-check-community-on-postfix-miny-m64-seed-0,community-on-postfix,0,-64,320,true,true,3465,256,block,copper,minecraft:deepslate_copper_ore,288,304,0,0.000000000
20260903-default-noop-check-community-on-postfix-miny-m64-seed-0,community-on-postfix,0,-64,320,true,true,3465,256,family,copper,,304,320,0,0.000000000
20260903-default-noop-check-community-on-postfix-miny-m64-seed-0,community-on-postfix,0,-64,320,true,true,3465,256,block,copper,minecraft:copper_ore,304,320,0,0.000000000
20260903-default-noop-check-community-on-postfix-miny-m64-seed-0,community-on-postfix,0,-64,320,true,true,3465,256,block,copper,minecraft:deepslate_copper_ore,304,320,0,0.000000000
20260903-default-noop-check-community-on-postfix-miny-m64-seed-0,community-on-postfix,0,-64,320,true,true,3465,256,family,gold,,-64,-48,913,3.566406250
20260903-default-noop-check-community-on-postfix-miny-m64-seed-0,community-on-postfix,0,-64,320,true,true,3465,256,block,gold,minecraft:gold_ore,-64,-48,0,0.000000000
20260903-default-noop-check-community-on-postfix-miny-m64-seed-0,community-on-postfix,0,-64,320,true,true,3465,256,block,gold,minecraft:deepslate_gold_ore,-64,-48,913,3.566406250
20260903-default-noop-check-community-on-postfix-miny-m64-seed-0,community-on-postfix,0,-64,320,true,true,3465,256,family,gold,,-48,-32,943,3.683593750
20260903-default-noop-check-community-on-postfix-miny-m64-seed-0,community-on-postfix,0,-64,320,true,true,3465,256,block,gold,minecraft:gold_ore,-48,-32,0,0.000000000
20260903-default-noop-check-community-on-postfix-miny-m64-seed-0,community-on-postfix,0,-64,320,true,true,3465,256,block,gold,minecraft:deepslate_gold_ore,-48,-32,943,3.683593750
20260903-default-noop-check-community-on-postfix-miny-m64-seed-0,community-on-postfix,0,-64,320,true,true,3465,256,family,gold,,-32,-16,1659,6.480468750
20260903-default-noop-check-community-on-postfix-miny-m64-seed-0,community-on-postfix,0,-64,320,true,true,3465,256,block,gold,minecraft:gold_ore,-32,-16,0,0.000000000
20260903-default-noop-check-community-on-postfix-miny-m64-seed-0,community-on-postfix,0,-64,320,true,true,3465,256,block,gold,minecraft:deepslate_gold_ore,-32,-16,1659,6.480468750
20260903-default-noop-check-community-on-postfix-miny-m64-seed-0,community-on-postfix,0,-64,320,true,true,3465,256,family,gold,,-16,0,1504,5.875000000
20260903-default-noop-check-community-on-postfix-miny-m64-seed-0,community-on-postfix,0,-64,320,true,true,3465,256,block,gold,minecraft:gold_ore,-16,0,17,0.066406250
20260903-default-noop-check-community-on-postfix-miny-m64-seed-0,community-on-postfix,0,-64,320,true,true,3465,256,block,gold,minecraft:deepslate_gold_ore,-16,0,1487,5.808593750
20260903-default-noop-check-community-on-postfix-miny-m64-seed-0,community-on-postfix,0,-64,320,true,true,3465,256,family,gold,,0,16,831,3.246093750
20260903-default-noop-check-community-on-postfix-miny-m64-seed-0,community-on-postfix,0,-64,320,true,true,3465,256,block,gold,minecraft:gold_ore,0,16,623,2.433593750
20260903-default-noop-check-community-on-postfix-miny-m64-seed-0,community-on-postfix,0,-64,320,true,true,3465,256,block,gold,minecraft:deepslate_gold_ore,0,16,208,0.812500000
20260903-default-noop-check-community-on-postfix-miny-m64-seed-0,community-on-postfix,0,-64,320,true,true,3465,256,family,gold,,16,32,242,0.945312500
20260903-default-noop-check-community-on-postfix-miny-m64-seed-0,community-on-postfix,0,-64,320,true,true,3465,256,block,gold,minecraft:gold_ore,16,32,242,0.945312500
20260903-default-noop-check-community-on-postfix-miny-m64-seed-0,community-on-postfix,0,-64,320,true,true,3465,256,block,gold,minecraft:deepslate_gold_ore,16,32,0,0.000000000
20260903-default-noop-check-community-on-postfix-miny-m64-seed-0,community-on-postfix,0,-64,320,true,true,3465,256,family,gold,,32,48,0,0.000000000
20260903-default-noop-check-community-on-postfix-miny-m64-seed-0,community-on-postfix,0,-64,320,true,true,3465,256,block,gold,minecraft:gold_ore,32,48,0,0.000000000
20260903-default-noop-check-community-on-postfix-miny-m64-seed-0,community-on-postfix,0,-64,320,true,true,3465,256,block,gold,minecraft:deepslate_gold_ore,32,48,0,0.000000000
20260903-default-noop-check-community-on-postfix-miny-m64-seed-0,community-on-postfix,0,-64,320,true,true,3465,256,family,gold,,48,64,0,0.000000000
20260903-default-noop-check-community-on-postfix-miny-m64-seed-0,community-on-postfix,0,-64,320,true,true,3465,256,block,gold,minecraft:gold_ore,48,64,0,0.000000000
20260903-default-noop-check-community-on-postfix-miny-m64-seed-0,community-on-postfix,0,-64,320,true,true,3465,256,block,gold,minecraft:deepslate_gold_ore,48,64,0,0.000000000
20260903-default-noop-check-community-on-postfix-miny-m64-seed-0,community-on-postfix,0,-64,320,true,true,3465,256,family,gold,,64,80,0,0.000000000
20260903-default-noop-check-community-on-postfix-miny-m64-seed-0,community-on-postfix,0,-64,320,true,true,3465,256,block,gold,minecraft:gold_ore,64,80,0,0.000000000
20260903-default-noop-check-community-on-postfix-miny-m64-seed-0,community-on-postfix,0,-64,320,true,true,3465,256,block,gold,minecraft:deepslate_gold_ore,64,80,0,0.000000000
20260903-default-noop-check-community-on-postfix-miny-m64-seed-0,community-on-postfix,0,-64,320,true,true,3465,256,family,gold,,80,96,0,0.000000000
20260903-default-noop-check-community-on-postfix-miny-m64-seed-0,community-on-postfix,0,-64,320,true,true,3465,256,block,gold,minecraft:gold_ore,80,96,0,0.000000000
20260903-default-noop-check-community-on-postfix-miny-m64-seed-0,community-on-postfix,0,-64,320,true,true,3465,256,block,gold,minecraft:deepslate_gold_ore,80,96,0,0.000000000
20260903-default-noop-check-community-on-postfix-miny-m64-seed-0,community-on-postfix,0,-64,320,true,true,3465,256,family,gold,,96,112,0,0.000000000
20260903-default-noop-check-community-on-postfix-miny-m64-seed-0,community-on-postfix,0,-64,320,true,true,3465,256,block,gold,minecraft:gold_ore,96,112,0,0.000000000
20260903-default-noop-check-community-on-postfix-miny-m64-seed-0,community-on-postfix,0,-64,320,true,true,3465,256,block,gold,minecraft:deepslate_gold_ore,96,112,0,0.000000000
20260903-default-noop-check-community-on-postfix-miny-m64-seed-0,community-on-postfix,0,-64,320,true,true,3465,256,family,gold,,112,128,0,0.000000000
20260903-default-noop-check-community-on-postfix-miny-m64-seed-0,community-on-postfix,0,-64,320,true,true,3465,256,block,gold,minecraft:gold_ore,112,128,0,0.000000000
20260903-default-noop-check-community-on-postfix-miny-m64-seed-0,community-on-postfix,0,-64,320,true,true,3465,256,block,gold,minecraft:deepslate_gold_ore,112,128,0,0.000000000
20260903-default-noop-check-community-on-postfix-miny-m64-seed-0,community-on-postfix,0,-64,320,true,true,3465,256,family,gold,,128,144,0,0.000000000
20260903-default-noop-check-community-on-postfix-miny-m64-seed-0,community-on-postfix,0,-64,320,true,true,3465,256,block,gold,minecraft:gold_ore,128,144,0,0.000000000
20260903-default-noop-check-community-on-postfix-miny-m64-seed-0,community-on-postfix,0,-64,320,true,true,3465,256,block,gold,minecraft:deepslate_gold_ore,128,144,0,0.000000000
20260903-default-noop-check-community-on-postfix-miny-m64-seed-0,community-on-postfix,0,-64,320,true,true,3465,256,family,gold,,144,160,0,0.000000000
20260903-default-noop-check-community-on-postfix-miny-m64-seed-0,community-on-postfix,0,-64,320,true,true,3465,256,block,gold,minecraft:gold_ore,144,160,0,0.000000000
20260903-default-noop-check-community-on-postfix-miny-m64-seed-0,community-on-postfix,0,-64,320,true,true,3465,256,block,gold,minecraft:deepslate_gold_ore,144,160,0,0.000000000
20260903-default-noop-check-community-on-postfix-miny-m64-seed-0,community-on-postfix,0,-64,320,true,true,3465,256,family,gold,,160,176,0,0.000000000
20260903-default-noop-check-community-on-postfix-miny-m64-seed-0,community-on-postfix,0,-64,320,true,true,3465,256,block,gold,minecraft:gold_ore,160,176,0,0.000000000
20260903-default-noop-check-community-on-postfix-miny-m64-seed-0,community-on-postfix,0,-64,320,true,true,3465,256,block,gold,minecraft:deepslate_gold_ore,160,176,0,0.000000000
20260903-default-noop-check-community-on-postfix-miny-m64-seed-0,community-on-postfix,0,-64,320,true,true,3465,256,family,gold,,176,192,0,0.000000000
20260903-default-noop-check-community-on-postfix-miny-m64-seed-0,community-on-postfix,0,-64,320,true,true,3465,256,block,gold,minecraft:gold_ore,176,192,0,0.000000000
20260903-default-noop-check-community-on-postfix-miny-m64-seed-0,community-on-postfix,0,-64,320,true,true,3465,256,block,gold,minecraft:deepslate_gold_ore,176,192,0,0.000000000
20260903-default-noop-check-community-on-postfix-miny-m64-seed-0,community-on-postfix,0,-64,320,true,true,3465,256,family,gold,,192,208,0,0.000000000
20260903-default-noop-check-community-on-postfix-miny-m64-seed-0,community-on-postfix,0,-64,320,true,true,3465,256,block,gold,minecraft:gold_ore,192,208,0,0.000000000
20260903-default-noop-check-community-on-postfix-miny-m64-seed-0,community-on-postfix,0,-64,320,true,true,3465,256,block,gold,minecraft:deepslate_gold_ore,192,208,0,0.000000000
20260903-default-noop-check-community-on-postfix-miny-m64-seed-0,community-on-postfix,0,-64,320,true,true,3465,256,family,gold,,208,224,0,0.000000000
20260903-default-noop-check-community-on-postfix-miny-m64-seed-0,community-on-postfix,0,-64,320,true,true,3465,256,block,gold,minecraft:gold_ore,208,224,0,0.000000000
20260903-default-noop-check-community-on-postfix-miny-m64-seed-0,community-on-postfix,0,-64,320,true,true,3465,256,block,gold,minecraft:deepslate_gold_ore,208,224,0,0.000000000
20260903-default-noop-check-community-on-postfix-miny-m64-seed-0,community-on-postfix,0,-64,320,true,true,3465,256,family,gold,,224,240,0,0.000000000
20260903-default-noop-check-community-on-postfix-miny-m64-seed-0,community-on-postfix,0,-64,320,true,true,3465,256,block,gold,minecraft:gold_ore,224,240,0,0.000000000
20260903-default-noop-check-community-on-postfix-miny-m64-seed-0,community-on-postfix,0,-64,320,true,true,3465,256,block,gold,minecraft:deepslate_gold_ore,224,240,0,0.000000000
20260903-default-noop-check-community-on-postfix-miny-m64-seed-0,community-on-postfix,0,-64,320,true,true,3465,256,family,gold,,240,256,0,0.000000000
20260903-default-noop-check-community-on-postfix-miny-m64-seed-0,community-on-postfix,0,-64,320,true,true,3465,256,block,gold,minecraft:gold_ore,240,256,0,0.000000000
20260903-default-noop-check-community-on-postfix-miny-m64-seed-0,community-on-postfix,0,-64,320,true,true,3465,256,block,gold,minecraft:deepslate_gold_ore,240,256,0,0.000000000
20260903-default-noop-check-community-on-postfix-miny-m64-seed-0,community-on-postfix,0,-64,320,true,true,3465,256,family,gold,,256,272,0,0.000000000
20260903-default-noop-check-community-on-postfix-miny-m64-seed-0,community-on-postfix,0,-64,320,true,true,3465,256,block,gold,minecraft:gold_ore,256,272,0,0.000000000
20260903-default-noop-check-community-on-postfix-miny-m64-seed-0,community-on-postfix,0,-64,320,true,true,3465,256,block,gold,minecraft:deepslate_gold_ore,256,272,0,0.000000000
20260903-default-noop-check-community-on-postfix-miny-m64-seed-0,community-on-postfix,0,-64,320,true,true,3465,256,family,gold,,272,288,0,0.000000000
20260903-default-noop-check-community-on-postfix-miny-m64-seed-0,community-on-postfix,0,-64,320,true,true,3465,256,block,gold,minecraft:gold_ore,272,288,0,0.000000000
20260903-default-noop-check-community-on-postfix-miny-m64-seed-0,community-on-postfix,0,-64,320,true,true,3465,256,block,gold,minecraft:deepslate_gold_ore,272,288,0,0.000000000
20260903-default-noop-check-community-on-postfix-miny-m64-seed-0,community-on-postfix,0,-64,320,true,true,3465,256,family,gold,,288,304,0,0.000000000
20260903-default-noop-check-community-on-postfix-miny-m64-seed-0,community-on-postfix,0,-64,320,true,true,3465,256,block,gold,minecraft:gold_ore,288,304,0,0.000000000
20260903-default-noop-check-community-on-postfix-miny-m64-seed-0,community-on-postfix,0,-64,320,true,true,3465,256,block,gold,minecraft:deepslate_gold_ore,288,304,0,0.000000000
20260903-default-noop-check-community-on-postfix-miny-m64-seed-0,community-on-postfix,0,-64,320,true,true,3465,256,family,gold,,304,320,0,0.000000000
20260903-default-noop-check-community-on-postfix-miny-m64-seed-0,community-on-postfix,0,-64,320,true,true,3465,256,block,gold,minecraft:gold_ore,304,320,0,0.000000000
20260903-default-noop-check-community-on-postfix-miny-m64-seed-0,community-on-postfix,0,-64,320,true,true,3465,256,block,gold,minecraft:deepslate_gold_ore,304,320,0,0.000000000
20260903-default-noop-check-community-on-postfix-miny-m64-seed-0,community-on-postfix,0,-64,320,true,true,3465,256,family,redstone,,-64,-48,3801,14.847656250
20260903-default-noop-check-community-on-postfix-miny-m64-seed-0,community-on-postfix,0,-64,320,true,true,3465,256,block,redstone,minecraft:redstone_ore,-64,-48,0,0.000000000
20260903-default-noop-check-community-on-postfix-miny-m64-seed-0,community-on-postfix,0,-64,320,true,true,3465,256,block,redstone,minecraft:deepslate_redstone_ore,-64,-48,3801,14.847656250
20260903-default-noop-check-community-on-postfix-miny-m64-seed-0,community-on-postfix,0,-64,320,true,true,3465,256,family,redstone,,-48,-32,1963,7.667968750
20260903-default-noop-check-community-on-postfix-miny-m64-seed-0,community-on-postfix,0,-64,320,true,true,3465,256,block,redstone,minecraft:redstone_ore,-48,-32,0,0.000000000
20260903-default-noop-check-community-on-postfix-miny-m64-seed-0,community-on-postfix,0,-64,320,true,true,3465,256,block,redstone,minecraft:deepslate_redstone_ore,-48,-32,1963,7.667968750
20260903-default-noop-check-community-on-postfix-miny-m64-seed-0,community-on-postfix,0,-64,320,true,true,3465,256,family,redstone,,-32,-16,907,3.542968750
20260903-default-noop-check-community-on-postfix-miny-m64-seed-0,community-on-postfix,0,-64,320,true,true,3465,256,block,redstone,minecraft:redstone_ore,-32,-16,0,0.000000000
20260903-default-noop-check-community-on-postfix-miny-m64-seed-0,community-on-postfix,0,-64,320,true,true,3465,256,block,redstone,minecraft:deepslate_redstone_ore,-32,-16,907,3.542968750
20260903-default-noop-check-community-on-postfix-miny-m64-seed-0,community-on-postfix,0,-64,320,true,true,3465,256,family,redstone,,-16,0,997,3.894531250
20260903-default-noop-check-community-on-postfix-miny-m64-seed-0,community-on-postfix,0,-64,320,true,true,3465,256,block,redstone,minecraft:redstone_ore,-16,0,11,0.042968750
20260903-default-noop-check-community-on-postfix-miny-m64-seed-0,community-on-postfix,0,-64,320,true,true,3465,256,block,redstone,minecraft:deepslate_redstone_ore,-16,0,986,3.851562500
20260903-default-noop-check-community-on-postfix-miny-m64-seed-0,community-on-postfix,0,-64,320,true,true,3465,256,family,redstone,,0,16,815,3.183593750
20260903-default-noop-check-community-on-postfix-miny-m64-seed-0,community-on-postfix,0,-64,320,true,true,3465,256,block,redstone,minecraft:redstone_ore,0,16,611,2.386718750
20260903-default-noop-check-community-on-postfix-miny-m64-seed-0,community-on-postfix,0,-64,320,true,true,3465,256,block,redstone,minecraft:deepslate_redstone_ore,0,16,204,0.796875000
20260903-default-noop-check-community-on-postfix-miny-m64-seed-0,community-on-postfix,0,-64,320,true,true,3465,256,family,redstone,,16,32,0,0.000000000
20260903-default-noop-check-community-on-postfix-miny-m64-seed-0,community-on-postfix,0,-64,320,true,true,3465,256,block,redstone,minecraft:redstone_ore,16,32,0,0.000000000
20260903-default-noop-check-community-on-postfix-miny-m64-seed-0,community-on-postfix,0,-64,320,true,true,3465,256,block,redstone,minecraft:deepslate_redstone_ore,16,32,0,0.000000000
20260903-default-noop-check-community-on-postfix-miny-m64-seed-0,community-on-postfix,0,-64,320,true,true,3465,256,family,redstone,,32,48,0,0.000000000
20260903-default-noop-check-community-on-postfix-miny-m64-seed-0,community-on-postfix,0,-64,320,true,true,3465,256,block,redstone,minecraft:redstone_ore,32,48,0,0.000000000
20260903-default-noop-check-community-on-postfix-miny-m64-seed-0,community-on-postfix,0,-64,320,true,true,3465,256,block,redstone,minecraft:deepslate_redstone_ore,32,48,0,0.000000000
20260903-default-noop-check-community-on-postfix-miny-m64-seed-0,community-on-postfix,0,-64,320,true,true,3465,256,family,redstone,,48,64,0,0.000000000
20260903-default-noop-check-community-on-postfix-miny-m64-seed-0,community-on-postfix,0,-64,320,true,true,3465,256,block,redstone,minecraft:redstone_ore,48,64,0,0.000000000
20260903-default-noop-check-community-on-postfix-miny-m64-seed-0,community-on-postfix,0,-64,320,true,true,3465,256,block,redstone,minecraft:deepslate_redstone_ore,48,64,0,0.000000000
20260903-default-noop-check-community-on-postfix-miny-m64-seed-0,community-on-postfix,0,-64,320,true,true,3465,256,family,redstone,,64,80,0,0.000000000
20260903-default-noop-check-community-on-postfix-miny-m64-seed-0,community-on-postfix,0,-64,320,true,true,3465,256,block,redstone,minecraft:redstone_ore,64,80,0,0.000000000
20260903-default-noop-check-community-on-postfix-miny-m64-seed-0,community-on-postfix,0,-64,320,true,true,3465,256,block,redstone,minecraft:deepslate_redstone_ore,64,80,0,0.000000000
20260903-default-noop-check-community-on-postfix-miny-m64-seed-0,community-on-postfix,0,-64,320,true,true,3465,256,family,redstone,,80,96,0,0.000000000
20260903-default-noop-check-community-on-postfix-miny-m64-seed-0,community-on-postfix,0,-64,320,true,true,3465,256,block,redstone,minecraft:redstone_ore,80,96,0,0.000000000
20260903-default-noop-check-community-on-postfix-miny-m64-seed-0,community-on-postfix,0,-64,320,true,true,3465,256,block,redstone,minecraft:deepslate_redstone_ore,80,96,0,0.000000000
20260903-default-noop-check-community-on-postfix-miny-m64-seed-0,community-on-postfix,0,-64,320,true,true,3465,256,family,redstone,,96,112,0,0.000000000
20260903-default-noop-check-community-on-postfix-miny-m64-seed-0,community-on-postfix,0,-64,320,true,true,3465,256,block,redstone,minecraft:redstone_ore,96,112,0,0.000000000
20260903-default-noop-check-community-on-postfix-miny-m64-seed-0,community-on-postfix,0,-64,320,true,true,3465,256,block,redstone,minecraft:deepslate_redstone_ore,96,112,0,0.000000000
20260903-default-noop-check-community-on-postfix-miny-m64-seed-0,community-on-postfix,0,-64,320,true,true,3465,256,family,redstone,,112,128,0,0.000000000
20260903-default-noop-check-community-on-postfix-miny-m64-seed-0,community-on-postfix,0,-64,320,true,true,3465,256,block,redstone,minecraft:redstone_ore,112,128,0,0.000000000
20260903-default-noop-check-community-on-postfix-miny-m64-seed-0,community-on-postfix,0,-64,320,true,true,3465,256,block,redstone,minecraft:deepslate_redstone_ore,112,128,0,0.000000000
20260903-default-noop-check-community-on-postfix-miny-m64-seed-0,community-on-postfix,0,-64,320,true,true,3465,256,family,redstone,,128,144,0,0.000000000
20260903-default-noop-check-community-on-postfix-miny-m64-seed-0,community-on-postfix,0,-64,320,true,true,3465,256,block,redstone,minecraft:redstone_ore,128,144,0,0.000000000
20260903-default-noop-check-community-on-postfix-miny-m64-seed-0,community-on-postfix,0,-64,320,true,true,3465,256,block,redstone,minecraft:deepslate_redstone_ore,128,144,0,0.000000000
20260903-default-noop-check-community-on-postfix-miny-m64-seed-0,community-on-postfix,0,-64,320,true,true,3465,256,family,redstone,,144,160,0,0.000000000
20260903-default-noop-check-community-on-postfix-miny-m64-seed-0,community-on-postfix,0,-64,320,true,true,3465,256,block,redstone,minecraft:redstone_ore,144,160,0,0.000000000
20260903-default-noop-check-community-on-postfix-miny-m64-seed-0,community-on-postfix,0,-64,320,true,true,3465,256,block,redstone,minecraft:deepslate_redstone_ore,144,160,0,0.000000000
20260903-default-noop-check-community-on-postfix-miny-m64-seed-0,community-on-postfix,0,-64,320,true,true,3465,256,family,redstone,,160,176,0,0.000000000
20260903-default-noop-check-community-on-postfix-miny-m64-seed-0,community-on-postfix,0,-64,320,true,true,3465,256,block,redstone,minecraft:redstone_ore,160,176,0,0.000000000
20260903-default-noop-check-community-on-postfix-miny-m64-seed-0,community-on-postfix,0,-64,320,true,true,3465,256,block,redstone,minecraft:deepslate_redstone_ore,160,176,0,0.000000000
20260903-default-noop-check-community-on-postfix-miny-m64-seed-0,community-on-postfix,0,-64,320,true,true,3465,256,family,redstone,,176,192,0,0.000000000
20260903-default-noop-check-community-on-postfix-miny-m64-seed-0,community-on-postfix,0,-64,320,true,true,3465,256,block,redstone,minecraft:redstone_ore,176,192,0,0.000000000
20260903-default-noop-check-community-on-postfix-miny-m64-seed-0,community-on-postfix,0,-64,320,true,true,3465,256,block,redstone,minecraft:deepslate_redstone_ore,176,192,0,0.000000000
20260903-default-noop-check-community-on-postfix-miny-m64-seed-0,community-on-postfix,0,-64,320,true,true,3465,256,family,redstone,,192,208,0,0.000000000
20260903-default-noop-check-community-on-postfix-miny-m64-seed-0,community-on-postfix,0,-64,320,true,true,3465,256,block,redstone,minecraft:redstone_ore,192,208,0,0.000000000
20260903-default-noop-check-community-on-postfix-miny-m64-seed-0,community-on-postfix,0,-64,320,true,true,3465,256,block,redstone,minecraft:deepslate_redstone_ore,192,208,0,0.000000000
20260903-default-noop-check-community-on-postfix-miny-m64-seed-0,community-on-postfix,0,-64,320,true,true,3465,256,family,redstone,,208,224,0,0.000000000
20260903-default-noop-check-community-on-postfix-miny-m64-seed-0,community-on-postfix,0,-64,320,true,true,3465,256,block,redstone,minecraft:redstone_ore,208,224,0,0.000000000
20260903-default-noop-check-community-on-postfix-miny-m64-seed-0,community-on-postfix,0,-64,320,true,true,3465,256,block,redstone,minecraft:deepslate_redstone_ore,208,224,0,0.000000000
20260903-default-noop-check-community-on-postfix-miny-m64-seed-0,community-on-postfix,0,-64,320,true,true,3465,256,family,redstone,,224,240,0,0.000000000
20260903-default-noop-check-community-on-postfix-miny-m64-seed-0,community-on-postfix,0,-64,320,true,true,3465,256,block,redstone,minecraft:redstone_ore,224,240,0,0.000000000
20260903-default-noop-check-community-on-postfix-miny-m64-seed-0,community-on-postfix,0,-64,320,true,true,3465,256,block,redstone,minecraft:deepslate_redstone_ore,224,240,0,0.000000000
20260903-default-noop-check-community-on-postfix-miny-m64-seed-0,community-on-postfix,0,-64,320,true,true,3465,256,family,redstone,,240,256,0,0.000000000
20260903-default-noop-check-community-on-postfix-miny-m64-seed-0,community-on-postfix,0,-64,320,true,true,3465,256,block,redstone,minecraft:redstone_ore,240,256,0,0.000000000
20260903-default-noop-check-community-on-postfix-miny-m64-seed-0,community-on-postfix,0,-64,320,true,true,3465,256,block,redstone,minecraft:deepslate_redstone_ore,240,256,0,0.000000000
20260903-default-noop-check-community-on-postfix-miny-m64-seed-0,community-on-postfix,0,-64,320,true,true,3465,256,family,redstone,,256,272,0,0.000000000
20260903-default-noop-check-community-on-postfix-miny-m64-seed-0,community-on-postfix,0,-64,320,true,true,3465,256,block,redstone,minecraft:redstone_ore,256,272,0,0.000000000
20260903-default-noop-check-community-on-postfix-miny-m64-seed-0,community-on-postfix,0,-64,320,true,true,3465,256,block,redstone,minecraft:deepslate_redstone_ore,256,272,0,0.000000000
20260903-default-noop-check-community-on-postfix-miny-m64-seed-0,community-on-postfix,0,-64,320,true,true,3465,256,family,redstone,,272,288,0,0.000000000
20260903-default-noop-check-community-on-postfix-miny-m64-seed-0,community-on-postfix,0,-64,320,true,true,3465,256,block,redstone,minecraft:redstone_ore,272,288,0,0.000000000
20260903-default-noop-check-community-on-postfix-miny-m64-seed-0,community-on-postfix,0,-64,320,true,true,3465,256,block,redstone,minecraft:deepslate_redstone_ore,272,288,0,0.000000000
20260903-default-noop-check-community-on-postfix-miny-m64-seed-0,community-on-postfix,0,-64,320,true,true,3465,256,family,redstone,,288,304,0,0.000000000
20260903-default-noop-check-community-on-postfix-miny-m64-seed-0,community-on-postfix,0,-64,320,true,true,3465,256,block,redstone,minecraft:redstone_ore,288,304,0,0.000000000
20260903-default-noop-check-community-on-postfix-miny-m64-seed-0,community-on-postfix,0,-64,320,true,true,3465,256,block,redstone,minecraft:deepslate_redstone_ore,288,304,0,0.000000000
20260903-default-noop-check-community-on-postfix-miny-m64-seed-0,community-on-postfix,0,-64,320,true,true,3465,256,family,redstone,,304,320,0,0.000000000
20260903-default-noop-check-community-on-postfix-miny-m64-seed-0,community-on-postfix,0,-64,320,true,true,3465,256,block,redstone,minecraft:redstone_ore,304,320,0,0.000000000
20260903-default-noop-check-community-on-postfix-miny-m64-seed-0,community-on-postfix,0,-64,320,true,true,3465,256,block,redstone,minecraft:deepslate_redstone_ore,304,320,0,0.000000000
20260903-default-noop-check-community-on-postfix-miny-m64-seed-0,community-on-postfix,0,-64,320,true,true,3465,256,family,lapis,,-64,-48,423,1.652343750
20260903-default-noop-check-community-on-postfix-miny-m64-seed-0,community-on-postfix,0,-64,320,true,true,3465,256,block,lapis,minecraft:lapis_ore,-64,-48,0,0.000000000
20260903-default-noop-check-community-on-postfix-miny-m64-seed-0,community-on-postfix,0,-64,320,true,true,3465,256,block,lapis,minecraft:deepslate_lapis_ore,-64,-48,423,1.652343750
20260903-default-noop-check-community-on-postfix-miny-m64-seed-0,community-on-postfix,0,-64,320,true,true,3465,256,family,lapis,,-48,-32,454,1.773437500
20260903-default-noop-check-community-on-postfix-miny-m64-seed-0,community-on-postfix,0,-64,320,true,true,3465,256,block,lapis,minecraft:lapis_ore,-48,-32,0,0.000000000
20260903-default-noop-check-community-on-postfix-miny-m64-seed-0,community-on-postfix,0,-64,320,true,true,3465,256,block,lapis,minecraft:deepslate_lapis_ore,-48,-32,454,1.773437500
20260903-default-noop-check-community-on-postfix-miny-m64-seed-0,community-on-postfix,0,-64,320,true,true,3465,256,family,lapis,,-32,-16,859,3.355468750
20260903-default-noop-check-community-on-postfix-miny-m64-seed-0,community-on-postfix,0,-64,320,true,true,3465,256,block,lapis,minecraft:lapis_ore,-32,-16,0,0.000000000
20260903-default-noop-check-community-on-postfix-miny-m64-seed-0,community-on-postfix,0,-64,320,true,true,3465,256,block,lapis,minecraft:deepslate_lapis_ore,-32,-16,859,3.355468750
20260903-default-noop-check-community-on-postfix-miny-m64-seed-0,community-on-postfix,0,-64,320,true,true,3465,256,family,lapis,,-16,0,1244,4.859375000
20260903-default-noop-check-community-on-postfix-miny-m64-seed-0,community-on-postfix,0,-64,320,true,true,3465,256,block,lapis,minecraft:lapis_ore,-16,0,13,0.050781250
20260903-default-noop-check-community-on-postfix-miny-m64-seed-0,community-on-postfix,0,-64,320,true,true,3465,256,block,lapis,minecraft:deepslate_lapis_ore,-16,0,1231,4.808593750
20260903-default-noop-check-community-on-postfix-miny-m64-seed-0,community-on-postfix,0,-64,320,true,true,3465,256,family,lapis,,0,16,1109,4.332031250
20260903-default-noop-check-community-on-postfix-miny-m64-seed-0,community-on-postfix,0,-64,320,true,true,3465,256,block,lapis,minecraft:lapis_ore,0,16,819,3.199218750
20260903-default-noop-check-community-on-postfix-miny-m64-seed-0,community-on-postfix,0,-64,320,true,true,3465,256,block,lapis,minecraft:deepslate_lapis_ore,0,16,290,1.132812500
20260903-default-noop-check-community-on-postfix-miny-m64-seed-0,community-on-postfix,0,-64,320,true,true,3465,256,family,lapis,,16,32,675,2.636718750
20260903-default-noop-check-community-on-postfix-miny-m64-seed-0,community-on-postfix,0,-64,320,true,true,3465,256,block,lapis,minecraft:lapis_ore,16,32,675,2.636718750
20260903-default-noop-check-community-on-postfix-miny-m64-seed-0,community-on-postfix,0,-64,320,true,true,3465,256,block,lapis,minecraft:deepslate_lapis_ore,16,32,0,0.000000000
20260903-default-noop-check-community-on-postfix-miny-m64-seed-0,community-on-postfix,0,-64,320,true,true,3465,256,family,lapis,,32,48,136,0.531250000
20260903-default-noop-check-community-on-postfix-miny-m64-seed-0,community-on-postfix,0,-64,320,true,true,3465,256,block,lapis,minecraft:lapis_ore,32,48,136,0.531250000
20260903-default-noop-check-community-on-postfix-miny-m64-seed-0,community-on-postfix,0,-64,320,true,true,3465,256,block,lapis,minecraft:deepslate_lapis_ore,32,48,0,0.000000000
20260903-default-noop-check-community-on-postfix-miny-m64-seed-0,community-on-postfix,0,-64,320,true,true,3465,256,family,lapis,,48,64,10,0.039062500
20260903-default-noop-check-community-on-postfix-miny-m64-seed-0,community-on-postfix,0,-64,320,true,true,3465,256,block,lapis,minecraft:lapis_ore,48,64,10,0.039062500
20260903-default-noop-check-community-on-postfix-miny-m64-seed-0,community-on-postfix,0,-64,320,true,true,3465,256,block,lapis,minecraft:deepslate_lapis_ore,48,64,0,0.000000000
20260903-default-noop-check-community-on-postfix-miny-m64-seed-0,community-on-postfix,0,-64,320,true,true,3465,256,family,lapis,,64,80,0,0.000000000
20260903-default-noop-check-community-on-postfix-miny-m64-seed-0,community-on-postfix,0,-64,320,true,true,3465,256,block,lapis,minecraft:lapis_ore,64,80,0,0.000000000
20260903-default-noop-check-community-on-postfix-miny-m64-seed-0,community-on-postfix,0,-64,320,true,true,3465,256,block,lapis,minecraft:deepslate_lapis_ore,64,80,0,0.000000000
20260903-default-noop-check-community-on-postfix-miny-m64-seed-0,community-on-postfix,0,-64,320,true,true,3465,256,family,lapis,,80,96,0,0.000000000
20260903-default-noop-check-community-on-postfix-miny-m64-seed-0,community-on-postfix,0,-64,320,true,true,3465,256,block,lapis,minecraft:lapis_ore,80,96,0,0.000000000
20260903-default-noop-check-community-on-postfix-miny-m64-seed-0,community-on-postfix,0,-64,320,true,true,3465,256,block,lapis,minecraft:deepslate_lapis_ore,80,96,0,0.000000000
20260903-default-noop-check-community-on-postfix-miny-m64-seed-0,community-on-postfix,0,-64,320,true,true,3465,256,family,lapis,,96,112,0,0.000000000
20260903-default-noop-check-community-on-postfix-miny-m64-seed-0,community-on-postfix,0,-64,320,true,true,3465,256,block,lapis,minecraft:lapis_ore,96,112,0,0.000000000
20260903-default-noop-check-community-on-postfix-miny-m64-seed-0,community-on-postfix,0,-64,320,true,true,3465,256,block,lapis,minecraft:deepslate_lapis_ore,96,112,0,0.000000000
20260903-default-noop-check-community-on-postfix-miny-m64-seed-0,community-on-postfix,0,-64,320,true,true,3465,256,family,lapis,,112,128,0,0.000000000
20260903-default-noop-check-community-on-postfix-miny-m64-seed-0,community-on-postfix,0,-64,320,true,true,3465,256,block,lapis,minecraft:lapis_ore,112,128,0,0.000000000
20260903-default-noop-check-community-on-postfix-miny-m64-seed-0,community-on-postfix,0,-64,320,true,true,3465,256,block,lapis,minecraft:deepslate_lapis_ore,112,128,0,0.000000000
20260903-default-noop-check-community-on-postfix-miny-m64-seed-0,community-on-postfix,0,-64,320,true,true,3465,256,family,lapis,,128,144,0,0.000000000
20260903-default-noop-check-community-on-postfix-miny-m64-seed-0,community-on-postfix,0,-64,320,true,true,3465,256,block,lapis,minecraft:lapis_ore,128,144,0,0.000000000
20260903-default-noop-check-community-on-postfix-miny-m64-seed-0,community-on-postfix,0,-64,320,true,true,3465,256,block,lapis,minecraft:deepslate_lapis_ore,128,144,0,0.000000000
20260903-default-noop-check-community-on-postfix-miny-m64-seed-0,community-on-postfix,0,-64,320,true,true,3465,256,family,lapis,,144,160,0,0.000000000
20260903-default-noop-check-community-on-postfix-miny-m64-seed-0,community-on-postfix,0,-64,320,true,true,3465,256,block,lapis,minecraft:lapis_ore,144,160,0,0.000000000
20260903-default-noop-check-community-on-postfix-miny-m64-seed-0,community-on-postfix,0,-64,320,true,true,3465,256,block,lapis,minecraft:deepslate_lapis_ore,144,160,0,0.000000000
20260903-default-noop-check-community-on-postfix-miny-m64-seed-0,community-on-postfix,0,-64,320,true,true,3465,256,family,lapis,,160,176,0,0.000000000
20260903-default-noop-check-community-on-postfix-miny-m64-seed-0,community-on-postfix,0,-64,320,true,true,3465,256,block,lapis,minecraft:lapis_ore,160,176,0,0.000000000
20260903-default-noop-check-community-on-postfix-miny-m64-seed-0,community-on-postfix,0,-64,320,true,true,3465,256,block,lapis,minecraft:deepslate_lapis_ore,160,176,0,0.000000000
20260903-default-noop-check-community-on-postfix-miny-m64-seed-0,community-on-postfix,0,-64,320,true,true,3465,256,family,lapis,,176,192,0,0.000000000
20260903-default-noop-check-community-on-postfix-miny-m64-seed-0,community-on-postfix,0,-64,320,true,true,3465,256,block,lapis,minecraft:lapis_ore,176,192,0,0.000000000
20260903-default-noop-check-community-on-postfix-miny-m64-seed-0,community-on-postfix,0,-64,320,true,true,3465,256,block,lapis,minecraft:deepslate_lapis_ore,176,192,0,0.000000000
20260903-default-noop-check-community-on-postfix-miny-m64-seed-0,community-on-postfix,0,-64,320,true,true,3465,256,family,lapis,,192,208,0,0.000000000
20260903-default-noop-check-community-on-postfix-miny-m64-seed-0,community-on-postfix,0,-64,320,true,true,3465,256,block,lapis,minecraft:lapis_ore,192,208,0,0.000000000
20260903-default-noop-check-community-on-postfix-miny-m64-seed-0,community-on-postfix,0,-64,320,true,true,3465,256,block,lapis,minecraft:deepslate_lapis_ore,192,208,0,0.000000000
20260903-default-noop-check-community-on-postfix-miny-m64-seed-0,community-on-postfix,0,-64,320,true,true,3465,256,family,lapis,,208,224,0,0.000000000
20260903-default-noop-check-community-on-postfix-miny-m64-seed-0,community-on-postfix,0,-64,320,true,true,3465,256,block,lapis,minecraft:lapis_ore,208,224,0,0.000000000
20260903-default-noop-check-community-on-postfix-miny-m64-seed-0,community-on-postfix,0,-64,320,true,true,3465,256,block,lapis,minecraft:deepslate_lapis_ore,208,224,0,0.000000000
20260903-default-noop-check-community-on-postfix-miny-m64-seed-0,community-on-postfix,0,-64,320,true,true,3465,256,family,lapis,,224,240,0,0.000000000
20260903-default-noop-check-community-on-postfix-miny-m64-seed-0,community-on-postfix,0,-64,320,true,true,3465,256,block,lapis,minecraft:lapis_ore,224,240,0,0.000000000
20260903-default-noop-check-community-on-postfix-miny-m64-seed-0,community-on-postfix,0,-64,320,true,true,3465,256,block,lapis,minecraft:deepslate_lapis_ore,224,240,0,0.000000000
20260903-default-noop-check-community-on-postfix-miny-m64-seed-0,community-on-postfix,0,-64,320,true,true,3465,256,family,lapis,,240,256,0,0.000000000
20260903-default-noop-check-community-on-postfix-miny-m64-seed-0,community-on-postfix,0,-64,320,true,true,3465,256,block,lapis,minecraft:lapis_ore,240,256,0,0.000000000
20260903-default-noop-check-community-on-postfix-miny-m64-seed-0,community-on-postfix,0,-64,320,true,true,3465,256,block,lapis,minecraft:deepslate_lapis_ore,240,256,0,0.000000000
20260903-default-noop-check-community-on-postfix-miny-m64-seed-0,community-on-postfix,0,-64,320,true,true,3465,256,family,lapis,,256,272,0,0.000000000
20260903-default-noop-check-community-on-postfix-miny-m64-seed-0,community-on-postfix,0,-64,320,true,true,3465,256,block,lapis,minecraft:lapis_ore,256,272,0,0.000000000
20260903-default-noop-check-community-on-postfix-miny-m64-seed-0,community-on-postfix,0,-64,320,true,true,3465,256,block,lapis,minecraft:deepslate_lapis_ore,256,272,0,0.000000000
20260903-default-noop-check-community-on-postfix-miny-m64-seed-0,community-on-postfix,0,-64,320,true,true,3465,256,family,lapis,,272,288,0,0.000000000
20260903-default-noop-check-community-on-postfix-miny-m64-seed-0,community-on-postfix,0,-64,320,true,true,3465,256,block,lapis,minecraft:lapis_ore,272,288,0,0.000000000
20260903-default-noop-check-community-on-postfix-miny-m64-seed-0,community-on-postfix,0,-64,320,true,true,3465,256,block,lapis,minecraft:deepslate_lapis_ore,272,288,0,0.000000000
20260903-default-noop-check-community-on-postfix-miny-m64-seed-0,community-on-postfix,0,-64,320,true,true,3465,256,family,lapis,,288,304,0,0.000000000
20260903-default-noop-check-community-on-postfix-miny-m64-seed-0,community-on-postfix,0,-64,320,true,true,3465,256,block,lapis,minecraft:lapis_ore,288,304,0,0.000000000
20260903-default-noop-check-community-on-postfix-miny-m64-seed-0,community-on-postfix,0,-64,320,true,true,3465,256,block,lapis,minecraft:deepslate_lapis_ore,288,304,0,0.000000000
20260903-default-noop-check-community-on-postfix-miny-m64-seed-0,community-on-postfix,0,-64,320,true,true,3465,256,family,lapis,,304,320,0,0.000000000
20260903-default-noop-check-community-on-postfix-miny-m64-seed-0,community-on-postfix,0,-64,320,true,true,3465,256,block,lapis,minecraft:lapis_ore,304,320,0,0.000000000
20260903-default-noop-check-community-on-postfix-miny-m64-seed-0,community-on-postfix,0,-64,320,true,true,3465,256,block,lapis,minecraft:deepslate_lapis_ore,304,320,0,0.000000000
20260903-default-noop-check-community-on-postfix-miny-m64-seed-0,community-on-postfix,0,-64,320,true,true,3465,256,family,diamond,,-64,-48,1241,4.847656250
20260903-default-noop-check-community-on-postfix-miny-m64-seed-0,community-on-postfix,0,-64,320,true,true,3465,256,block,diamond,minecraft:diamond_ore,-64,-48,0,0.000000000
20260903-default-noop-check-community-on-postfix-miny-m64-seed-0,community-on-postfix,0,-64,320,true,true,3465,256,block,diamond,minecraft:deepslate_diamond_ore,-64,-48,1241,4.847656250
20260903-default-noop-check-community-on-postfix-miny-m64-seed-0,community-on-postfix,0,-64,320,true,true,3465,256,family,diamond,,-48,-32,1087,4.246093750
20260903-default-noop-check-community-on-postfix-miny-m64-seed-0,community-on-postfix,0,-64,320,true,true,3465,256,block,diamond,minecraft:diamond_ore,-48,-32,0,0.000000000
20260903-default-noop-check-community-on-postfix-miny-m64-seed-0,community-on-postfix,0,-64,320,true,true,3465,256,block,diamond,minecraft:deepslate_diamond_ore,-48,-32,1087,4.246093750
20260903-default-noop-check-community-on-postfix-miny-m64-seed-0,community-on-postfix,0,-64,320,true,true,3465,256,family,diamond,,-32,-16,790,3.085937500
20260903-default-noop-check-community-on-postfix-miny-m64-seed-0,community-on-postfix,0,-64,320,true,true,3465,256,block,diamond,minecraft:diamond_ore,-32,-16,0,0.000000000
20260903-default-noop-check-community-on-postfix-miny-m64-seed-0,community-on-postfix,0,-64,320,true,true,3465,256,block,diamond,minecraft:deepslate_diamond_ore,-32,-16,790,3.085937500
20260903-default-noop-check-community-on-postfix-miny-m64-seed-0,community-on-postfix,0,-64,320,true,true,3465,256,family,diamond,,-16,0,403,1.574218750
20260903-default-noop-check-community-on-postfix-miny-m64-seed-0,community-on-postfix,0,-64,320,true,true,3465,256,block,diamond,minecraft:diamond_ore,-16,0,5,0.019531250
20260903-default-noop-check-community-on-postfix-miny-m64-seed-0,community-on-postfix,0,-64,320,true,true,3465,256,block,diamond,minecraft:deepslate_diamond_ore,-16,0,398,1.554687500
20260903-default-noop-check-community-on-postfix-miny-m64-seed-0,community-on-postfix,0,-64,320,true,true,3465,256,family,diamond,,0,16,102,0.398437500
20260903-default-noop-check-community-on-postfix-miny-m64-seed-0,community-on-postfix,0,-64,320,true,true,3465,256,block,diamond,minecraft:diamond_ore,0,16,53,0.207031250
20260903-default-noop-check-community-on-postfix-miny-m64-seed-0,community-on-postfix,0,-64,320,true,true,3465,256,block,diamond,minecraft:deepslate_diamond_ore,0,16,49,0.191406250
20260903-default-noop-check-community-on-postfix-miny-m64-seed-0,community-on-postfix,0,-64,320,true,true,3465,256,family,diamond,,16,32,0,0.000000000
20260903-default-noop-check-community-on-postfix-miny-m64-seed-0,community-on-postfix,0,-64,320,true,true,3465,256,block,diamond,minecraft:diamond_ore,16,32,0,0.000000000
20260903-default-noop-check-community-on-postfix-miny-m64-seed-0,community-on-postfix,0,-64,320,true,true,3465,256,block,diamond,minecraft:deepslate_diamond_ore,16,32,0,0.000000000
20260903-default-noop-check-community-on-postfix-miny-m64-seed-0,community-on-postfix,0,-64,320,true,true,3465,256,family,diamond,,32,48,0,0.000000000
20260903-default-noop-check-community-on-postfix-miny-m64-seed-0,community-on-postfix,0,-64,320,true,true,3465,256,block,diamond,minecraft:diamond_ore,32,48,0,0.000000000
20260903-default-noop-check-community-on-postfix-miny-m64-seed-0,community-on-postfix,0,-64,320,true,true,3465,256,block,diamond,minecraft:deepslate_diamond_ore,32,48,0,0.000000000
20260903-default-noop-check-community-on-postfix-miny-m64-seed-0,community-on-postfix,0,-64,320,true,true,3465,256,family,diamond,,48,64,0,0.000000000
20260903-default-noop-check-community-on-postfix-miny-m64-seed-0,community-on-postfix,0,-64,320,true,true,3465,256,block,diamond,minecraft:diamond_ore,48,64,0,0.000000000
20260903-default-noop-check-community-on-postfix-miny-m64-seed-0,community-on-postfix,0,-64,320,true,true,3465,256,block,diamond,minecraft:deepslate_diamond_ore,48,64,0,0.000000000
20260903-default-noop-check-community-on-postfix-miny-m64-seed-0,community-on-postfix,0,-64,320,true,true,3465,256,family,diamond,,64,80,0,0.000000000
20260903-default-noop-check-community-on-postfix-miny-m64-seed-0,community-on-postfix,0,-64,320,true,true,3465,256,block,diamond,minecraft:diamond_ore,64,80,0,0.000000000
20260903-default-noop-check-community-on-postfix-miny-m64-seed-0,community-on-postfix,0,-64,320,true,true,3465,256,block,diamond,minecraft:deepslate_diamond_ore,64,80,0,0.000000000
20260903-default-noop-check-community-on-postfix-miny-m64-seed-0,community-on-postfix,0,-64,320,true,true,3465,256,family,diamond,,80,96,0,0.000000000
20260903-default-noop-check-community-on-postfix-miny-m64-seed-0,community-on-postfix,0,-64,320,true,true,3465,256,block,diamond,minecraft:diamond_ore,80,96,0,0.000000000
20260903-default-noop-check-community-on-postfix-miny-m64-seed-0,community-on-postfix,0,-64,320,true,true,3465,256,block,diamond,minecraft:deepslate_diamond_ore,80,96,0,0.000000000
20260903-default-noop-check-community-on-postfix-miny-m64-seed-0,community-on-postfix,0,-64,320,true,true,3465,256,family,diamond,,96,112,0,0.000000000
20260903-default-noop-check-community-on-postfix-miny-m64-seed-0,community-on-postfix,0,-64,320,true,true,3465,256,block,diamond,minecraft:diamond_ore,96,112,0,0.000000000
20260903-default-noop-check-community-on-postfix-miny-m64-seed-0,community-on-postfix,0,-64,320,true,true,3465,256,block,diamond,minecraft:deepslate_diamond_ore,96,112,0,0.000000000
20260903-default-noop-check-community-on-postfix-miny-m64-seed-0,community-on-postfix,0,-64,320,true,true,3465,256,family,diamond,,112,128,0,0.000000000
20260903-default-noop-check-community-on-postfix-miny-m64-seed-0,community-on-postfix,0,-64,320,true,true,3465,256,block,diamond,minecraft:diamond_ore,112,128,0,0.000000000
20260903-default-noop-check-community-on-postfix-miny-m64-seed-0,community-on-postfix,0,-64,320,true,true,3465,256,block,diamond,minecraft:deepslate_diamond_ore,112,128,0,0.000000000
20260903-default-noop-check-community-on-postfix-miny-m64-seed-0,community-on-postfix,0,-64,320,true,true,3465,256,family,diamond,,128,144,0,0.000000000
20260903-default-noop-check-community-on-postfix-miny-m64-seed-0,community-on-postfix,0,-64,320,true,true,3465,256,block,diamond,minecraft:diamond_ore,128,144,0,0.000000000
20260903-default-noop-check-community-on-postfix-miny-m64-seed-0,community-on-postfix,0,-64,320,true,true,3465,256,block,diamond,minecraft:deepslate_diamond_ore,128,144,0,0.000000000
20260903-default-noop-check-community-on-postfix-miny-m64-seed-0,community-on-postfix,0,-64,320,true,true,3465,256,family,diamond,,144,160,0,0.000000000
20260903-default-noop-check-community-on-postfix-miny-m64-seed-0,community-on-postfix,0,-64,320,true,true,3465,256,block,diamond,minecraft:diamond_ore,144,160,0,0.000000000
20260903-default-noop-check-community-on-postfix-miny-m64-seed-0,community-on-postfix,0,-64,320,true,true,3465,256,block,diamond,minecraft:deepslate_diamond_ore,144,160,0,0.000000000
20260903-default-noop-check-community-on-postfix-miny-m64-seed-0,community-on-postfix,0,-64,320,true,true,3465,256,family,diamond,,160,176,0,0.000000000
20260903-default-noop-check-community-on-postfix-miny-m64-seed-0,community-on-postfix,0,-64,320,true,true,3465,256,block,diamond,minecraft:diamond_ore,160,176,0,0.000000000
20260903-default-noop-check-community-on-postfix-miny-m64-seed-0,community-on-postfix,0,-64,320,true,true,3465,256,block,diamond,minecraft:deepslate_diamond_ore,160,176,0,0.000000000
20260903-default-noop-check-community-on-postfix-miny-m64-seed-0,community-on-postfix,0,-64,320,true,true,3465,256,family,diamond,,176,192,0,0.000000000
20260903-default-noop-check-community-on-postfix-miny-m64-seed-0,community-on-postfix,0,-64,320,true,true,3465,256,block,diamond,minecraft:diamond_ore,176,192,0,0.000000000
20260903-default-noop-check-community-on-postfix-miny-m64-seed-0,community-on-postfix,0,-64,320,true,true,3465,256,block,diamond,minecraft:deepslate_diamond_ore,176,192,0,0.000000000
20260903-default-noop-check-community-on-postfix-miny-m64-seed-0,community-on-postfix,0,-64,320,true,true,3465,256,family,diamond,,192,208,0,0.000000000
20260903-default-noop-check-community-on-postfix-miny-m64-seed-0,community-on-postfix,0,-64,320,true,true,3465,256,block,diamond,minecraft:diamond_ore,192,208,0,0.000000000
20260903-default-noop-check-community-on-postfix-miny-m64-seed-0,community-on-postfix,0,-64,320,true,true,3465,256,block,diamond,minecraft:deepslate_diamond_ore,192,208,0,0.000000000
20260903-default-noop-check-community-on-postfix-miny-m64-seed-0,community-on-postfix,0,-64,320,true,true,3465,256,family,diamond,,208,224,0,0.000000000
20260903-default-noop-check-community-on-postfix-miny-m64-seed-0,community-on-postfix,0,-64,320,true,true,3465,256,block,diamond,minecraft:diamond_ore,208,224,0,0.000000000
20260903-default-noop-check-community-on-postfix-miny-m64-seed-0,community-on-postfix,0,-64,320,true,true,3465,256,block,diamond,minecraft:deepslate_diamond_ore,208,224,0,0.000000000
20260903-default-noop-check-community-on-postfix-miny-m64-seed-0,community-on-postfix,0,-64,320,true,true,3465,256,family,diamond,,224,240,0,0.000000000
20260903-default-noop-check-community-on-postfix-miny-m64-seed-0,community-on-postfix,0,-64,320,true,true,3465,256,block,diamond,minecraft:diamond_ore,224,240,0,0.000000000
20260903-default-noop-check-community-on-postfix-miny-m64-seed-0,community-on-postfix,0,-64,320,true,true,3465,256,block,diamond,minecraft:deepslate_diamond_ore,224,240,0,0.000000000
20260903-default-noop-check-community-on-postfix-miny-m64-seed-0,community-on-postfix,0,-64,320,true,true,3465,256,family,diamond,,240,256,0,0.000000000
20260903-default-noop-check-community-on-postfix-miny-m64-seed-0,community-on-postfix,0,-64,320,true,true,3465,256,block,diamond,minecraft:diamond_ore,240,256,0,0.000000000
20260903-default-noop-check-community-on-postfix-miny-m64-seed-0,community-on-postfix,0,-64,320,true,true,3465,256,block,diamond,minecraft:deepslate_diamond_ore,240,256,0,0.000000000
20260903-default-noop-check-community-on-postfix-miny-m64-seed-0,community-on-postfix,0,-64,320,true,true,3465,256,family,diamond,,256,272,0,0.000000000
20260903-default-noop-check-community-on-postfix-miny-m64-seed-0,community-on-postfix,0,-64,320,true,true,3465,256,block,diamond,minecraft:diamond_ore,256,272,0,0.000000000
20260903-default-noop-check-community-on-postfix-miny-m64-seed-0,community-on-postfix,0,-64,320,true,true,3465,256,block,diamond,minecraft:deepslate_diamond_ore,256,272,0,0.000000000
20260903-default-noop-check-community-on-postfix-miny-m64-seed-0,community-on-postfix,0,-64,320,true,true,3465,256,family,diamond,,272,288,0,0.000000000
20260903-default-noop-check-community-on-postfix-miny-m64-seed-0,community-on-postfix,0,-64,320,true,true,3465,256,block,diamond,minecraft:diamond_ore,272,288,0,0.000000000
20260903-default-noop-check-community-on-postfix-miny-m64-seed-0,community-on-postfix,0,-64,320,true,true,3465,256,block,diamond,minecraft:deepslate_diamond_ore,272,288,0,0.000000000
20260903-default-noop-check-community-on-postfix-miny-m64-seed-0,community-on-postfix,0,-64,320,true,true,3465,256,family,diamond,,288,304,0,0.000000000
20260903-default-noop-check-community-on-postfix-miny-m64-seed-0,community-on-postfix,0,-64,320,true,true,3465,256,block,diamond,minecraft:diamond_ore,288,304,0,0.000000000
20260903-default-noop-check-community-on-postfix-miny-m64-seed-0,community-on-postfix,0,-64,320,true,true,3465,256,block,diamond,minecraft:deepslate_diamond_ore,288,304,0,0.000000000
20260903-default-noop-check-community-on-postfix-miny-m64-seed-0,community-on-postfix,0,-64,320,true,true,3465,256,family,diamond,,304,320,0,0.000000000
20260903-default-noop-check-community-on-postfix-miny-m64-seed-0,community-on-postfix,0,-64,320,true,true,3465,256,block,diamond,minecraft:diamond_ore,304,320,0,0.000000000
20260903-default-noop-check-community-on-postfix-miny-m64-seed-0,community-on-postfix,0,-64,320,true,true,3465,256,block,diamond,minecraft:deepslate_diamond_ore,304,320,0,0.000000000
20260903-default-noop-check-community-on-postfix-miny-m64-seed-0,community-on-postfix,0,-64,320,true,true,3465,256,family,emerald,,-64,-48,0,0.000000000
20260903-default-noop-check-community-on-postfix-miny-m64-seed-0,community-on-postfix,0,-64,320,true,true,3465,256,block,emerald,minecraft:emerald_ore,-64,-48,0,0.000000000
20260903-default-noop-check-community-on-postfix-miny-m64-seed-0,community-on-postfix,0,-64,320,true,true,3465,256,block,emerald,minecraft:deepslate_emerald_ore,-64,-48,0,0.000000000
20260903-default-noop-check-community-on-postfix-miny-m64-seed-0,community-on-postfix,0,-64,320,true,true,3465,256,family,emerald,,-48,-32,0,0.000000000
20260903-default-noop-check-community-on-postfix-miny-m64-seed-0,community-on-postfix,0,-64,320,true,true,3465,256,block,emerald,minecraft:emerald_ore,-48,-32,0,0.000000000
20260903-default-noop-check-community-on-postfix-miny-m64-seed-0,community-on-postfix,0,-64,320,true,true,3465,256,block,emerald,minecraft:deepslate_emerald_ore,-48,-32,0,0.000000000
20260903-default-noop-check-community-on-postfix-miny-m64-seed-0,community-on-postfix,0,-64,320,true,true,3465,256,family,emerald,,-32,-16,0,0.000000000
20260903-default-noop-check-community-on-postfix-miny-m64-seed-0,community-on-postfix,0,-64,320,true,true,3465,256,block,emerald,minecraft:emerald_ore,-32,-16,0,0.000000000
20260903-default-noop-check-community-on-postfix-miny-m64-seed-0,community-on-postfix,0,-64,320,true,true,3465,256,block,emerald,minecraft:deepslate_emerald_ore,-32,-16,0,0.000000000
20260903-default-noop-check-community-on-postfix-miny-m64-seed-0,community-on-postfix,0,-64,320,true,true,3465,256,family,emerald,,-16,0,0,0.000000000
20260903-default-noop-check-community-on-postfix-miny-m64-seed-0,community-on-postfix,0,-64,320,true,true,3465,256,block,emerald,minecraft:emerald_ore,-16,0,0,0.000000000
20260903-default-noop-check-community-on-postfix-miny-m64-seed-0,community-on-postfix,0,-64,320,true,true,3465,256,block,emerald,minecraft:deepslate_emerald_ore,-16,0,0,0.000000000
20260903-default-noop-check-community-on-postfix-miny-m64-seed-0,community-on-postfix,0,-64,320,true,true,3465,256,family,emerald,,0,16,0,0.000000000
20260903-default-noop-check-community-on-postfix-miny-m64-seed-0,community-on-postfix,0,-64,320,true,true,3465,256,block,emerald,minecraft:emerald_ore,0,16,0,0.000000000
20260903-default-noop-check-community-on-postfix-miny-m64-seed-0,community-on-postfix,0,-64,320,true,true,3465,256,block,emerald,minecraft:deepslate_emerald_ore,0,16,0,0.000000000
20260903-default-noop-check-community-on-postfix-miny-m64-seed-0,community-on-postfix,0,-64,320,true,true,3465,256,family,emerald,,16,32,0,0.000000000
20260903-default-noop-check-community-on-postfix-miny-m64-seed-0,community-on-postfix,0,-64,320,true,true,3465,256,block,emerald,minecraft:emerald_ore,16,32,0,0.000000000
20260903-default-noop-check-community-on-postfix-miny-m64-seed-0,community-on-postfix,0,-64,320,true,true,3465,256,block,emerald,minecraft:deepslate_emerald_ore,16,32,0,0.000000000
20260903-default-noop-check-community-on-postfix-miny-m64-seed-0,community-on-postfix,0,-64,320,true,true,3465,256,family,emerald,,32,48,0,0.000000000
20260903-default-noop-check-community-on-postfix-miny-m64-seed-0,community-on-postfix,0,-64,320,true,true,3465,256,block,emerald,minecraft:emerald_ore,32,48,0,0.000000000
20260903-default-noop-check-community-on-postfix-miny-m64-seed-0,community-on-postfix,0,-64,320,true,true,3465,256,block,emerald,minecraft:deepslate_emerald_ore,32,48,0,0.000000000
20260903-default-noop-check-community-on-postfix-miny-m64-seed-0,community-on-postfix,0,-64,320,true,true,3465,256,family,emerald,,48,64,0,0.000000000
20260903-default-noop-check-community-on-postfix-miny-m64-seed-0,community-on-postfix,0,-64,320,true,true,3465,256,block,emerald,minecraft:emerald_ore,48,64,0,0.000000000
20260903-default-noop-check-community-on-postfix-miny-m64-seed-0,community-on-postfix,0,-64,320,true,true,3465,256,block,emerald,minecraft:deepslate_emerald_ore,48,64,0,0.000000000
20260903-default-noop-check-community-on-postfix-miny-m64-seed-0,community-on-postfix,0,-64,320,true,true,3465,256,family,emerald,,64,80,0,0.000000000
20260903-default-noop-check-community-on-postfix-miny-m64-seed-0,community-on-postfix,0,-64,320,true,true,3465,256,block,emerald,minecraft:emerald_ore,64,80,0,0.000000000
20260903-default-noop-check-community-on-postfix-miny-m64-seed-0,community-on-postfix,0,-64,320,true,true,3465,256,block,emerald,minecraft:deepslate_emerald_ore,64,80,0,0.000000000
20260903-default-noop-check-community-on-postfix-miny-m64-seed-0,community-on-postfix,0,-64,320,true,true,3465,256,family,emerald,,80,96,0,0.000000000
20260903-default-noop-check-community-on-postfix-miny-m64-seed-0,community-on-postfix,0,-64,320,true,true,3465,256,block,emerald,minecraft:emerald_ore,80,96,0,0.000000000
20260903-default-noop-check-community-on-postfix-miny-m64-seed-0,community-on-postfix,0,-64,320,true,true,3465,256,block,emerald,minecraft:deepslate_emerald_ore,80,96,0,0.000000000
20260903-default-noop-check-community-on-postfix-miny-m64-seed-0,community-on-postfix,0,-64,320,true,true,3465,256,family,emerald,,96,112,0,0.000000000
20260903-default-noop-check-community-on-postfix-miny-m64-seed-0,community-on-postfix,0,-64,320,true,true,3465,256,block,emerald,minecraft:emerald_ore,96,112,0,0.000000000
20260903-default-noop-check-community-on-postfix-miny-m64-seed-0,community-on-postfix,0,-64,320,true,true,3465,256,block,emerald,minecraft:deepslate_emerald_ore,96,112,0,0.000000000
20260903-default-noop-check-community-on-postfix-miny-m64-seed-0,community-on-postfix,0,-64,320,true,true,3465,256,family,emerald,,112,128,0,0.000000000
20260903-default-noop-check-community-on-postfix-miny-m64-seed-0,community-on-postfix,0,-64,320,true,true,3465,256,block,emerald,minecraft:emerald_ore,112,128,0,0.000000000
20260903-default-noop-check-community-on-postfix-miny-m64-seed-0,community-on-postfix,0,-64,320,true,true,3465,256,block,emerald,minecraft:deepslate_emerald_ore,112,128,0,0.000000000
20260903-default-noop-check-community-on-postfix-miny-m64-seed-0,community-on-postfix,0,-64,320,true,true,3465,256,family,emerald,,128,144,0,0.000000000
20260903-default-noop-check-community-on-postfix-miny-m64-seed-0,community-on-postfix,0,-64,320,true,true,3465,256,block,emerald,minecraft:emerald_ore,128,144,0,0.000000000
20260903-default-noop-check-community-on-postfix-miny-m64-seed-0,community-on-postfix,0,-64,320,true,true,3465,256,block,emerald,minecraft:deepslate_emerald_ore,128,144,0,0.000000000
20260903-default-noop-check-community-on-postfix-miny-m64-seed-0,community-on-postfix,0,-64,320,true,true,3465,256,family,emerald,,144,160,0,0.000000000
20260903-default-noop-check-community-on-postfix-miny-m64-seed-0,community-on-postfix,0,-64,320,true,true,3465,256,block,emerald,minecraft:emerald_ore,144,160,0,0.000000000
20260903-default-noop-check-community-on-postfix-miny-m64-seed-0,community-on-postfix,0,-64,320,true,true,3465,256,block,emerald,minecraft:deepslate_emerald_ore,144,160,0,0.000000000
20260903-default-noop-check-community-on-postfix-miny-m64-seed-0,community-on-postfix,0,-64,320,true,true,3465,256,family,emerald,,160,176,0,0.000000000
20260903-default-noop-check-community-on-postfix-miny-m64-seed-0,community-on-postfix,0,-64,320,true,true,3465,256,block,emerald,minecraft:emerald_ore,160,176,0,0.000000000
20260903-default-noop-check-community-on-postfix-miny-m64-seed-0,community-on-postfix,0,-64,320,true,true,3465,256,block,emerald,minecraft:deepslate_emerald_ore,160,176,0,0.000000000
20260903-default-noop-check-community-on-postfix-miny-m64-seed-0,community-on-postfix,0,-64,320,true,true,3465,256,family,emerald,,176,192,0,0.000000000
20260903-default-noop-check-community-on-postfix-miny-m64-seed-0,community-on-postfix,0,-64,320,true,true,3465,256,block,emerald,minecraft:emerald_ore,176,192,0,0.000000000
20260903-default-noop-check-community-on-postfix-miny-m64-seed-0,community-on-postfix,0,-64,320,true,true,3465,256,block,emerald,minecraft:deepslate_emerald_ore,176,192,0,0.000000000
20260903-default-noop-check-community-on-postfix-miny-m64-seed-0,community-on-postfix,0,-64,320,true,true,3465,256,family,emerald,,192,208,0,0.000000000
20260903-default-noop-check-community-on-postfix-miny-m64-seed-0,community-on-postfix,0,-64,320,true,true,3465,256,block,emerald,minecraft:emerald_ore,192,208,0,0.000000000
20260903-default-noop-check-community-on-postfix-miny-m64-seed-0,community-on-postfix,0,-64,320,true,true,3465,256,block,emerald,minecraft:deepslate_emerald_ore,192,208,0,0.000000000
20260903-default-noop-check-community-on-postfix-miny-m64-seed-0,community-on-postfix,0,-64,320,true,true,3465,256,family,emerald,,208,224,0,0.000000000
20260903-default-noop-check-community-on-postfix-miny-m64-seed-0,community-on-postfix,0,-64,320,true,true,3465,256,block,emerald,minecraft:emerald_ore,208,224,0,0.000000000
20260903-default-noop-check-community-on-postfix-miny-m64-seed-0,community-on-postfix,0,-64,320,true,true,3465,256,block,emerald,minecraft:deepslate_emerald_ore,208,224,0,0.000000000
20260903-default-noop-check-community-on-postfix-miny-m64-seed-0,community-on-postfix,0,-64,320,true,true,3465,256,family,emerald,,224,240,0,0.000000000
20260903-default-noop-check-community-on-postfix-miny-m64-seed-0,community-on-postfix,0,-64,320,true,true,3465,256,block,emerald,minecraft:emerald_ore,224,240,0,0.000000000
20260903-default-noop-check-community-on-postfix-miny-m64-seed-0,community-on-postfix,0,-64,320,true,true,3465,256,block,emerald,minecraft:deepslate_emerald_ore,224,240,0,0.000000000
20260903-default-noop-check-community-on-postfix-miny-m64-seed-0,community-on-postfix,0,-64,320,true,true,3465,256,family,emerald,,240,256,0,0.000000000
20260903-default-noop-check-community-on-postfix-miny-m64-seed-0,community-on-postfix,0,-64,320,true,true,3465,256,block,emerald,minecraft:emerald_ore,240,256,0,0.000000000
20260903-default-noop-check-community-on-postfix-miny-m64-seed-0,community-on-postfix,0,-64,320,true,true,3465,256,block,emerald,minecraft:deepslate_emerald_ore,240,256,0,0.000000000
20260903-default-noop-check-community-on-postfix-miny-m64-seed-0,community-on-postfix,0,-64,320,true,true,3465,256,family,emerald,,256,272,0,0.000000000
20260903-default-noop-check-community-on-postfix-miny-m64-seed-0,community-on-postfix,0,-64,320,true,true,3465,256,block,emerald,minecraft:emerald_ore,256,272,0,0.000000000
20260903-default-noop-check-community-on-postfix-miny-m64-seed-0,community-on-postfix,0,-64,320,true,true,3465,256,block,emerald,minecraft:deepslate_emerald_ore,256,272,0,0.000000000
20260903-default-noop-check-community-on-postfix-miny-m64-seed-0,community-on-postfix,0,-64,320,true,true,3465,256,family,emerald,,272,288,0,0.000000000
20260903-default-noop-check-community-on-postfix-miny-m64-seed-0,community-on-postfix,0,-64,320,true,true,3465,256,block,emerald,minecraft:emerald_ore,272,288,0,0.000000000
20260903-default-noop-check-community-on-postfix-miny-m64-seed-0,community-on-postfix,0,-64,320,true,true,3465,256,block,emerald,minecraft:deepslate_emerald_ore,272,288,0,0.000000000
20260903-default-noop-check-community-on-postfix-miny-m64-seed-0,community-on-postfix,0,-64,320,true,true,3465,256,family,emerald,,288,304,0,0.000000000
20260903-default-noop-check-community-on-postfix-miny-m64-seed-0,community-on-postfix,0,-64,320,true,true,3465,256,block,emerald,minecraft:emerald_ore,288,304,0,0.000000000
20260903-default-noop-check-community-on-postfix-miny-m64-seed-0,community-on-postfix,0,-64,320,true,true,3465,256,block,emerald,minecraft:deepslate_emerald_ore,288,304,0,0.000000000
20260903-default-noop-check-community-on-postfix-miny-m64-seed-0,community-on-postfix,0,-64,320,true,true,3465,256,family,emerald,,304,320,0,0.000000000
20260903-default-noop-check-community-on-postfix-miny-m64-seed-0,community-on-postfix,0,-64,320,true,true,3465,256,block,emerald,minecraft:emerald_ore,304,320,0,0.000000000
20260903-default-noop-check-community-on-postfix-miny-m64-seed-0,community-on-postfix,0,-64,320,true,true,3465,256,block,emerald,minecraft:deepslate_emerald_ore,304,320,0,0.000000000
20260903-default-noop-check-community-on-postfix-miny-m64-seed-0,community-on-postfix,0,-64,320,true,true,3465,256,family,gravel,,-64,-48,12271,47.933593750
20260903-default-noop-check-community-on-postfix-miny-m64-seed-0,community-on-postfix,0,-64,320,true,true,3465,256,block,gravel,minecraft:gravel,-64,-48,12271,47.933593750
20260903-default-noop-check-community-on-postfix-miny-m64-seed-0,community-on-postfix,0,-64,320,true,true,3465,256,family,gravel,,-48,-32,12860,50.234375000
20260903-default-noop-check-community-on-postfix-miny-m64-seed-0,community-on-postfix,0,-64,320,true,true,3465,256,block,gravel,minecraft:gravel,-48,-32,12860,50.234375000
20260903-default-noop-check-community-on-postfix-miny-m64-seed-0,community-on-postfix,0,-64,320,true,true,3465,256,family,gravel,,-32,-16,15400,60.156250000
20260903-default-noop-check-community-on-postfix-miny-m64-seed-0,community-on-postfix,0,-64,320,true,true,3465,256,block,gravel,minecraft:gravel,-32,-16,15400,60.156250000
20260903-default-noop-check-community-on-postfix-miny-m64-seed-0,community-on-postfix,0,-64,320,true,true,3465,256,family,gravel,,-16,0,14048,54.875000000
20260903-default-noop-check-community-on-postfix-miny-m64-seed-0,community-on-postfix,0,-64,320,true,true,3465,256,block,gravel,minecraft:gravel,-16,0,14048,54.875000000
20260903-default-noop-check-community-on-postfix-miny-m64-seed-0,community-on-postfix,0,-64,320,true,true,3465,256,family,gravel,,0,16,13503,52.746093750
20260903-default-noop-check-community-on-postfix-miny-m64-seed-0,community-on-postfix,0,-64,320,true,true,3465,256,block,gravel,minecraft:gravel,0,16,13503,52.746093750
20260903-default-noop-check-community-on-postfix-miny-m64-seed-0,community-on-postfix,0,-64,320,true,true,3465,256,family,gravel,,16,32,12112,47.312500000
20260903-default-noop-check-community-on-postfix-miny-m64-seed-0,community-on-postfix,0,-64,320,true,true,3465,256,block,gravel,minecraft:gravel,16,32,12112,47.312500000
20260903-default-noop-check-community-on-postfix-miny-m64-seed-0,community-on-postfix,0,-64,320,true,true,3465,256,family,gravel,,32,48,3973,15.519531250
20260903-default-noop-check-community-on-postfix-miny-m64-seed-0,community-on-postfix,0,-64,320,true,true,3465,256,block,gravel,minecraft:gravel,32,48,3973,15.519531250
20260903-default-noop-check-community-on-postfix-miny-m64-seed-0,community-on-postfix,0,-64,320,true,true,3465,256,family,gravel,,48,64,410,1.601562500
20260903-default-noop-check-community-on-postfix-miny-m64-seed-0,community-on-postfix,0,-64,320,true,true,3465,256,block,gravel,minecraft:gravel,48,64,410,1.601562500
20260903-default-noop-check-community-on-postfix-miny-m64-seed-0,community-on-postfix,0,-64,320,true,true,3465,256,family,gravel,,64,80,0,0.000000000
20260903-default-noop-check-community-on-postfix-miny-m64-seed-0,community-on-postfix,0,-64,320,true,true,3465,256,block,gravel,minecraft:gravel,64,80,0,0.000000000
20260903-default-noop-check-community-on-postfix-miny-m64-seed-0,community-on-postfix,0,-64,320,true,true,3465,256,family,gravel,,80,96,0,0.000000000
20260903-default-noop-check-community-on-postfix-miny-m64-seed-0,community-on-postfix,0,-64,320,true,true,3465,256,block,gravel,minecraft:gravel,80,96,0,0.000000000
20260903-default-noop-check-community-on-postfix-miny-m64-seed-0,community-on-postfix,0,-64,320,true,true,3465,256,family,gravel,,96,112,0,0.000000000
20260903-default-noop-check-community-on-postfix-miny-m64-seed-0,community-on-postfix,0,-64,320,true,true,3465,256,block,gravel,minecraft:gravel,96,112,0,0.000000000
20260903-default-noop-check-community-on-postfix-miny-m64-seed-0,community-on-postfix,0,-64,320,true,true,3465,256,family,gravel,,112,128,0,0.000000000
20260903-default-noop-check-community-on-postfix-miny-m64-seed-0,community-on-postfix,0,-64,320,true,true,3465,256,block,gravel,minecraft:gravel,112,128,0,0.000000000
20260903-default-noop-check-community-on-postfix-miny-m64-seed-0,community-on-postfix,0,-64,320,true,true,3465,256,family,gravel,,128,144,0,0.000000000
20260903-default-noop-check-community-on-postfix-miny-m64-seed-0,community-on-postfix,0,-64,320,true,true,3465,256,block,gravel,minecraft:gravel,128,144,0,0.000000000
20260903-default-noop-check-community-on-postfix-miny-m64-seed-0,community-on-postfix,0,-64,320,true,true,3465,256,family,gravel,,144,160,0,0.000000000
20260903-default-noop-check-community-on-postfix-miny-m64-seed-0,community-on-postfix,0,-64,320,true,true,3465,256,block,gravel,minecraft:gravel,144,160,0,0.000000000
20260903-default-noop-check-community-on-postfix-miny-m64-seed-0,community-on-postfix,0,-64,320,true,true,3465,256,family,gravel,,160,176,0,0.000000000
20260903-default-noop-check-community-on-postfix-miny-m64-seed-0,community-on-postfix,0,-64,320,true,true,3465,256,block,gravel,minecraft:gravel,160,176,0,0.000000000
20260903-default-noop-check-community-on-postfix-miny-m64-seed-0,community-on-postfix,0,-64,320,true,true,3465,256,family,gravel,,176,192,0,0.000000000
20260903-default-noop-check-community-on-postfix-miny-m64-seed-0,community-on-postfix,0,-64,320,true,true,3465,256,block,gravel,minecraft:gravel,176,192,0,0.000000000
20260903-default-noop-check-community-on-postfix-miny-m64-seed-0,community-on-postfix,0,-64,320,true,true,3465,256,family,gravel,,192,208,0,0.000000000
20260903-default-noop-check-community-on-postfix-miny-m64-seed-0,community-on-postfix,0,-64,320,true,true,3465,256,block,gravel,minecraft:gravel,192,208,0,0.000000000
20260903-default-noop-check-community-on-postfix-miny-m64-seed-0,community-on-postfix,0,-64,320,true,true,3465,256,family,gravel,,208,224,0,0.000000000
20260903-default-noop-check-community-on-postfix-miny-m64-seed-0,community-on-postfix,0,-64,320,true,true,3465,256,block,gravel,minecraft:gravel,208,224,0,0.000000000
20260903-default-noop-check-community-on-postfix-miny-m64-seed-0,community-on-postfix,0,-64,320,true,true,3465,256,family,gravel,,224,240,0,0.000000000
20260903-default-noop-check-community-on-postfix-miny-m64-seed-0,community-on-postfix,0,-64,320,true,true,3465,256,block,gravel,minecraft:gravel,224,240,0,0.000000000
20260903-default-noop-check-community-on-postfix-miny-m64-seed-0,community-on-postfix,0,-64,320,true,true,3465,256,family,gravel,,240,256,0,0.000000000
20260903-default-noop-check-community-on-postfix-miny-m64-seed-0,community-on-postfix,0,-64,320,true,true,3465,256,block,gravel,minecraft:gravel,240,256,0,0.000000000
20260903-default-noop-check-community-on-postfix-miny-m64-seed-0,community-on-postfix,0,-64,320,true,true,3465,256,family,gravel,,256,272,0,0.000000000
20260903-default-noop-check-community-on-postfix-miny-m64-seed-0,community-on-postfix,0,-64,320,true,true,3465,256,block,gravel,minecraft:gravel,256,272,0,0.000000000
20260903-default-noop-check-community-on-postfix-miny-m64-seed-0,community-on-postfix,0,-64,320,true,true,3465,256,family,gravel,,272,288,0,0.000000000
20260903-default-noop-check-community-on-postfix-miny-m64-seed-0,community-on-postfix,0,-64,320,true,true,3465,256,block,gravel,minecraft:gravel,272,288,0,0.000000000
20260903-default-noop-check-community-on-postfix-miny-m64-seed-0,community-on-postfix,0,-64,320,true,true,3465,256,family,gravel,,288,304,0,0.000000000
20260903-default-noop-check-community-on-postfix-miny-m64-seed-0,community-on-postfix,0,-64,320,true,true,3465,256,block,gravel,minecraft:gravel,288,304,0,0.000000000
20260903-default-noop-check-community-on-postfix-miny-m64-seed-0,community-on-postfix,0,-64,320,true,true,3465,256,family,gravel,,304,320,0,0.000000000
20260903-default-noop-check-community-on-postfix-miny-m64-seed-0,community-on-postfix,0,-64,320,true,true,3465,256,block,gravel,minecraft:gravel,304,320,0,0.000000000
20260903-default-noop-check-community-on-postfix-miny-m64-seed-0,community-on-postfix,0,-64,320,true,true,3465,256,family,tuff,,-64,-48,63467,247.917968750
20260903-default-noop-check-community-on-postfix-miny-m64-seed-0,community-on-postfix,0,-64,320,true,true,3465,256,block,tuff,minecraft:tuff,-64,-48,63467,247.917968750
20260903-default-noop-check-community-on-postfix-miny-m64-seed-0,community-on-postfix,0,-64,320,true,true,3465,256,family,tuff,,-48,-32,73321,286.410156250
20260903-default-noop-check-community-on-postfix-miny-m64-seed-0,community-on-postfix,0,-64,320,true,true,3465,256,block,tuff,minecraft:tuff,-48,-32,73321,286.410156250
20260903-default-noop-check-community-on-postfix-miny-m64-seed-0,community-on-postfix,0,-64,320,true,true,3465,256,family,tuff,,-32,-16,70466,275.257812500
20260903-default-noop-check-community-on-postfix-miny-m64-seed-0,community-on-postfix,0,-64,320,true,true,3465,256,block,tuff,minecraft:tuff,-32,-16,70466,275.257812500
20260903-default-noop-check-community-on-postfix-miny-m64-seed-0,community-on-postfix,0,-64,320,true,true,3465,256,family,tuff,,-16,0,63683,248.761718750
20260903-default-noop-check-community-on-postfix-miny-m64-seed-0,community-on-postfix,0,-64,320,true,true,3465,256,block,tuff,minecraft:tuff,-16,0,63683,248.761718750
20260903-default-noop-check-community-on-postfix-miny-m64-seed-0,community-on-postfix,0,-64,320,true,true,3465,256,family,tuff,,0,16,1931,7.542968750
20260903-default-noop-check-community-on-postfix-miny-m64-seed-0,community-on-postfix,0,-64,320,true,true,3465,256,block,tuff,minecraft:tuff,0,16,1931,7.542968750
20260903-default-noop-check-community-on-postfix-miny-m64-seed-0,community-on-postfix,0,-64,320,true,true,3465,256,family,tuff,,16,32,0,0.000000000
20260903-default-noop-check-community-on-postfix-miny-m64-seed-0,community-on-postfix,0,-64,320,true,true,3465,256,block,tuff,minecraft:tuff,16,32,0,0.000000000
20260903-default-noop-check-community-on-postfix-miny-m64-seed-0,community-on-postfix,0,-64,320,true,true,3465,256,family,tuff,,32,48,0,0.000000000
20260903-default-noop-check-community-on-postfix-miny-m64-seed-0,community-on-postfix,0,-64,320,true,true,3465,256,block,tuff,minecraft:tuff,32,48,0,0.000000000
20260903-default-noop-check-community-on-postfix-miny-m64-seed-0,community-on-postfix,0,-64,320,true,true,3465,256,family,tuff,,48,64,0,0.000000000
20260903-default-noop-check-community-on-postfix-miny-m64-seed-0,community-on-postfix,0,-64,320,true,true,3465,256,block,tuff,minecraft:tuff,48,64,0,0.000000000
20260903-default-noop-check-community-on-postfix-miny-m64-seed-0,community-on-postfix,0,-64,320,true,true,3465,256,family,tuff,,64,80,0,0.000000000
20260903-default-noop-check-community-on-postfix-miny-m64-seed-0,community-on-postfix,0,-64,320,true,true,3465,256,block,tuff,minecraft:tuff,64,80,0,0.000000000
20260903-default-noop-check-community-on-postfix-miny-m64-seed-0,community-on-postfix,0,-64,320,true,true,3465,256,family,tuff,,80,96,0,0.000000000
20260903-default-noop-check-community-on-postfix-miny-m64-seed-0,community-on-postfix,0,-64,320,true,true,3465,256,block,tuff,minecraft:tuff,80,96,0,0.000000000
20260903-default-noop-check-community-on-postfix-miny-m64-seed-0,community-on-postfix,0,-64,320,true,true,3465,256,family,tuff,,96,112,0,0.000000000
20260903-default-noop-check-community-on-postfix-miny-m64-seed-0,community-on-postfix,0,-64,320,true,true,3465,256,block,tuff,minecraft:tuff,96,112,0,0.000000000
20260903-default-noop-check-community-on-postfix-miny-m64-seed-0,community-on-postfix,0,-64,320,true,true,3465,256,family,tuff,,112,128,0,0.000000000
20260903-default-noop-check-community-on-postfix-miny-m64-seed-0,community-on-postfix,0,-64,320,true,true,3465,256,block,tuff,minecraft:tuff,112,128,0,0.000000000
20260903-default-noop-check-community-on-postfix-miny-m64-seed-0,community-on-postfix,0,-64,320,true,true,3465,256,family,tuff,,128,144,0,0.000000000
20260903-default-noop-check-community-on-postfix-miny-m64-seed-0,community-on-postfix,0,-64,320,true,true,3465,256,block,tuff,minecraft:tuff,128,144,0,0.000000000
20260903-default-noop-check-community-on-postfix-miny-m64-seed-0,community-on-postfix,0,-64,320,true,true,3465,256,family,tuff,,144,160,0,0.000000000
20260903-default-noop-check-community-on-postfix-miny-m64-seed-0,community-on-postfix,0,-64,320,true,true,3465,256,block,tuff,minecraft:tuff,144,160,0,0.000000000
20260903-default-noop-check-community-on-postfix-miny-m64-seed-0,community-on-postfix,0,-64,320,true,true,3465,256,family,tuff,,160,176,0,0.000000000
20260903-default-noop-check-community-on-postfix-miny-m64-seed-0,community-on-postfix,0,-64,320,true,true,3465,256,block,tuff,minecraft:tuff,160,176,0,0.000000000
20260903-default-noop-check-community-on-postfix-miny-m64-seed-0,community-on-postfix,0,-64,320,true,true,3465,256,family,tuff,,176,192,0,0.000000000
20260903-default-noop-check-community-on-postfix-miny-m64-seed-0,community-on-postfix,0,-64,320,true,true,3465,256,block,tuff,minecraft:tuff,176,192,0,0.000000000
20260903-default-noop-check-community-on-postfix-miny-m64-seed-0,community-on-postfix,0,-64,320,true,true,3465,256,family,tuff,,192,208,0,0.000000000
20260903-default-noop-check-community-on-postfix-miny-m64-seed-0,community-on-postfix,0,-64,320,true,true,3465,256,block,tuff,minecraft:tuff,192,208,0,0.000000000
20260903-default-noop-check-community-on-postfix-miny-m64-seed-0,community-on-postfix,0,-64,320,true,true,3465,256,family,tuff,,208,224,0,0.000000000
20260903-default-noop-check-community-on-postfix-miny-m64-seed-0,community-on-postfix,0,-64,320,true,true,3465,256,block,tuff,minecraft:tuff,208,224,0,0.000000000
20260903-default-noop-check-community-on-postfix-miny-m64-seed-0,community-on-postfix,0,-64,320,true,true,3465,256,family,tuff,,224,240,0,0.000000000
20260903-default-noop-check-community-on-postfix-miny-m64-seed-0,community-on-postfix,0,-64,320,true,true,3465,256,block,tuff,minecraft:tuff,224,240,0,0.000000000
20260903-default-noop-check-community-on-postfix-miny-m64-seed-0,community-on-postfix,0,-64,320,true,true,3465,256,family,tuff,,240,256,0,0.000000000
20260903-default-noop-check-community-on-postfix-miny-m64-seed-0,community-on-postfix,0,-64,320,true,true,3465,256,block,tuff,minecraft:tuff,240,256,0,0.000000000
20260903-default-noop-check-community-on-postfix-miny-m64-seed-0,community-on-postfix,0,-64,320,true,true,3465,256,family,tuff,,256,272,0,0.000000000
20260903-default-noop-check-community-on-postfix-miny-m64-seed-0,community-on-postfix,0,-64,320,true,true,3465,256,block,tuff,minecraft:tuff,256,272,0,0.000000000
20260903-default-noop-check-community-on-postfix-miny-m64-seed-0,community-on-postfix,0,-64,320,true,true,3465,256,family,tuff,,272,288,0,0.000000000
20260903-default-noop-check-community-on-postfix-miny-m64-seed-0,community-on-postfix,0,-64,320,true,true,3465,256,block,tuff,minecraft:tuff,272,288,0,0.000000000
20260903-default-noop-check-community-on-postfix-miny-m64-seed-0,community-on-postfix,0,-64,320,true,true,3465,256,family,tuff,,288,304,0,0.000000000
20260903-default-noop-check-community-on-postfix-miny-m64-seed-0,community-on-postfix,0,-64,320,true,true,3465,256,block,tuff,minecraft:tuff,288,304,0,0.000000000
20260903-default-noop-check-community-on-postfix-miny-m64-seed-0,community-on-postfix,0,-64,320,true,true,3465,256,family,tuff,,304,320,0,0.000000000
20260903-default-noop-check-community-on-postfix-miny-m64-seed-0,community-on-postfix,0,-64,320,true,true,3465,256,block,tuff,minecraft:tuff,304,320,0,0.000000000
20260903-default-noop-repeat-community-on-postfix-miny-m64-seed-0,community-on-postfix,0,-64,320,true,true,3465,256,family,coal,,-64,-48,0,0.000000000
20260903-default-noop-repeat-community-on-postfix-miny-m64-seed-0,community-on-postfix,0,-64,320,true,true,3465,256,block,coal,minecraft:coal_ore,-64,-48,0,0.000000000
20260903-default-noop-repeat-community-on-postfix-miny-m64-seed-0,community-on-postfix,0,-64,320,true,true,3465,256,block,coal,minecraft:deepslate_coal_ore,-64,-48,0,0.000000000
20260903-default-noop-repeat-community-on-postfix-miny-m64-seed-0,community-on-postfix,0,-64,320,true,true,3465,256,family,coal,,-48,-32,0,0.000000000
20260903-default-noop-repeat-community-on-postfix-miny-m64-seed-0,community-on-postfix,0,-64,320,true,true,3465,256,block,coal,minecraft:coal_ore,-48,-32,0,0.000000000
20260903-default-noop-repeat-community-on-postfix-miny-m64-seed-0,community-on-postfix,0,-64,320,true,true,3465,256,block,coal,minecraft:deepslate_coal_ore,-48,-32,0,0.000000000
20260903-default-noop-repeat-community-on-postfix-miny-m64-seed-0,community-on-postfix,0,-64,320,true,true,3465,256,family,coal,,-32,-16,0,0.000000000
20260903-default-noop-repeat-community-on-postfix-miny-m64-seed-0,community-on-postfix,0,-64,320,true,true,3465,256,block,coal,minecraft:coal_ore,-32,-16,0,0.000000000
20260903-default-noop-repeat-community-on-postfix-miny-m64-seed-0,community-on-postfix,0,-64,320,true,true,3465,256,block,coal,minecraft:deepslate_coal_ore,-32,-16,0,0.000000000
20260903-default-noop-repeat-community-on-postfix-miny-m64-seed-0,community-on-postfix,0,-64,320,true,true,3465,256,family,coal,,-16,0,10,0.039062500
20260903-default-noop-repeat-community-on-postfix-miny-m64-seed-0,community-on-postfix,0,-64,320,true,true,3465,256,block,coal,minecraft:coal_ore,-16,0,6,0.023437500
20260903-default-noop-repeat-community-on-postfix-miny-m64-seed-0,community-on-postfix,0,-64,320,true,true,3465,256,block,coal,minecraft:deepslate_coal_ore,-16,0,4,0.015625000
20260903-default-noop-repeat-community-on-postfix-miny-m64-seed-0,community-on-postfix,0,-64,320,true,true,3465,256,family,coal,,0,16,1438,5.617187500
20260903-default-noop-repeat-community-on-postfix-miny-m64-seed-0,community-on-postfix,0,-64,320,true,true,3465,256,block,coal,minecraft:coal_ore,0,16,1292,5.046875000
20260903-default-noop-repeat-community-on-postfix-miny-m64-seed-0,community-on-postfix,0,-64,320,true,true,3465,256,block,coal,minecraft:deepslate_coal_ore,0,16,146,0.570312500
20260903-default-noop-repeat-community-on-postfix-miny-m64-seed-0,community-on-postfix,0,-64,320,true,true,3465,256,family,coal,,16,32,2985,11.660156250
20260903-default-noop-repeat-community-on-postfix-miny-m64-seed-0,community-on-postfix,0,-64,320,true,true,3465,256,block,coal,minecraft:coal_ore,16,32,2985,11.660156250
20260903-default-noop-repeat-community-on-postfix-miny-m64-seed-0,community-on-postfix,0,-64,320,true,true,3465,256,block,coal,minecraft:deepslate_coal_ore,16,32,0,0.000000000
20260903-default-noop-repeat-community-on-postfix-miny-m64-seed-0,community-on-postfix,0,-64,320,true,true,3465,256,family,coal,,32,48,2102,8.210937500
20260903-default-noop-repeat-community-on-postfix-miny-m64-seed-0,community-on-postfix,0,-64,320,true,true,3465,256,block,coal,minecraft:coal_ore,32,48,2102,8.210937500
20260903-default-noop-repeat-community-on-postfix-miny-m64-seed-0,community-on-postfix,0,-64,320,true,true,3465,256,block,coal,minecraft:deepslate_coal_ore,32,48,0,0.000000000
20260903-default-noop-repeat-community-on-postfix-miny-m64-seed-0,community-on-postfix,0,-64,320,true,true,3465,256,family,coal,,48,64,54,0.210937500
20260903-default-noop-repeat-community-on-postfix-miny-m64-seed-0,community-on-postfix,0,-64,320,true,true,3465,256,block,coal,minecraft:coal_ore,48,64,54,0.210937500
20260903-default-noop-repeat-community-on-postfix-miny-m64-seed-0,community-on-postfix,0,-64,320,true,true,3465,256,block,coal,minecraft:deepslate_coal_ore,48,64,0,0.000000000
20260903-default-noop-repeat-community-on-postfix-miny-m64-seed-0,community-on-postfix,0,-64,320,true,true,3465,256,family,coal,,64,80,0,0.000000000
20260903-default-noop-repeat-community-on-postfix-miny-m64-seed-0,community-on-postfix,0,-64,320,true,true,3465,256,block,coal,minecraft:coal_ore,64,80,0,0.000000000
20260903-default-noop-repeat-community-on-postfix-miny-m64-seed-0,community-on-postfix,0,-64,320,true,true,3465,256,block,coal,minecraft:deepslate_coal_ore,64,80,0,0.000000000
20260903-default-noop-repeat-community-on-postfix-miny-m64-seed-0,community-on-postfix,0,-64,320,true,true,3465,256,family,coal,,80,96,0,0.000000000
20260903-default-noop-repeat-community-on-postfix-miny-m64-seed-0,community-on-postfix,0,-64,320,true,true,3465,256,block,coal,minecraft:coal_ore,80,96,0,0.000000000
20260903-default-noop-repeat-community-on-postfix-miny-m64-seed-0,community-on-postfix,0,-64,320,true,true,3465,256,block,coal,minecraft:deepslate_coal_ore,80,96,0,0.000000000
20260903-default-noop-repeat-community-on-postfix-miny-m64-seed-0,community-on-postfix,0,-64,320,true,true,3465,256,family,coal,,96,112,0,0.000000000
20260903-default-noop-repeat-community-on-postfix-miny-m64-seed-0,community-on-postfix,0,-64,320,true,true,3465,256,block,coal,minecraft:coal_ore,96,112,0,0.000000000
20260903-default-noop-repeat-community-on-postfix-miny-m64-seed-0,community-on-postfix,0,-64,320,true,true,3465,256,block,coal,minecraft:deepslate_coal_ore,96,112,0,0.000000000
20260903-default-noop-repeat-community-on-postfix-miny-m64-seed-0,community-on-postfix,0,-64,320,true,true,3465,256,family,coal,,112,128,0,0.000000000
20260903-default-noop-repeat-community-on-postfix-miny-m64-seed-0,community-on-postfix,0,-64,320,true,true,3465,256,block,coal,minecraft:coal_ore,112,128,0,0.000000000
20260903-default-noop-repeat-community-on-postfix-miny-m64-seed-0,community-on-postfix,0,-64,320,true,true,3465,256,block,coal,minecraft:deepslate_coal_ore,112,128,0,0.000000000
20260903-default-noop-repeat-community-on-postfix-miny-m64-seed-0,community-on-postfix,0,-64,320,true,true,3465,256,family,coal,,128,144,0,0.000000000
20260903-default-noop-repeat-community-on-postfix-miny-m64-seed-0,community-on-postfix,0,-64,320,true,true,3465,256,block,coal,minecraft:coal_ore,128,144,0,0.000000000
20260903-default-noop-repeat-community-on-postfix-miny-m64-seed-0,community-on-postfix,0,-64,320,true,true,3465,256,block,coal,minecraft:deepslate_coal_ore,128,144,0,0.000000000
20260903-default-noop-repeat-community-on-postfix-miny-m64-seed-0,community-on-postfix,0,-64,320,true,true,3465,256,family,coal,,144,160,0,0.000000000
20260903-default-noop-repeat-community-on-postfix-miny-m64-seed-0,community-on-postfix,0,-64,320,true,true,3465,256,block,coal,minecraft:coal_ore,144,160,0,0.000000000
20260903-default-noop-repeat-community-on-postfix-miny-m64-seed-0,community-on-postfix,0,-64,320,true,true,3465,256,block,coal,minecraft:deepslate_coal_ore,144,160,0,0.000000000
20260903-default-noop-repeat-community-on-postfix-miny-m64-seed-0,community-on-postfix,0,-64,320,true,true,3465,256,family,coal,,160,176,0,0.000000000
20260903-default-noop-repeat-community-on-postfix-miny-m64-seed-0,community-on-postfix,0,-64,320,true,true,3465,256,block,coal,minecraft:coal_ore,160,176,0,0.000000000
20260903-default-noop-repeat-community-on-postfix-miny-m64-seed-0,community-on-postfix,0,-64,320,true,true,3465,256,block,coal,minecraft:deepslate_coal_ore,160,176,0,0.000000000
20260903-default-noop-repeat-community-on-postfix-miny-m64-seed-0,community-on-postfix,0,-64,320,true,true,3465,256,family,coal,,176,192,0,0.000000000
20260903-default-noop-repeat-community-on-postfix-miny-m64-seed-0,community-on-postfix,0,-64,320,true,true,3465,256,block,coal,minecraft:coal_ore,176,192,0,0.000000000
20260903-default-noop-repeat-community-on-postfix-miny-m64-seed-0,community-on-postfix,0,-64,320,true,true,3465,256,block,coal,minecraft:deepslate_coal_ore,176,192,0,0.000000000
20260903-default-noop-repeat-community-on-postfix-miny-m64-seed-0,community-on-postfix,0,-64,320,true,true,3465,256,family,coal,,192,208,0,0.000000000
20260903-default-noop-repeat-community-on-postfix-miny-m64-seed-0,community-on-postfix,0,-64,320,true,true,3465,256,block,coal,minecraft:coal_ore,192,208,0,0.000000000
20260903-default-noop-repeat-community-on-postfix-miny-m64-seed-0,community-on-postfix,0,-64,320,true,true,3465,256,block,coal,minecraft:deepslate_coal_ore,192,208,0,0.000000000
20260903-default-noop-repeat-community-on-postfix-miny-m64-seed-0,community-on-postfix,0,-64,320,true,true,3465,256,family,coal,,208,224,0,0.000000000
20260903-default-noop-repeat-community-on-postfix-miny-m64-seed-0,community-on-postfix,0,-64,320,true,true,3465,256,block,coal,minecraft:coal_ore,208,224,0,0.000000000
20260903-default-noop-repeat-community-on-postfix-miny-m64-seed-0,community-on-postfix,0,-64,320,true,true,3465,256,block,coal,minecraft:deepslate_coal_ore,208,224,0,0.000000000
20260903-default-noop-repeat-community-on-postfix-miny-m64-seed-0,community-on-postfix,0,-64,320,true,true,3465,256,family,coal,,224,240,0,0.000000000
20260903-default-noop-repeat-community-on-postfix-miny-m64-seed-0,community-on-postfix,0,-64,320,true,true,3465,256,block,coal,minecraft:coal_ore,224,240,0,0.000000000
20260903-default-noop-repeat-community-on-postfix-miny-m64-seed-0,community-on-postfix,0,-64,320,true,true,3465,256,block,coal,minecraft:deepslate_coal_ore,224,240,0,0.000000000
20260903-default-noop-repeat-community-on-postfix-miny-m64-seed-0,community-on-postfix,0,-64,320,true,true,3465,256,family,coal,,240,256,0,0.000000000
20260903-default-noop-repeat-community-on-postfix-miny-m64-seed-0,community-on-postfix,0,-64,320,true,true,3465,256,block,coal,minecraft:coal_ore,240,256,0,0.000000000
20260903-default-noop-repeat-community-on-postfix-miny-m64-seed-0,community-on-postfix,0,-64,320,true,true,3465,256,block,coal,minecraft:deepslate_coal_ore,240,256,0,0.000000000
20260903-default-noop-repeat-community-on-postfix-miny-m64-seed-0,community-on-postfix,0,-64,320,true,true,3465,256,family,coal,,256,272,0,0.000000000
20260903-default-noop-repeat-community-on-postfix-miny-m64-seed-0,community-on-postfix,0,-64,320,true,true,3465,256,block,coal,minecraft:coal_ore,256,272,0,0.000000000
20260903-default-noop-repeat-community-on-postfix-miny-m64-seed-0,community-on-postfix,0,-64,320,true,true,3465,256,block,coal,minecraft:deepslate_coal_ore,256,272,0,0.000000000
20260903-default-noop-repeat-community-on-postfix-miny-m64-seed-0,community-on-postfix,0,-64,320,true,true,3465,256,family,coal,,272,288,0,0.000000000
20260903-default-noop-repeat-community-on-postfix-miny-m64-seed-0,community-on-postfix,0,-64,320,true,true,3465,256,block,coal,minecraft:coal_ore,272,288,0,0.000000000
20260903-default-noop-repeat-community-on-postfix-miny-m64-seed-0,community-on-postfix,0,-64,320,true,true,3465,256,block,coal,minecraft:deepslate_coal_ore,272,288,0,0.000000000
20260903-default-noop-repeat-community-on-postfix-miny-m64-seed-0,community-on-postfix,0,-64,320,true,true,3465,256,family,coal,,288,304,0,0.000000000
20260903-default-noop-repeat-community-on-postfix-miny-m64-seed-0,community-on-postfix,0,-64,320,true,true,3465,256,block,coal,minecraft:coal_ore,288,304,0,0.000000000
20260903-default-noop-repeat-community-on-postfix-miny-m64-seed-0,community-on-postfix,0,-64,320,true,true,3465,256,block,coal,minecraft:deepslate_coal_ore,288,304,0,0.000000000
20260903-default-noop-repeat-community-on-postfix-miny-m64-seed-0,community-on-postfix,0,-64,320,true,true,3465,256,family,coal,,304,320,0,0.000000000
20260903-default-noop-repeat-community-on-postfix-miny-m64-seed-0,community-on-postfix,0,-64,320,true,true,3465,256,block,coal,minecraft:coal_ore,304,320,0,0.000000000
20260903-default-noop-repeat-community-on-postfix-miny-m64-seed-0,community-on-postfix,0,-64,320,true,true,3465,256,block,coal,minecraft:deepslate_coal_ore,304,320,0,0.000000000
20260903-default-noop-repeat-community-on-postfix-miny-m64-seed-0,community-on-postfix,0,-64,320,true,true,3465,256,family,iron,,-64,-48,1126,4.398437500
20260903-default-noop-repeat-community-on-postfix-miny-m64-seed-0,community-on-postfix,0,-64,320,true,true,3465,256,block,iron,minecraft:iron_ore,-64,-48,0,0.000000000
20260903-default-noop-repeat-community-on-postfix-miny-m64-seed-0,community-on-postfix,0,-64,320,true,true,3465,256,block,iron,minecraft:deepslate_iron_ore,-64,-48,1126,4.398437500
20260903-default-noop-repeat-community-on-postfix-miny-m64-seed-0,community-on-postfix,0,-64,320,true,true,3465,256,family,iron,,-48,-32,1637,6.394531250
20260903-default-noop-repeat-community-on-postfix-miny-m64-seed-0,community-on-postfix,0,-64,320,true,true,3465,256,block,iron,minecraft:iron_ore,-48,-32,0,0.000000000
20260903-default-noop-repeat-community-on-postfix-miny-m64-seed-0,community-on-postfix,0,-64,320,true,true,3465,256,block,iron,minecraft:deepslate_iron_ore,-48,-32,1637,6.394531250
20260903-default-noop-repeat-community-on-postfix-miny-m64-seed-0,community-on-postfix,0,-64,320,true,true,3465,256,family,iron,,-32,-16,1578,6.164062500
20260903-default-noop-repeat-community-on-postfix-miny-m64-seed-0,community-on-postfix,0,-64,320,true,true,3465,256,block,iron,minecraft:iron_ore,-32,-16,0,0.000000000
20260903-default-noop-repeat-community-on-postfix-miny-m64-seed-0,community-on-postfix,0,-64,320,true,true,3465,256,block,iron,minecraft:deepslate_iron_ore,-32,-16,1578,6.164062500
20260903-default-noop-repeat-community-on-postfix-miny-m64-seed-0,community-on-postfix,0,-64,320,true,true,3465,256,family,iron,,-16,0,3088,12.062500000
20260903-default-noop-repeat-community-on-postfix-miny-m64-seed-0,community-on-postfix,0,-64,320,true,true,3465,256,block,iron,minecraft:iron_ore,-16,0,81,0.316406250
20260903-default-noop-repeat-community-on-postfix-miny-m64-seed-0,community-on-postfix,0,-64,320,true,true,3465,256,block,iron,minecraft:deepslate_iron_ore,-16,0,3007,11.746093750
20260903-default-noop-repeat-community-on-postfix-miny-m64-seed-0,community-on-postfix,0,-64,320,true,true,3465,256,family,iron,,0,16,4720,18.437500000
20260903-default-noop-repeat-community-on-postfix-miny-m64-seed-0,community-on-postfix,0,-64,320,true,true,3465,256,block,iron,minecraft:iron_ore,0,16,3697,14.441406250
20260903-default-noop-repeat-community-on-postfix-miny-m64-seed-0,community-on-postfix,0,-64,320,true,true,3465,256,block,iron,minecraft:deepslate_iron_ore,0,16,1023,3.996093750
20260903-default-noop-repeat-community-on-postfix-miny-m64-seed-0,community-on-postfix,0,-64,320,true,true,3465,256,family,iron,,16,32,3631,14.183593750
20260903-default-noop-repeat-community-on-postfix-miny-m64-seed-0,community-on-postfix,0,-64,320,true,true,3465,256,block,iron,minecraft:iron_ore,16,32,3631,14.183593750
20260903-default-noop-repeat-community-on-postfix-miny-m64-seed-0,community-on-postfix,0,-64,320,true,true,3465,256,block,iron,minecraft:deepslate_iron_ore,16,32,0,0.000000000
20260903-default-noop-repeat-community-on-postfix-miny-m64-seed-0,community-on-postfix,0,-64,320,true,true,3465,256,family,iron,,32,48,1040,4.062500000
20260903-default-noop-repeat-community-on-postfix-miny-m64-seed-0,community-on-postfix,0,-64,320,true,true,3465,256,block,iron,minecraft:iron_ore,32,48,1040,4.062500000
20260903-default-noop-repeat-community-on-postfix-miny-m64-seed-0,community-on-postfix,0,-64,320,true,true,3465,256,block,iron,minecraft:deepslate_iron_ore,32,48,0,0.000000000
20260903-default-noop-repeat-community-on-postfix-miny-m64-seed-0,community-on-postfix,0,-64,320,true,true,3465,256,family,iron,,48,64,14,0.054687500
20260903-default-noop-repeat-community-on-postfix-miny-m64-seed-0,community-on-postfix,0,-64,320,true,true,3465,256,block,iron,minecraft:iron_ore,48,64,14,0.054687500
20260903-default-noop-repeat-community-on-postfix-miny-m64-seed-0,community-on-postfix,0,-64,320,true,true,3465,256,block,iron,minecraft:deepslate_iron_ore,48,64,0,0.000000000
20260903-default-noop-repeat-community-on-postfix-miny-m64-seed-0,community-on-postfix,0,-64,320,true,true,3465,256,family,iron,,64,80,0,0.000000000
20260903-default-noop-repeat-community-on-postfix-miny-m64-seed-0,community-on-postfix,0,-64,320,true,true,3465,256,block,iron,minecraft:iron_ore,64,80,0,0.000000000
20260903-default-noop-repeat-community-on-postfix-miny-m64-seed-0,community-on-postfix,0,-64,320,true,true,3465,256,block,iron,minecraft:deepslate_iron_ore,64,80,0,0.000000000
20260903-default-noop-repeat-community-on-postfix-miny-m64-seed-0,community-on-postfix,0,-64,320,true,true,3465,256,family,iron,,80,96,0,0.000000000
20260903-default-noop-repeat-community-on-postfix-miny-m64-seed-0,community-on-postfix,0,-64,320,true,true,3465,256,block,iron,minecraft:iron_ore,80,96,0,0.000000000
20260903-default-noop-repeat-community-on-postfix-miny-m64-seed-0,community-on-postfix,0,-64,320,true,true,3465,256,block,iron,minecraft:deepslate_iron_ore,80,96,0,0.000000000
20260903-default-noop-repeat-community-on-postfix-miny-m64-seed-0,community-on-postfix,0,-64,320,true,true,3465,256,family,iron,,96,112,0,0.000000000
20260903-default-noop-repeat-community-on-postfix-miny-m64-seed-0,community-on-postfix,0,-64,320,true,true,3465,256,block,iron,minecraft:iron_ore,96,112,0,0.000000000
20260903-default-noop-repeat-community-on-postfix-miny-m64-seed-0,community-on-postfix,0,-64,320,true,true,3465,256,block,iron,minecraft:deepslate_iron_ore,96,112,0,0.000000000
20260903-default-noop-repeat-community-on-postfix-miny-m64-seed-0,community-on-postfix,0,-64,320,true,true,3465,256,family,iron,,112,128,0,0.000000000
20260903-default-noop-repeat-community-on-postfix-miny-m64-seed-0,community-on-postfix,0,-64,320,true,true,3465,256,block,iron,minecraft:iron_ore,112,128,0,0.000000000
20260903-default-noop-repeat-community-on-postfix-miny-m64-seed-0,community-on-postfix,0,-64,320,true,true,3465,256,block,iron,minecraft:deepslate_iron_ore,112,128,0,0.000000000
20260903-default-noop-repeat-community-on-postfix-miny-m64-seed-0,community-on-postfix,0,-64,320,true,true,3465,256,family,iron,,128,144,0,0.000000000
20260903-default-noop-repeat-community-on-postfix-miny-m64-seed-0,community-on-postfix,0,-64,320,true,true,3465,256,block,iron,minecraft:iron_ore,128,144,0,0.000000000
20260903-default-noop-repeat-community-on-postfix-miny-m64-seed-0,community-on-postfix,0,-64,320,true,true,3465,256,block,iron,minecraft:deepslate_iron_ore,128,144,0,0.000000000
20260903-default-noop-repeat-community-on-postfix-miny-m64-seed-0,community-on-postfix,0,-64,320,true,true,3465,256,family,iron,,144,160,0,0.000000000
20260903-default-noop-repeat-community-on-postfix-miny-m64-seed-0,community-on-postfix,0,-64,320,true,true,3465,256,block,iron,minecraft:iron_ore,144,160,0,0.000000000
20260903-default-noop-repeat-community-on-postfix-miny-m64-seed-0,community-on-postfix,0,-64,320,true,true,3465,256,block,iron,minecraft:deepslate_iron_ore,144,160,0,0.000000000
20260903-default-noop-repeat-community-on-postfix-miny-m64-seed-0,community-on-postfix,0,-64,320,true,true,3465,256,family,iron,,160,176,0,0.000000000
20260903-default-noop-repeat-community-on-postfix-miny-m64-seed-0,community-on-postfix,0,-64,320,true,true,3465,256,block,iron,minecraft:iron_ore,160,176,0,0.000000000
20260903-default-noop-repeat-community-on-postfix-miny-m64-seed-0,community-on-postfix,0,-64,320,true,true,3465,256,block,iron,minecraft:deepslate_iron_ore,160,176,0,0.000000000
20260903-default-noop-repeat-community-on-postfix-miny-m64-seed-0,community-on-postfix,0,-64,320,true,true,3465,256,family,iron,,176,192,0,0.000000000
20260903-default-noop-repeat-community-on-postfix-miny-m64-seed-0,community-on-postfix,0,-64,320,true,true,3465,256,block,iron,minecraft:iron_ore,176,192,0,0.000000000
20260903-default-noop-repeat-community-on-postfix-miny-m64-seed-0,community-on-postfix,0,-64,320,true,true,3465,256,block,iron,minecraft:deepslate_iron_ore,176,192,0,0.000000000
20260903-default-noop-repeat-community-on-postfix-miny-m64-seed-0,community-on-postfix,0,-64,320,true,true,3465,256,family,iron,,192,208,0,0.000000000
20260903-default-noop-repeat-community-on-postfix-miny-m64-seed-0,community-on-postfix,0,-64,320,true,true,3465,256,block,iron,minecraft:iron_ore,192,208,0,0.000000000
20260903-default-noop-repeat-community-on-postfix-miny-m64-seed-0,community-on-postfix,0,-64,320,true,true,3465,256,block,iron,minecraft:deepslate_iron_ore,192,208,0,0.000000000
20260903-default-noop-repeat-community-on-postfix-miny-m64-seed-0,community-on-postfix,0,-64,320,true,true,3465,256,family,iron,,208,224,0,0.000000000
20260903-default-noop-repeat-community-on-postfix-miny-m64-seed-0,community-on-postfix,0,-64,320,true,true,3465,256,block,iron,minecraft:iron_ore,208,224,0,0.000000000
20260903-default-noop-repeat-community-on-postfix-miny-m64-seed-0,community-on-postfix,0,-64,320,true,true,3465,256,block,iron,minecraft:deepslate_iron_ore,208,224,0,0.000000000
20260903-default-noop-repeat-community-on-postfix-miny-m64-seed-0,community-on-postfix,0,-64,320,true,true,3465,256,family,iron,,224,240,0,0.000000000
20260903-default-noop-repeat-community-on-postfix-miny-m64-seed-0,community-on-postfix,0,-64,320,true,true,3465,256,block,iron,minecraft:iron_ore,224,240,0,0.000000000
20260903-default-noop-repeat-community-on-postfix-miny-m64-seed-0,community-on-postfix,0,-64,320,true,true,3465,256,block,iron,minecraft:deepslate_iron_ore,224,240,0,0.000000000
20260903-default-noop-repeat-community-on-postfix-miny-m64-seed-0,community-on-postfix,0,-64,320,true,true,3465,256,family,iron,,240,256,0,0.000000000
20260903-default-noop-repeat-community-on-postfix-miny-m64-seed-0,community-on-postfix,0,-64,320,true,true,3465,256,block,iron,minecraft:iron_ore,240,256,0,0.000000000
20260903-default-noop-repeat-community-on-postfix-miny-m64-seed-0,community-on-postfix,0,-64,320,true,true,3465,256,block,iron,minecraft:deepslate_iron_ore,240,256,0,0.000000000
20260903-default-noop-repeat-community-on-postfix-miny-m64-seed-0,community-on-postfix,0,-64,320,true,true,3465,256,family,iron,,256,272,0,0.000000000
20260903-default-noop-repeat-community-on-postfix-miny-m64-seed-0,community-on-postfix,0,-64,320,true,true,3465,256,block,iron,minecraft:iron_ore,256,272,0,0.000000000
20260903-default-noop-repeat-community-on-postfix-miny-m64-seed-0,community-on-postfix,0,-64,320,true,true,3465,256,block,iron,minecraft:deepslate_iron_ore,256,272,0,0.000000000
20260903-default-noop-repeat-community-on-postfix-miny-m64-seed-0,community-on-postfix,0,-64,320,true,true,3465,256,family,iron,,272,288,0,0.000000000
20260903-default-noop-repeat-community-on-postfix-miny-m64-seed-0,community-on-postfix,0,-64,320,true,true,3465,256,block,iron,minecraft:iron_ore,272,288,0,0.000000000
20260903-default-noop-repeat-community-on-postfix-miny-m64-seed-0,community-on-postfix,0,-64,320,true,true,3465,256,block,iron,minecraft:deepslate_iron_ore,272,288,0,0.000000000
20260903-default-noop-repeat-community-on-postfix-miny-m64-seed-0,community-on-postfix,0,-64,320,true,true,3465,256,family,iron,,288,304,0,0.000000000
20260903-default-noop-repeat-community-on-postfix-miny-m64-seed-0,community-on-postfix,0,-64,320,true,true,3465,256,block,iron,minecraft:iron_ore,288,304,0,0.000000000
20260903-default-noop-repeat-community-on-postfix-miny-m64-seed-0,community-on-postfix,0,-64,320,true,true,3465,256,block,iron,minecraft:deepslate_iron_ore,288,304,0,0.000000000
20260903-default-noop-repeat-community-on-postfix-miny-m64-seed-0,community-on-postfix,0,-64,320,true,true,3465,256,family,iron,,304,320,0,0.000000000
20260903-default-noop-repeat-community-on-postfix-miny-m64-seed-0,community-on-postfix,0,-64,320,true,true,3465,256,block,iron,minecraft:iron_ore,304,320,0,0.000000000
20260903-default-noop-repeat-community-on-postfix-miny-m64-seed-0,community-on-postfix,0,-64,320,true,true,3465,256,block,iron,minecraft:deepslate_iron_ore,304,320,0,0.000000000
20260903-default-noop-repeat-community-on-postfix-miny-m64-seed-0,community-on-postfix,0,-64,320,true,true,3465,256,family,copper,,-64,-48,0,0.000000000
20260903-default-noop-repeat-community-on-postfix-miny-m64-seed-0,community-on-postfix,0,-64,320,true,true,3465,256,block,copper,minecraft:copper_ore,-64,-48,0,0.000000000
20260903-default-noop-repeat-community-on-postfix-miny-m64-seed-0,community-on-postfix,0,-64,320,true,true,3465,256,block,copper,minecraft:deepslate_copper_ore,-64,-48,0,0.000000000
20260903-default-noop-repeat-community-on-postfix-miny-m64-seed-0,community-on-postfix,0,-64,320,true,true,3465,256,family,copper,,-48,-32,0,0.000000000
20260903-default-noop-repeat-community-on-postfix-miny-m64-seed-0,community-on-postfix,0,-64,320,true,true,3465,256,block,copper,minecraft:copper_ore,-48,-32,0,0.000000000
20260903-default-noop-repeat-community-on-postfix-miny-m64-seed-0,community-on-postfix,0,-64,320,true,true,3465,256,block,copper,minecraft:deepslate_copper_ore,-48,-32,0,0.000000000
20260903-default-noop-repeat-community-on-postfix-miny-m64-seed-0,community-on-postfix,0,-64,320,true,true,3465,256,family,copper,,-32,-16,32,0.125000000
20260903-default-noop-repeat-community-on-postfix-miny-m64-seed-0,community-on-postfix,0,-64,320,true,true,3465,256,block,copper,minecraft:copper_ore,-32,-16,0,0.000000000
20260903-default-noop-repeat-community-on-postfix-miny-m64-seed-0,community-on-postfix,0,-64,320,true,true,3465,256,block,copper,minecraft:deepslate_copper_ore,-32,-16,32,0.125000000
20260903-default-noop-repeat-community-on-postfix-miny-m64-seed-0,community-on-postfix,0,-64,320,true,true,3465,256,family,copper,,-16,0,1113,4.347656250
20260903-default-noop-repeat-community-on-postfix-miny-m64-seed-0,community-on-postfix,0,-64,320,true,true,3465,256,block,copper,minecraft:copper_ore,-16,0,39,0.152343750
20260903-default-noop-repeat-community-on-postfix-miny-m64-seed-0,community-on-postfix,0,-64,320,true,true,3465,256,block,copper,minecraft:deepslate_copper_ore,-16,0,1074,4.195312500
20260903-default-noop-repeat-community-on-postfix-miny-m64-seed-0,community-on-postfix,0,-64,320,true,true,3465,256,family,copper,,0,16,2484,9.703125000
20260903-default-noop-repeat-community-on-postfix-miny-m64-seed-0,community-on-postfix,0,-64,320,true,true,3465,256,block,copper,minecraft:copper_ore,0,16,2060,8.046875000
20260903-default-noop-repeat-community-on-postfix-miny-m64-seed-0,community-on-postfix,0,-64,320,true,true,3465,256,block,copper,minecraft:deepslate_copper_ore,0,16,424,1.656250000
20260903-default-noop-repeat-community-on-postfix-miny-m64-seed-0,community-on-postfix,0,-64,320,true,true,3465,256,family,copper,,16,32,3755,14.667968750
20260903-default-noop-repeat-community-on-postfix-miny-m64-seed-0,community-on-postfix,0,-64,320,true,true,3465,256,block,copper,minecraft:copper_ore,16,32,3755,14.667968750
20260903-default-noop-repeat-community-on-postfix-miny-m64-seed-0,community-on-postfix,0,-64,320,true,true,3465,256,block,copper,minecraft:deepslate_copper_ore,16,32,0,0.000000000
20260903-default-noop-repeat-community-on-postfix-miny-m64-seed-0,community-on-postfix,0,-64,320,true,true,3465,256,family,copper,,32,48,1851,7.230468750
20260903-default-noop-repeat-community-on-postfix-miny-m64-seed-0,community-on-postfix,0,-64,320,true,true,3465,256,block,copper,minecraft:copper_ore,32,48,1851,7.230468750
20260903-default-noop-repeat-community-on-postfix-miny-m64-seed-0,community-on-postfix,0,-64,320,true,true,3465,256,block,copper,minecraft:deepslate_copper_ore,32,48,0,0.000000000
20260903-default-noop-repeat-community-on-postfix-miny-m64-seed-0,community-on-postfix,0,-64,320,true,true,3465,256,family,copper,,48,64,80,0.312500000
20260903-default-noop-repeat-community-on-postfix-miny-m64-seed-0,community-on-postfix,0,-64,320,true,true,3465,256,block,copper,minecraft:copper_ore,48,64,80,0.312500000
20260903-default-noop-repeat-community-on-postfix-miny-m64-seed-0,community-on-postfix,0,-64,320,true,true,3465,256,block,copper,minecraft:deepslate_copper_ore,48,64,0,0.000000000
20260903-default-noop-repeat-community-on-postfix-miny-m64-seed-0,community-on-postfix,0,-64,320,true,true,3465,256,family,copper,,64,80,0,0.000000000
20260903-default-noop-repeat-community-on-postfix-miny-m64-seed-0,community-on-postfix,0,-64,320,true,true,3465,256,block,copper,minecraft:copper_ore,64,80,0,0.000000000
20260903-default-noop-repeat-community-on-postfix-miny-m64-seed-0,community-on-postfix,0,-64,320,true,true,3465,256,block,copper,minecraft:deepslate_copper_ore,64,80,0,0.000000000
20260903-default-noop-repeat-community-on-postfix-miny-m64-seed-0,community-on-postfix,0,-64,320,true,true,3465,256,family,copper,,80,96,0,0.000000000
20260903-default-noop-repeat-community-on-postfix-miny-m64-seed-0,community-on-postfix,0,-64,320,true,true,3465,256,block,copper,minecraft:copper_ore,80,96,0,0.000000000
20260903-default-noop-repeat-community-on-postfix-miny-m64-seed-0,community-on-postfix,0,-64,320,true,true,3465,256,block,copper,minecraft:deepslate_copper_ore,80,96,0,0.000000000
20260903-default-noop-repeat-community-on-postfix-miny-m64-seed-0,community-on-postfix,0,-64,320,true,true,3465,256,family,copper,,96,112,0,0.000000000
20260903-default-noop-repeat-community-on-postfix-miny-m64-seed-0,community-on-postfix,0,-64,320,true,true,3465,256,block,copper,minecraft:copper_ore,96,112,0,0.000000000
20260903-default-noop-repeat-community-on-postfix-miny-m64-seed-0,community-on-postfix,0,-64,320,true,true,3465,256,block,copper,minecraft:deepslate_copper_ore,96,112,0,0.000000000
20260903-default-noop-repeat-community-on-postfix-miny-m64-seed-0,community-on-postfix,0,-64,320,true,true,3465,256,family,copper,,112,128,0,0.000000000
20260903-default-noop-repeat-community-on-postfix-miny-m64-seed-0,community-on-postfix,0,-64,320,true,true,3465,256,block,copper,minecraft:copper_ore,112,128,0,0.000000000
20260903-default-noop-repeat-community-on-postfix-miny-m64-seed-0,community-on-postfix,0,-64,320,true,true,3465,256,block,copper,minecraft:deepslate_copper_ore,112,128,0,0.000000000
20260903-default-noop-repeat-community-on-postfix-miny-m64-seed-0,community-on-postfix,0,-64,320,true,true,3465,256,family,copper,,128,144,0,0.000000000
20260903-default-noop-repeat-community-on-postfix-miny-m64-seed-0,community-on-postfix,0,-64,320,true,true,3465,256,block,copper,minecraft:copper_ore,128,144,0,0.000000000
20260903-default-noop-repeat-community-on-postfix-miny-m64-seed-0,community-on-postfix,0,-64,320,true,true,3465,256,block,copper,minecraft:deepslate_copper_ore,128,144,0,0.000000000
20260903-default-noop-repeat-community-on-postfix-miny-m64-seed-0,community-on-postfix,0,-64,320,true,true,3465,256,family,copper,,144,160,0,0.000000000
20260903-default-noop-repeat-community-on-postfix-miny-m64-seed-0,community-on-postfix,0,-64,320,true,true,3465,256,block,copper,minecraft:copper_ore,144,160,0,0.000000000
20260903-default-noop-repeat-community-on-postfix-miny-m64-seed-0,community-on-postfix,0,-64,320,true,true,3465,256,block,copper,minecraft:deepslate_copper_ore,144,160,0,0.000000000
20260903-default-noop-repeat-community-on-postfix-miny-m64-seed-0,community-on-postfix,0,-64,320,true,true,3465,256,family,copper,,160,176,0,0.000000000
20260903-default-noop-repeat-community-on-postfix-miny-m64-seed-0,community-on-postfix,0,-64,320,true,true,3465,256,block,copper,minecraft:copper_ore,160,176,0,0.000000000
20260903-default-noop-repeat-community-on-postfix-miny-m64-seed-0,community-on-postfix,0,-64,320,true,true,3465,256,block,copper,minecraft:deepslate_copper_ore,160,176,0,0.000000000
20260903-default-noop-repeat-community-on-postfix-miny-m64-seed-0,community-on-postfix,0,-64,320,true,true,3465,256,family,copper,,176,192,0,0.000000000
20260903-default-noop-repeat-community-on-postfix-miny-m64-seed-0,community-on-postfix,0,-64,320,true,true,3465,256,block,copper,minecraft:copper_ore,176,192,0,0.000000000
20260903-default-noop-repeat-community-on-postfix-miny-m64-seed-0,community-on-postfix,0,-64,320,true,true,3465,256,block,copper,minecraft:deepslate_copper_ore,176,192,0,0.000000000
20260903-default-noop-repeat-community-on-postfix-miny-m64-seed-0,community-on-postfix,0,-64,320,true,true,3465,256,family,copper,,192,208,0,0.000000000
20260903-default-noop-repeat-community-on-postfix-miny-m64-seed-0,community-on-postfix,0,-64,320,true,true,3465,256,block,copper,minecraft:copper_ore,192,208,0,0.000000000
20260903-default-noop-repeat-community-on-postfix-miny-m64-seed-0,community-on-postfix,0,-64,320,true,true,3465,256,block,copper,minecraft:deepslate_copper_ore,192,208,0,0.000000000
20260903-default-noop-repeat-community-on-postfix-miny-m64-seed-0,community-on-postfix,0,-64,320,true,true,3465,256,family,copper,,208,224,0,0.000000000
20260903-default-noop-repeat-community-on-postfix-miny-m64-seed-0,community-on-postfix,0,-64,320,true,true,3465,256,block,copper,minecraft:copper_ore,208,224,0,0.000000000
20260903-default-noop-repeat-community-on-postfix-miny-m64-seed-0,community-on-postfix,0,-64,320,true,true,3465,256,block,copper,minecraft:deepslate_copper_ore,208,224,0,0.000000000
20260903-default-noop-repeat-community-on-postfix-miny-m64-seed-0,community-on-postfix,0,-64,320,true,true,3465,256,family,copper,,224,240,0,0.000000000
20260903-default-noop-repeat-community-on-postfix-miny-m64-seed-0,community-on-postfix,0,-64,320,true,true,3465,256,block,copper,minecraft:copper_ore,224,240,0,0.000000000
20260903-default-noop-repeat-community-on-postfix-miny-m64-seed-0,community-on-postfix,0,-64,320,true,true,3465,256,block,copper,minecraft:deepslate_copper_ore,224,240,0,0.000000000
20260903-default-noop-repeat-community-on-postfix-miny-m64-seed-0,community-on-postfix,0,-64,320,true,true,3465,256,family,copper,,240,256,0,0.000000000
20260903-default-noop-repeat-community-on-postfix-miny-m64-seed-0,community-on-postfix,0,-64,320,true,true,3465,256,block,copper,minecraft:copper_ore,240,256,0,0.000000000
20260903-default-noop-repeat-community-on-postfix-miny-m64-seed-0,community-on-postfix,0,-64,320,true,true,3465,256,block,copper,minecraft:deepslate_copper_ore,240,256,0,0.000000000
20260903-default-noop-repeat-community-on-postfix-miny-m64-seed-0,community-on-postfix,0,-64,320,true,true,3465,256,family,copper,,256,272,0,0.000000000
20260903-default-noop-repeat-community-on-postfix-miny-m64-seed-0,community-on-postfix,0,-64,320,true,true,3465,256,block,copper,minecraft:copper_ore,256,272,0,0.000000000
20260903-default-noop-repeat-community-on-postfix-miny-m64-seed-0,community-on-postfix,0,-64,320,true,true,3465,256,block,copper,minecraft:deepslate_copper_ore,256,272,0,0.000000000
20260903-default-noop-repeat-community-on-postfix-miny-m64-seed-0,community-on-postfix,0,-64,320,true,true,3465,256,family,copper,,272,288,0,0.000000000
20260903-default-noop-repeat-community-on-postfix-miny-m64-seed-0,community-on-postfix,0,-64,320,true,true,3465,256,block,copper,minecraft:copper_ore,272,288,0,0.000000000
20260903-default-noop-repeat-community-on-postfix-miny-m64-seed-0,community-on-postfix,0,-64,320,true,true,3465,256,block,copper,minecraft:deepslate_copper_ore,272,288,0,0.000000000
20260903-default-noop-repeat-community-on-postfix-miny-m64-seed-0,community-on-postfix,0,-64,320,true,true,3465,256,family,copper,,288,304,0,0.000000000
20260903-default-noop-repeat-community-on-postfix-miny-m64-seed-0,community-on-postfix,0,-64,320,true,true,3465,256,block,copper,minecraft:copper_ore,288,304,0,0.000000000
20260903-default-noop-repeat-community-on-postfix-miny-m64-seed-0,community-on-postfix,0,-64,320,true,true,3465,256,block,copper,minecraft:deepslate_copper_ore,288,304,0,0.000000000
20260903-default-noop-repeat-community-on-postfix-miny-m64-seed-0,community-on-postfix,0,-64,320,true,true,3465,256,family,copper,,304,320,0,0.000000000
20260903-default-noop-repeat-community-on-postfix-miny-m64-seed-0,community-on-postfix,0,-64,320,true,true,3465,256,block,copper,minecraft:copper_ore,304,320,0,0.000000000
20260903-default-noop-repeat-community-on-postfix-miny-m64-seed-0,community-on-postfix,0,-64,320,true,true,3465,256,block,copper,minecraft:deepslate_copper_ore,304,320,0,0.000000000
20260903-default-noop-repeat-community-on-postfix-miny-m64-seed-0,community-on-postfix,0,-64,320,true,true,3465,256,family,gold,,-64,-48,917,3.582031250
20260903-default-noop-repeat-community-on-postfix-miny-m64-seed-0,community-on-postfix,0,-64,320,true,true,3465,256,block,gold,minecraft:gold_ore,-64,-48,0,0.000000000
20260903-default-noop-repeat-community-on-postfix-miny-m64-seed-0,community-on-postfix,0,-64,320,true,true,3465,256,block,gold,minecraft:deepslate_gold_ore,-64,-48,917,3.582031250
20260903-default-noop-repeat-community-on-postfix-miny-m64-seed-0,community-on-postfix,0,-64,320,true,true,3465,256,family,gold,,-48,-32,943,3.683593750
20260903-default-noop-repeat-community-on-postfix-miny-m64-seed-0,community-on-postfix,0,-64,320,true,true,3465,256,block,gold,minecraft:gold_ore,-48,-32,0,0.000000000
20260903-default-noop-repeat-community-on-postfix-miny-m64-seed-0,community-on-postfix,0,-64,320,true,true,3465,256,block,gold,minecraft:deepslate_gold_ore,-48,-32,943,3.683593750
20260903-default-noop-repeat-community-on-postfix-miny-m64-seed-0,community-on-postfix,0,-64,320,true,true,3465,256,family,gold,,-32,-16,1656,6.468750000
20260903-default-noop-repeat-community-on-postfix-miny-m64-seed-0,community-on-postfix,0,-64,320,true,true,3465,256,block,gold,minecraft:gold_ore,-32,-16,0,0.000000000
20260903-default-noop-repeat-community-on-postfix-miny-m64-seed-0,community-on-postfix,0,-64,320,true,true,3465,256,block,gold,minecraft:deepslate_gold_ore,-32,-16,1656,6.468750000
20260903-default-noop-repeat-community-on-postfix-miny-m64-seed-0,community-on-postfix,0,-64,320,true,true,3465,256,family,gold,,-16,0,1499,5.855468750
20260903-default-noop-repeat-community-on-postfix-miny-m64-seed-0,community-on-postfix,0,-64,320,true,true,3465,256,block,gold,minecraft:gold_ore,-16,0,17,0.066406250
20260903-default-noop-repeat-community-on-postfix-miny-m64-seed-0,community-on-postfix,0,-64,320,true,true,3465,256,block,gold,minecraft:deepslate_gold_ore,-16,0,1482,5.789062500
20260903-default-noop-repeat-community-on-postfix-miny-m64-seed-0,community-on-postfix,0,-64,320,true,true,3465,256,family,gold,,0,16,835,3.261718750
20260903-default-noop-repeat-community-on-postfix-miny-m64-seed-0,community-on-postfix,0,-64,320,true,true,3465,256,block,gold,minecraft:gold_ore,0,16,632,2.468750000
20260903-default-noop-repeat-community-on-postfix-miny-m64-seed-0,community-on-postfix,0,-64,320,true,true,3465,256,block,gold,minecraft:deepslate_gold_ore,0,16,203,0.792968750
20260903-default-noop-repeat-community-on-postfix-miny-m64-seed-0,community-on-postfix,0,-64,320,true,true,3465,256,family,gold,,16,32,234,0.914062500
20260903-default-noop-repeat-community-on-postfix-miny-m64-seed-0,community-on-postfix,0,-64,320,true,true,3465,256,block,gold,minecraft:gold_ore,16,32,234,0.914062500
20260903-default-noop-repeat-community-on-postfix-miny-m64-seed-0,community-on-postfix,0,-64,320,true,true,3465,256,block,gold,minecraft:deepslate_gold_ore,16,32,0,0.000000000
20260903-default-noop-repeat-community-on-postfix-miny-m64-seed-0,community-on-postfix,0,-64,320,true,true,3465,256,family,gold,,32,48,0,0.000000000
20260903-default-noop-repeat-community-on-postfix-miny-m64-seed-0,community-on-postfix,0,-64,320,true,true,3465,256,block,gold,minecraft:gold_ore,32,48,0,0.000000000
20260903-default-noop-repeat-community-on-postfix-miny-m64-seed-0,community-on-postfix,0,-64,320,true,true,3465,256,block,gold,minecraft:deepslate_gold_ore,32,48,0,0.000000000
20260903-default-noop-repeat-community-on-postfix-miny-m64-seed-0,community-on-postfix,0,-64,320,true,true,3465,256,family,gold,,48,64,0,0.000000000
20260903-default-noop-repeat-community-on-postfix-miny-m64-seed-0,community-on-postfix,0,-64,320,true,true,3465,256,block,gold,minecraft:gold_ore,48,64,0,0.000000000
20260903-default-noop-repeat-community-on-postfix-miny-m64-seed-0,community-on-postfix,0,-64,320,true,true,3465,256,block,gold,minecraft:deepslate_gold_ore,48,64,0,0.000000000
20260903-default-noop-repeat-community-on-postfix-miny-m64-seed-0,community-on-postfix,0,-64,320,true,true,3465,256,family,gold,,64,80,0,0.000000000
20260903-default-noop-repeat-community-on-postfix-miny-m64-seed-0,community-on-postfix,0,-64,320,true,true,3465,256,block,gold,minecraft:gold_ore,64,80,0,0.000000000
20260903-default-noop-repeat-community-on-postfix-miny-m64-seed-0,community-on-postfix,0,-64,320,true,true,3465,256,block,gold,minecraft:deepslate_gold_ore,64,80,0,0.000000000
20260903-default-noop-repeat-community-on-postfix-miny-m64-seed-0,community-on-postfix,0,-64,320,true,true,3465,256,family,gold,,80,96,0,0.000000000
20260903-default-noop-repeat-community-on-postfix-miny-m64-seed-0,community-on-postfix,0,-64,320,true,true,3465,256,block,gold,minecraft:gold_ore,80,96,0,0.000000000
20260903-default-noop-repeat-community-on-postfix-miny-m64-seed-0,community-on-postfix,0,-64,320,true,true,3465,256,block,gold,minecraft:deepslate_gold_ore,80,96,0,0.000000000
20260903-default-noop-repeat-community-on-postfix-miny-m64-seed-0,community-on-postfix,0,-64,320,true,true,3465,256,family,gold,,96,112,0,0.000000000
20260903-default-noop-repeat-community-on-postfix-miny-m64-seed-0,community-on-postfix,0,-64,320,true,true,3465,256,block,gold,minecraft:gold_ore,96,112,0,0.000000000
20260903-default-noop-repeat-community-on-postfix-miny-m64-seed-0,community-on-postfix,0,-64,320,true,true,3465,256,block,gold,minecraft:deepslate_gold_ore,96,112,0,0.000000000
20260903-default-noop-repeat-community-on-postfix-miny-m64-seed-0,community-on-postfix,0,-64,320,true,true,3465,256,family,gold,,112,128,0,0.000000000
20260903-default-noop-repeat-community-on-postfix-miny-m64-seed-0,community-on-postfix,0,-64,320,true,true,3465,256,block,gold,minecraft:gold_ore,112,128,0,0.000000000
20260903-default-noop-repeat-community-on-postfix-miny-m64-seed-0,community-on-postfix,0,-64,320,true,true,3465,256,block,gold,minecraft:deepslate_gold_ore,112,128,0,0.000000000
20260903-default-noop-repeat-community-on-postfix-miny-m64-seed-0,community-on-postfix,0,-64,320,true,true,3465,256,family,gold,,128,144,0,0.000000000
20260903-default-noop-repeat-community-on-postfix-miny-m64-seed-0,community-on-postfix,0,-64,320,true,true,3465,256,block,gold,minecraft:gold_ore,128,144,0,0.000000000
20260903-default-noop-repeat-community-on-postfix-miny-m64-seed-0,community-on-postfix,0,-64,320,true,true,3465,256,block,gold,minecraft:deepslate_gold_ore,128,144,0,0.000000000
20260903-default-noop-repeat-community-on-postfix-miny-m64-seed-0,community-on-postfix,0,-64,320,true,true,3465,256,family,gold,,144,160,0,0.000000000
20260903-default-noop-repeat-community-on-postfix-miny-m64-seed-0,community-on-postfix,0,-64,320,true,true,3465,256,block,gold,minecraft:gold_ore,144,160,0,0.000000000
20260903-default-noop-repeat-community-on-postfix-miny-m64-seed-0,community-on-postfix,0,-64,320,true,true,3465,256,block,gold,minecraft:deepslate_gold_ore,144,160,0,0.000000000
20260903-default-noop-repeat-community-on-postfix-miny-m64-seed-0,community-on-postfix,0,-64,320,true,true,3465,256,family,gold,,160,176,0,0.000000000
20260903-default-noop-repeat-community-on-postfix-miny-m64-seed-0,community-on-postfix,0,-64,320,true,true,3465,256,block,gold,minecraft:gold_ore,160,176,0,0.000000000
20260903-default-noop-repeat-community-on-postfix-miny-m64-seed-0,community-on-postfix,0,-64,320,true,true,3465,256,block,gold,minecraft:deepslate_gold_ore,160,176,0,0.000000000
20260903-default-noop-repeat-community-on-postfix-miny-m64-seed-0,community-on-postfix,0,-64,320,true,true,3465,256,family,gold,,176,192,0,0.000000000
20260903-default-noop-repeat-community-on-postfix-miny-m64-seed-0,community-on-postfix,0,-64,320,true,true,3465,256,block,gold,minecraft:gold_ore,176,192,0,0.000000000
20260903-default-noop-repeat-community-on-postfix-miny-m64-seed-0,community-on-postfix,0,-64,320,true,true,3465,256,block,gold,minecraft:deepslate_gold_ore,176,192,0,0.000000000
20260903-default-noop-repeat-community-on-postfix-miny-m64-seed-0,community-on-postfix,0,-64,320,true,true,3465,256,family,gold,,192,208,0,0.000000000
20260903-default-noop-repeat-community-on-postfix-miny-m64-seed-0,community-on-postfix,0,-64,320,true,true,3465,256,block,gold,minecraft:gold_ore,192,208,0,0.000000000
20260903-default-noop-repeat-community-on-postfix-miny-m64-seed-0,community-on-postfix,0,-64,320,true,true,3465,256,block,gold,minecraft:deepslate_gold_ore,192,208,0,0.000000000
20260903-default-noop-repeat-community-on-postfix-miny-m64-seed-0,community-on-postfix,0,-64,320,true,true,3465,256,family,gold,,208,224,0,0.000000000
20260903-default-noop-repeat-community-on-postfix-miny-m64-seed-0,community-on-postfix,0,-64,320,true,true,3465,256,block,gold,minecraft:gold_ore,208,224,0,0.000000000
20260903-default-noop-repeat-community-on-postfix-miny-m64-seed-0,community-on-postfix,0,-64,320,true,true,3465,256,block,gold,minecraft:deepslate_gold_ore,208,224,0,0.000000000
20260903-default-noop-repeat-community-on-postfix-miny-m64-seed-0,community-on-postfix,0,-64,320,true,true,3465,256,family,gold,,224,240,0,0.000000000
20260903-default-noop-repeat-community-on-postfix-miny-m64-seed-0,community-on-postfix,0,-64,320,true,true,3465,256,block,gold,minecraft:gold_ore,224,240,0,0.000000000
20260903-default-noop-repeat-community-on-postfix-miny-m64-seed-0,community-on-postfix,0,-64,320,true,true,3465,256,block,gold,minecraft:deepslate_gold_ore,224,240,0,0.000000000
20260903-default-noop-repeat-community-on-postfix-miny-m64-seed-0,community-on-postfix,0,-64,320,true,true,3465,256,family,gold,,240,256,0,0.000000000
20260903-default-noop-repeat-community-on-postfix-miny-m64-seed-0,community-on-postfix,0,-64,320,true,true,3465,256,block,gold,minecraft:gold_ore,240,256,0,0.000000000
20260903-default-noop-repeat-community-on-postfix-miny-m64-seed-0,community-on-postfix,0,-64,320,true,true,3465,256,block,gold,minecraft:deepslate_gold_ore,240,256,0,0.000000000
20260903-default-noop-repeat-community-on-postfix-miny-m64-seed-0,community-on-postfix,0,-64,320,true,true,3465,256,family,gold,,256,272,0,0.000000000
20260903-default-noop-repeat-community-on-postfix-miny-m64-seed-0,community-on-postfix,0,-64,320,true,true,3465,256,block,gold,minecraft:gold_ore,256,272,0,0.000000000
20260903-default-noop-repeat-community-on-postfix-miny-m64-seed-0,community-on-postfix,0,-64,320,true,true,3465,256,block,gold,minecraft:deepslate_gold_ore,256,272,0,0.000000000
20260903-default-noop-repeat-community-on-postfix-miny-m64-seed-0,community-on-postfix,0,-64,320,true,true,3465,256,family,gold,,272,288,0,0.000000000
20260903-default-noop-repeat-community-on-postfix-miny-m64-seed-0,community-on-postfix,0,-64,320,true,true,3465,256,block,gold,minecraft:gold_ore,272,288,0,0.000000000
20260903-default-noop-repeat-community-on-postfix-miny-m64-seed-0,community-on-postfix,0,-64,320,true,true,3465,256,block,gold,minecraft:deepslate_gold_ore,272,288,0,0.000000000
20260903-default-noop-repeat-community-on-postfix-miny-m64-seed-0,community-on-postfix,0,-64,320,true,true,3465,256,family,gold,,288,304,0,0.000000000
20260903-default-noop-repeat-community-on-postfix-miny-m64-seed-0,community-on-postfix,0,-64,320,true,true,3465,256,block,gold,minecraft:gold_ore,288,304,0,0.000000000
20260903-default-noop-repeat-community-on-postfix-miny-m64-seed-0,community-on-postfix,0,-64,320,true,true,3465,256,block,gold,minecraft:deepslate_gold_ore,288,304,0,0.000000000
20260903-default-noop-repeat-community-on-postfix-miny-m64-seed-0,community-on-postfix,0,-64,320,true,true,3465,256,family,gold,,304,320,0,0.000000000
20260903-default-noop-repeat-community-on-postfix-miny-m64-seed-0,community-on-postfix,0,-64,320,true,true,3465,256,block,gold,minecraft:gold_ore,304,320,0,0.000000000
20260903-default-noop-repeat-community-on-postfix-miny-m64-seed-0,community-on-postfix,0,-64,320,true,true,3465,256,block,gold,minecraft:deepslate_gold_ore,304,320,0,0.000000000
20260903-default-noop-repeat-community-on-postfix-miny-m64-seed-0,community-on-postfix,0,-64,320,true,true,3465,256,family,redstone,,-64,-48,3803,14.855468750
20260903-default-noop-repeat-community-on-postfix-miny-m64-seed-0,community-on-postfix,0,-64,320,true,true,3465,256,block,redstone,minecraft:redstone_ore,-64,-48,0,0.000000000
20260903-default-noop-repeat-community-on-postfix-miny-m64-seed-0,community-on-postfix,0,-64,320,true,true,3465,256,block,redstone,minecraft:deepslate_redstone_ore,-64,-48,3803,14.855468750
20260903-default-noop-repeat-community-on-postfix-miny-m64-seed-0,community-on-postfix,0,-64,320,true,true,3465,256,family,redstone,,-48,-32,1971,7.699218750
20260903-default-noop-repeat-community-on-postfix-miny-m64-seed-0,community-on-postfix,0,-64,320,true,true,3465,256,block,redstone,minecraft:redstone_ore,-48,-32,0,0.000000000
20260903-default-noop-repeat-community-on-postfix-miny-m64-seed-0,community-on-postfix,0,-64,320,true,true,3465,256,block,redstone,minecraft:deepslate_redstone_ore,-48,-32,1971,7.699218750
20260903-default-noop-repeat-community-on-postfix-miny-m64-seed-0,community-on-postfix,0,-64,320,true,true,3465,256,family,redstone,,-32,-16,907,3.542968750
20260903-default-noop-repeat-community-on-postfix-miny-m64-seed-0,community-on-postfix,0,-64,320,true,true,3465,256,block,redstone,minecraft:redstone_ore,-32,-16,0,0.000000000
20260903-default-noop-repeat-community-on-postfix-miny-m64-seed-0,community-on-postfix,0,-64,320,true,true,3465,256,block,redstone,minecraft:deepslate_redstone_ore,-32,-16,907,3.542968750
20260903-default-noop-repeat-community-on-postfix-miny-m64-seed-0,community-on-postfix,0,-64,320,true,true,3465,256,family,redstone,,-16,0,994,3.882812500
20260903-default-noop-repeat-community-on-postfix-miny-m64-seed-0,community-on-postfix,0,-64,320,true,true,3465,256,block,redstone,minecraft:redstone_ore,-16,0,14,0.054687500
20260903-default-noop-repeat-community-on-postfix-miny-m64-seed-0,community-on-postfix,0,-64,320,true,true,3465,256,block,redstone,minecraft:deepslate_redstone_ore,-16,0,980,3.828125000
20260903-default-noop-repeat-community-on-postfix-miny-m64-seed-0,community-on-postfix,0,-64,320,true,true,3465,256,family,redstone,,0,16,815,3.183593750
20260903-default-noop-repeat-community-on-postfix-miny-m64-seed-0,community-on-postfix,0,-64,320,true,true,3465,256,block,redstone,minecraft:redstone_ore,0,16,614,2.398437500
20260903-default-noop-repeat-community-on-postfix-miny-m64-seed-0,community-on-postfix,0,-64,320,true,true,3465,256,block,redstone,minecraft:deepslate_redstone_ore,0,16,201,0.785156250
20260903-default-noop-repeat-community-on-postfix-miny-m64-seed-0,community-on-postfix,0,-64,320,true,true,3465,256,family,redstone,,16,32,0,0.000000000
20260903-default-noop-repeat-community-on-postfix-miny-m64-seed-0,community-on-postfix,0,-64,320,true,true,3465,256,block,redstone,minecraft:redstone_ore,16,32,0,0.000000000
20260903-default-noop-repeat-community-on-postfix-miny-m64-seed-0,community-on-postfix,0,-64,320,true,true,3465,256,block,redstone,minecraft:deepslate_redstone_ore,16,32,0,0.000000000
20260903-default-noop-repeat-community-on-postfix-miny-m64-seed-0,community-on-postfix,0,-64,320,true,true,3465,256,family,redstone,,32,48,0,0.000000000
20260903-default-noop-repeat-community-on-postfix-miny-m64-seed-0,community-on-postfix,0,-64,320,true,true,3465,256,block,redstone,minecraft:redstone_ore,32,48,0,0.000000000
20260903-default-noop-repeat-community-on-postfix-miny-m64-seed-0,community-on-postfix,0,-64,320,true,true,3465,256,block,redstone,minecraft:deepslate_redstone_ore,32,48,0,0.000000000
20260903-default-noop-repeat-community-on-postfix-miny-m64-seed-0,community-on-postfix,0,-64,320,true,true,3465,256,family,redstone,,48,64,0,0.000000000
20260903-default-noop-repeat-community-on-postfix-miny-m64-seed-0,community-on-postfix,0,-64,320,true,true,3465,256,block,redstone,minecraft:redstone_ore,48,64,0,0.000000000
20260903-default-noop-repeat-community-on-postfix-miny-m64-seed-0,community-on-postfix,0,-64,320,true,true,3465,256,block,redstone,minecraft:deepslate_redstone_ore,48,64,0,0.000000000
20260903-default-noop-repeat-community-on-postfix-miny-m64-seed-0,community-on-postfix,0,-64,320,true,true,3465,256,family,redstone,,64,80,0,0.000000000
20260903-default-noop-repeat-community-on-postfix-miny-m64-seed-0,community-on-postfix,0,-64,320,true,true,3465,256,block,redstone,minecraft:redstone_ore,64,80,0,0.000000000
20260903-default-noop-repeat-community-on-postfix-miny-m64-seed-0,community-on-postfix,0,-64,320,true,true,3465,256,block,redstone,minecraft:deepslate_redstone_ore,64,80,0,0.000000000
20260903-default-noop-repeat-community-on-postfix-miny-m64-seed-0,community-on-postfix,0,-64,320,true,true,3465,256,family,redstone,,80,96,0,0.000000000
20260903-default-noop-repeat-community-on-postfix-miny-m64-seed-0,community-on-postfix,0,-64,320,true,true,3465,256,block,redstone,minecraft:redstone_ore,80,96,0,0.000000000
20260903-default-noop-repeat-community-on-postfix-miny-m64-seed-0,community-on-postfix,0,-64,320,true,true,3465,256,block,redstone,minecraft:deepslate_redstone_ore,80,96,0,0.000000000
20260903-default-noop-repeat-community-on-postfix-miny-m64-seed-0,community-on-postfix,0,-64,320,true,true,3465,256,family,redstone,,96,112,0,0.000000000
20260903-default-noop-repeat-community-on-postfix-miny-m64-seed-0,community-on-postfix,0,-64,320,true,true,3465,256,block,redstone,minecraft:redstone_ore,96,112,0,0.000000000
20260903-default-noop-repeat-community-on-postfix-miny-m64-seed-0,community-on-postfix,0,-64,320,true,true,3465,256,block,redstone,minecraft:deepslate_redstone_ore,96,112,0,0.000000000
20260903-default-noop-repeat-community-on-postfix-miny-m64-seed-0,community-on-postfix,0,-64,320,true,true,3465,256,family,redstone,,112,128,0,0.000000000
20260903-default-noop-repeat-community-on-postfix-miny-m64-seed-0,community-on-postfix,0,-64,320,true,true,3465,256,block,redstone,minecraft:redstone_ore,112,128,0,0.000000000
20260903-default-noop-repeat-community-on-postfix-miny-m64-seed-0,community-on-postfix,0,-64,320,true,true,3465,256,block,redstone,minecraft:deepslate_redstone_ore,112,128,0,0.000000000
20260903-default-noop-repeat-community-on-postfix-miny-m64-seed-0,community-on-postfix,0,-64,320,true,true,3465,256,family,redstone,,128,144,0,0.000000000
20260903-default-noop-repeat-community-on-postfix-miny-m64-seed-0,community-on-postfix,0,-64,320,true,true,3465,256,block,redstone,minecraft:redstone_ore,128,144,0,0.000000000
20260903-default-noop-repeat-community-on-postfix-miny-m64-seed-0,community-on-postfix,0,-64,320,true,true,3465,256,block,redstone,minecraft:deepslate_redstone_ore,128,144,0,0.000000000
20260903-default-noop-repeat-community-on-postfix-miny-m64-seed-0,community-on-postfix,0,-64,320,true,true,3465,256,family,redstone,,144,160,0,0.000000000
20260903-default-noop-repeat-community-on-postfix-miny-m64-seed-0,community-on-postfix,0,-64,320,true,true,3465,256,block,redstone,minecraft:redstone_ore,144,160,0,0.000000000
20260903-default-noop-repeat-community-on-postfix-miny-m64-seed-0,community-on-postfix,0,-64,320,true,true,3465,256,block,redstone,minecraft:deepslate_redstone_ore,144,160,0,0.000000000
20260903-default-noop-repeat-community-on-postfix-miny-m64-seed-0,community-on-postfix,0,-64,320,true,true,3465,256,family,redstone,,160,176,0,0.000000000
20260903-default-noop-repeat-community-on-postfix-miny-m64-seed-0,community-on-postfix,0,-64,320,true,true,3465,256,block,redstone,minecraft:redstone_ore,160,176,0,0.000000000
20260903-default-noop-repeat-community-on-postfix-miny-m64-seed-0,community-on-postfix,0,-64,320,true,true,3465,256,block,redstone,minecraft:deepslate_redstone_ore,160,176,0,0.000000000
20260903-default-noop-repeat-community-on-postfix-miny-m64-seed-0,community-on-postfix,0,-64,320,true,true,3465,256,family,redstone,,176,192,0,0.000000000
20260903-default-noop-repeat-community-on-postfix-miny-m64-seed-0,community-on-postfix,0,-64,320,true,true,3465,256,block,redstone,minecraft:redstone_ore,176,192,0,0.000000000
20260903-default-noop-repeat-community-on-postfix-miny-m64-seed-0,community-on-postfix,0,-64,320,true,true,3465,256,block,redstone,minecraft:deepslate_redstone_ore,176,192,0,0.000000000
20260903-default-noop-repeat-community-on-postfix-miny-m64-seed-0,community-on-postfix,0,-64,320,true,true,3465,256,family,redstone,,192,208,0,0.000000000
20260903-default-noop-repeat-community-on-postfix-miny-m64-seed-0,community-on-postfix,0,-64,320,true,true,3465,256,block,redstone,minecraft:redstone_ore,192,208,0,0.000000000
20260903-default-noop-repeat-community-on-postfix-miny-m64-seed-0,community-on-postfix,0,-64,320,true,true,3465,256,block,redstone,minecraft:deepslate_redstone_ore,192,208,0,0.000000000
20260903-default-noop-repeat-community-on-postfix-miny-m64-seed-0,community-on-postfix,0,-64,320,true,true,3465,256,family,redstone,,208,224,0,0.000000000
20260903-default-noop-repeat-community-on-postfix-miny-m64-seed-0,community-on-postfix,0,-64,320,true,true,3465,256,block,redstone,minecraft:redstone_ore,208,224,0,0.000000000
20260903-default-noop-repeat-community-on-postfix-miny-m64-seed-0,community-on-postfix,0,-64,320,true,true,3465,256,block,redstone,minecraft:deepslate_redstone_ore,208,224,0,0.000000000
20260903-default-noop-repeat-community-on-postfix-miny-m64-seed-0,community-on-postfix,0,-64,320,true,true,3465,256,family,redstone,,224,240,0,0.000000000
20260903-default-noop-repeat-community-on-postfix-miny-m64-seed-0,community-on-postfix,0,-64,320,true,true,3465,256,block,redstone,minecraft:redstone_ore,224,240,0,0.000000000
20260903-default-noop-repeat-community-on-postfix-miny-m64-seed-0,community-on-postfix,0,-64,320,true,true,3465,256,block,redstone,minecraft:deepslate_redstone_ore,224,240,0,0.000000000
20260903-default-noop-repeat-community-on-postfix-miny-m64-seed-0,community-on-postfix,0,-64,320,true,true,3465,256,family,redstone,,240,256,0,0.000000000
20260903-default-noop-repeat-community-on-postfix-miny-m64-seed-0,community-on-postfix,0,-64,320,true,true,3465,256,block,redstone,minecraft:redstone_ore,240,256,0,0.000000000
20260903-default-noop-repeat-community-on-postfix-miny-m64-seed-0,community-on-postfix,0,-64,320,true,true,3465,256,block,redstone,minecraft:deepslate_redstone_ore,240,256,0,0.000000000
20260903-default-noop-repeat-community-on-postfix-miny-m64-seed-0,community-on-postfix,0,-64,320,true,true,3465,256,family,redstone,,256,272,0,0.000000000
20260903-default-noop-repeat-community-on-postfix-miny-m64-seed-0,community-on-postfix,0,-64,320,true,true,3465,256,block,redstone,minecraft:redstone_ore,256,272,0,0.000000000
20260903-default-noop-repeat-community-on-postfix-miny-m64-seed-0,community-on-postfix,0,-64,320,true,true,3465,256,block,redstone,minecraft:deepslate_redstone_ore,256,272,0,0.000000000
20260903-default-noop-repeat-community-on-postfix-miny-m64-seed-0,community-on-postfix,0,-64,320,true,true,3465,256,family,redstone,,272,288,0,0.000000000
20260903-default-noop-repeat-community-on-postfix-miny-m64-seed-0,community-on-postfix,0,-64,320,true,true,3465,256,block,redstone,minecraft:redstone_ore,272,288,0,0.000000000
20260903-default-noop-repeat-community-on-postfix-miny-m64-seed-0,community-on-postfix,0,-64,320,true,true,3465,256,block,redstone,minecraft:deepslate_redstone_ore,272,288,0,0.000000000
20260903-default-noop-repeat-community-on-postfix-miny-m64-seed-0,community-on-postfix,0,-64,320,true,true,3465,256,family,redstone,,288,304,0,0.000000000
20260903-default-noop-repeat-community-on-postfix-miny-m64-seed-0,community-on-postfix,0,-64,320,true,true,3465,256,block,redstone,minecraft:redstone_ore,288,304,0,0.000000000
20260903-default-noop-repeat-community-on-postfix-miny-m64-seed-0,community-on-postfix,0,-64,320,true,true,3465,256,block,redstone,minecraft:deepslate_redstone_ore,288,304,0,0.000000000
20260903-default-noop-repeat-community-on-postfix-miny-m64-seed-0,community-on-postfix,0,-64,320,true,true,3465,256,family,redstone,,304,320,0,0.000000000
20260903-default-noop-repeat-community-on-postfix-miny-m64-seed-0,community-on-postfix,0,-64,320,true,true,3465,256,block,redstone,minecraft:redstone_ore,304,320,0,0.000000000
20260903-default-noop-repeat-community-on-postfix-miny-m64-seed-0,community-on-postfix,0,-64,320,true,true,3465,256,block,redstone,minecraft:deepslate_redstone_ore,304,320,0,0.000000000
20260903-default-noop-repeat-community-on-postfix-miny-m64-seed-0,community-on-postfix,0,-64,320,true,true,3465,256,family,lapis,,-64,-48,423,1.652343750
20260903-default-noop-repeat-community-on-postfix-miny-m64-seed-0,community-on-postfix,0,-64,320,true,true,3465,256,block,lapis,minecraft:lapis_ore,-64,-48,0,0.000000000
20260903-default-noop-repeat-community-on-postfix-miny-m64-seed-0,community-on-postfix,0,-64,320,true,true,3465,256,block,lapis,minecraft:deepslate_lapis_ore,-64,-48,423,1.652343750
20260903-default-noop-repeat-community-on-postfix-miny-m64-seed-0,community-on-postfix,0,-64,320,true,true,3465,256,family,lapis,,-48,-32,452,1.765625000
20260903-default-noop-repeat-community-on-postfix-miny-m64-seed-0,community-on-postfix,0,-64,320,true,true,3465,256,block,lapis,minecraft:lapis_ore,-48,-32,0,0.000000000
20260903-default-noop-repeat-community-on-postfix-miny-m64-seed-0,community-on-postfix,0,-64,320,true,true,3465,256,block,lapis,minecraft:deepslate_lapis_ore,-48,-32,452,1.765625000
20260903-default-noop-repeat-community-on-postfix-miny-m64-seed-0,community-on-postfix,0,-64,320,true,true,3465,256,family,lapis,,-32,-16,859,3.355468750
20260903-default-noop-repeat-community-on-postfix-miny-m64-seed-0,community-on-postfix,0,-64,320,true,true,3465,256,block,lapis,minecraft:lapis_ore,-32,-16,0,0.000000000
20260903-default-noop-repeat-community-on-postfix-miny-m64-seed-0,community-on-postfix,0,-64,320,true,true,3465,256,block,lapis,minecraft:deepslate_lapis_ore,-32,-16,859,3.355468750
20260903-default-noop-repeat-community-on-postfix-miny-m64-seed-0,community-on-postfix,0,-64,320,true,true,3465,256,family,lapis,,-16,0,1244,4.859375000
20260903-default-noop-repeat-community-on-postfix-miny-m64-seed-0,community-on-postfix,0,-64,320,true,true,3465,256,block,lapis,minecraft:lapis_ore,-16,0,13,0.050781250
20260903-default-noop-repeat-community-on-postfix-miny-m64-seed-0,community-on-postfix,0,-64,320,true,true,3465,256,block,lapis,minecraft:deepslate_lapis_ore,-16,0,1231,4.808593750
20260903-default-noop-repeat-community-on-postfix-miny-m64-seed-0,community-on-postfix,0,-64,320,true,true,3465,256,family,lapis,,0,16,1106,4.320312500
20260903-default-noop-repeat-community-on-postfix-miny-m64-seed-0,community-on-postfix,0,-64,320,true,true,3465,256,block,lapis,minecraft:lapis_ore,0,16,817,3.191406250
20260903-default-noop-repeat-community-on-postfix-miny-m64-seed-0,community-on-postfix,0,-64,320,true,true,3465,256,block,lapis,minecraft:deepslate_lapis_ore,0,16,289,1.128906250
20260903-default-noop-repeat-community-on-postfix-miny-m64-seed-0,community-on-postfix,0,-64,320,true,true,3465,256,family,lapis,,16,32,676,2.640625000
20260903-default-noop-repeat-community-on-postfix-miny-m64-seed-0,community-on-postfix,0,-64,320,true,true,3465,256,block,lapis,minecraft:lapis_ore,16,32,676,2.640625000
20260903-default-noop-repeat-community-on-postfix-miny-m64-seed-0,community-on-postfix,0,-64,320,true,true,3465,256,block,lapis,minecraft:deepslate_lapis_ore,16,32,0,0.000000000
20260903-default-noop-repeat-community-on-postfix-miny-m64-seed-0,community-on-postfix,0,-64,320,true,true,3465,256,family,lapis,,32,48,136,0.531250000
20260903-default-noop-repeat-community-on-postfix-miny-m64-seed-0,community-on-postfix,0,-64,320,true,true,3465,256,block,lapis,minecraft:lapis_ore,32,48,136,0.531250000
20260903-default-noop-repeat-community-on-postfix-miny-m64-seed-0,community-on-postfix,0,-64,320,true,true,3465,256,block,lapis,minecraft:deepslate_lapis_ore,32,48,0,0.000000000
20260903-default-noop-repeat-community-on-postfix-miny-m64-seed-0,community-on-postfix,0,-64,320,true,true,3465,256,family,lapis,,48,64,10,0.039062500
20260903-default-noop-repeat-community-on-postfix-miny-m64-seed-0,community-on-postfix,0,-64,320,true,true,3465,256,block,lapis,minecraft:lapis_ore,48,64,10,0.039062500
20260903-default-noop-repeat-community-on-postfix-miny-m64-seed-0,community-on-postfix,0,-64,320,true,true,3465,256,block,lapis,minecraft:deepslate_lapis_ore,48,64,0,0.000000000
20260903-default-noop-repeat-community-on-postfix-miny-m64-seed-0,community-on-postfix,0,-64,320,true,true,3465,256,family,lapis,,64,80,0,0.000000000
20260903-default-noop-repeat-community-on-postfix-miny-m64-seed-0,community-on-postfix,0,-64,320,true,true,3465,256,block,lapis,minecraft:lapis_ore,64,80,0,0.000000000
20260903-default-noop-repeat-community-on-postfix-miny-m64-seed-0,community-on-postfix,0,-64,320,true,true,3465,256,block,lapis,minecraft:deepslate_lapis_ore,64,80,0,0.000000000
20260903-default-noop-repeat-community-on-postfix-miny-m64-seed-0,community-on-postfix,0,-64,320,true,true,3465,256,family,lapis,,80,96,0,0.000000000
20260903-default-noop-repeat-community-on-postfix-miny-m64-seed-0,community-on-postfix,0,-64,320,true,true,3465,256,block,lapis,minecraft:lapis_ore,80,96,0,0.000000000
20260903-default-noop-repeat-community-on-postfix-miny-m64-seed-0,community-on-postfix,0,-64,320,true,true,3465,256,block,lapis,minecraft:deepslate_lapis_ore,80,96,0,0.000000000
20260903-default-noop-repeat-community-on-postfix-miny-m64-seed-0,community-on-postfix,0,-64,320,true,true,3465,256,family,lapis,,96,112,0,0.000000000
20260903-default-noop-repeat-community-on-postfix-miny-m64-seed-0,community-on-postfix,0,-64,320,true,true,3465,256,block,lapis,minecraft:lapis_ore,96,112,0,0.000000000
20260903-default-noop-repeat-community-on-postfix-miny-m64-seed-0,community-on-postfix,0,-64,320,true,true,3465,256,block,lapis,minecraft:deepslate_lapis_ore,96,112,0,0.000000000
20260903-default-noop-repeat-community-on-postfix-miny-m64-seed-0,community-on-postfix,0,-64,320,true,true,3465,256,family,lapis,,112,128,0,0.000000000
20260903-default-noop-repeat-community-on-postfix-miny-m64-seed-0,community-on-postfix,0,-64,320,true,true,3465,256,block,lapis,minecraft:lapis_ore,112,128,0,0.000000000
20260903-default-noop-repeat-community-on-postfix-miny-m64-seed-0,community-on-postfix,0,-64,320,true,true,3465,256,block,lapis,minecraft:deepslate_lapis_ore,112,128,0,0.000000000
20260903-default-noop-repeat-community-on-postfix-miny-m64-seed-0,community-on-postfix,0,-64,320,true,true,3465,256,family,lapis,,128,144,0,0.000000000
20260903-default-noop-repeat-community-on-postfix-miny-m64-seed-0,community-on-postfix,0,-64,320,true,true,3465,256,block,lapis,minecraft:lapis_ore,128,144,0,0.000000000
20260903-default-noop-repeat-community-on-postfix-miny-m64-seed-0,community-on-postfix,0,-64,320,true,true,3465,256,block,lapis,minecraft:deepslate_lapis_ore,128,144,0,0.000000000
20260903-default-noop-repeat-community-on-postfix-miny-m64-seed-0,community-on-postfix,0,-64,320,true,true,3465,256,family,lapis,,144,160,0,0.000000000
20260903-default-noop-repeat-community-on-postfix-miny-m64-seed-0,community-on-postfix,0,-64,320,true,true,3465,256,block,lapis,minecraft:lapis_ore,144,160,0,0.000000000
20260903-default-noop-repeat-community-on-postfix-miny-m64-seed-0,community-on-postfix,0,-64,320,true,true,3465,256,block,lapis,minecraft:deepslate_lapis_ore,144,160,0,0.000000000
20260903-default-noop-repeat-community-on-postfix-miny-m64-seed-0,community-on-postfix,0,-64,320,true,true,3465,256,family,lapis,,160,176,0,0.000000000
20260903-default-noop-repeat-community-on-postfix-miny-m64-seed-0,community-on-postfix,0,-64,320,true,true,3465,256,block,lapis,minecraft:lapis_ore,160,176,0,0.000000000
20260903-default-noop-repeat-community-on-postfix-miny-m64-seed-0,community-on-postfix,0,-64,320,true,true,3465,256,block,lapis,minecraft:deepslate_lapis_ore,160,176,0,0.000000000
20260903-default-noop-repeat-community-on-postfix-miny-m64-seed-0,community-on-postfix,0,-64,320,true,true,3465,256,family,lapis,,176,192,0,0.000000000
20260903-default-noop-repeat-community-on-postfix-miny-m64-seed-0,community-on-postfix,0,-64,320,true,true,3465,256,block,lapis,minecraft:lapis_ore,176,192,0,0.000000000
20260903-default-noop-repeat-community-on-postfix-miny-m64-seed-0,community-on-postfix,0,-64,320,true,true,3465,256,block,lapis,minecraft:deepslate_lapis_ore,176,192,0,0.000000000
20260903-default-noop-repeat-community-on-postfix-miny-m64-seed-0,community-on-postfix,0,-64,320,true,true,3465,256,family,lapis,,192,208,0,0.000000000
20260903-default-noop-repeat-community-on-postfix-miny-m64-seed-0,community-on-postfix,0,-64,320,true,true,3465,256,block,lapis,minecraft:lapis_ore,192,208,0,0.000000000
20260903-default-noop-repeat-community-on-postfix-miny-m64-seed-0,community-on-postfix,0,-64,320,true,true,3465,256,block,lapis,minecraft:deepslate_lapis_ore,192,208,0,0.000000000
20260903-default-noop-repeat-community-on-postfix-miny-m64-seed-0,community-on-postfix,0,-64,320,true,true,3465,256,family,lapis,,208,224,0,0.000000000
20260903-default-noop-repeat-community-on-postfix-miny-m64-seed-0,community-on-postfix,0,-64,320,true,true,3465,256,block,lapis,minecraft:lapis_ore,208,224,0,0.000000000
20260903-default-noop-repeat-community-on-postfix-miny-m64-seed-0,community-on-postfix,0,-64,320,true,true,3465,256,block,lapis,minecraft:deepslate_lapis_ore,208,224,0,0.000000000
20260903-default-noop-repeat-community-on-postfix-miny-m64-seed-0,community-on-postfix,0,-64,320,true,true,3465,256,family,lapis,,224,240,0,0.000000000
20260903-default-noop-repeat-community-on-postfix-miny-m64-seed-0,community-on-postfix,0,-64,320,true,true,3465,256,block,lapis,minecraft:lapis_ore,224,240,0,0.000000000
20260903-default-noop-repeat-community-on-postfix-miny-m64-seed-0,community-on-postfix,0,-64,320,true,true,3465,256,block,lapis,minecraft:deepslate_lapis_ore,224,240,0,0.000000000
20260903-default-noop-repeat-community-on-postfix-miny-m64-seed-0,community-on-postfix,0,-64,320,true,true,3465,256,family,lapis,,240,256,0,0.000000000
20260903-default-noop-repeat-community-on-postfix-miny-m64-seed-0,community-on-postfix,0,-64,320,true,true,3465,256,block,lapis,minecraft:lapis_ore,240,256,0,0.000000000
20260903-default-noop-repeat-community-on-postfix-miny-m64-seed-0,community-on-postfix,0,-64,320,true,true,3465,256,block,lapis,minecraft:deepslate_lapis_ore,240,256,0,0.000000000
20260903-default-noop-repeat-community-on-postfix-miny-m64-seed-0,community-on-postfix,0,-64,320,true,true,3465,256,family,lapis,,256,272,0,0.000000000
20260903-default-noop-repeat-community-on-postfix-miny-m64-seed-0,community-on-postfix,0,-64,320,true,true,3465,256,block,lapis,minecraft:lapis_ore,256,272,0,0.000000000
20260903-default-noop-repeat-community-on-postfix-miny-m64-seed-0,community-on-postfix,0,-64,320,true,true,3465,256,block,lapis,minecraft:deepslate_lapis_ore,256,272,0,0.000000000
20260903-default-noop-repeat-community-on-postfix-miny-m64-seed-0,community-on-postfix,0,-64,320,true,true,3465,256,family,lapis,,272,288,0,0.000000000
20260903-default-noop-repeat-community-on-postfix-miny-m64-seed-0,community-on-postfix,0,-64,320,true,true,3465,256,block,lapis,minecraft:lapis_ore,272,288,0,0.000000000
20260903-default-noop-repeat-community-on-postfix-miny-m64-seed-0,community-on-postfix,0,-64,320,true,true,3465,256,block,lapis,minecraft:deepslate_lapis_ore,272,288,0,0.000000000
20260903-default-noop-repeat-community-on-postfix-miny-m64-seed-0,community-on-postfix,0,-64,320,true,true,3465,256,family,lapis,,288,304,0,0.000000000
20260903-default-noop-repeat-community-on-postfix-miny-m64-seed-0,community-on-postfix,0,-64,320,true,true,3465,256,block,lapis,minecraft:lapis_ore,288,304,0,0.000000000
20260903-default-noop-repeat-community-on-postfix-miny-m64-seed-0,community-on-postfix,0,-64,320,true,true,3465,256,block,lapis,minecraft:deepslate_lapis_ore,288,304,0,0.000000000
20260903-default-noop-repeat-community-on-postfix-miny-m64-seed-0,community-on-postfix,0,-64,320,true,true,3465,256,family,lapis,,304,320,0,0.000000000
20260903-default-noop-repeat-community-on-postfix-miny-m64-seed-0,community-on-postfix,0,-64,320,true,true,3465,256,block,lapis,minecraft:lapis_ore,304,320,0,0.000000000
20260903-default-noop-repeat-community-on-postfix-miny-m64-seed-0,community-on-postfix,0,-64,320,true,true,3465,256,block,lapis,minecraft:deepslate_lapis_ore,304,320,0,0.000000000
20260903-default-noop-repeat-community-on-postfix-miny-m64-seed-0,community-on-postfix,0,-64,320,true,true,3465,256,family,diamond,,-64,-48,1241,4.847656250
20260903-default-noop-repeat-community-on-postfix-miny-m64-seed-0,community-on-postfix,0,-64,320,true,true,3465,256,block,diamond,minecraft:diamond_ore,-64,-48,0,0.000000000
20260903-default-noop-repeat-community-on-postfix-miny-m64-seed-0,community-on-postfix,0,-64,320,true,true,3465,256,block,diamond,minecraft:deepslate_diamond_ore,-64,-48,1241,4.847656250
20260903-default-noop-repeat-community-on-postfix-miny-m64-seed-0,community-on-postfix,0,-64,320,true,true,3465,256,family,diamond,,-48,-32,1087,4.246093750
20260903-default-noop-repeat-community-on-postfix-miny-m64-seed-0,community-on-postfix,0,-64,320,true,true,3465,256,block,diamond,minecraft:diamond_ore,-48,-32,0,0.000000000
20260903-default-noop-repeat-community-on-postfix-miny-m64-seed-0,community-on-postfix,0,-64,320,true,true,3465,256,block,diamond,minecraft:deepslate_diamond_ore,-48,-32,1087,4.246093750
20260903-default-noop-repeat-community-on-postfix-miny-m64-seed-0,community-on-postfix,0,-64,320,true,true,3465,256,family,diamond,,-32,-16,790,3.085937500
20260903-default-noop-repeat-community-on-postfix-miny-m64-seed-0,community-on-postfix,0,-64,320,true,true,3465,256,block,diamond,minecraft:diamond_ore,-32,-16,0,0.000000000
20260903-default-noop-repeat-community-on-postfix-miny-m64-seed-0,community-on-postfix,0,-64,320,true,true,3465,256,block,diamond,minecraft:deepslate_diamond_ore,-32,-16,790,3.085937500
20260903-default-noop-repeat-community-on-postfix-miny-m64-seed-0,community-on-postfix,0,-64,320,true,true,3465,256,family,diamond,,-16,0,403,1.574218750
20260903-default-noop-repeat-community-on-postfix-miny-m64-seed-0,community-on-postfix,0,-64,320,true,true,3465,256,block,diamond,minecraft:diamond_ore,-16,0,5,0.019531250
20260903-default-noop-repeat-community-on-postfix-miny-m64-seed-0,community-on-postfix,0,-64,320,true,true,3465,256,block,diamond,minecraft:deepslate_diamond_ore,-16,0,398,1.554687500
20260903-default-noop-repeat-community-on-postfix-miny-m64-seed-0,community-on-postfix,0,-64,320,true,true,3465,256,family,diamond,,0,16,102,0.398437500
20260903-default-noop-repeat-community-on-postfix-miny-m64-seed-0,community-on-postfix,0,-64,320,true,true,3465,256,block,diamond,minecraft:diamond_ore,0,16,53,0.207031250
20260903-default-noop-repeat-community-on-postfix-miny-m64-seed-0,community-on-postfix,0,-64,320,true,true,3465,256,block,diamond,minecraft:deepslate_diamond_ore,0,16,49,0.191406250
20260903-default-noop-repeat-community-on-postfix-miny-m64-seed-0,community-on-postfix,0,-64,320,true,true,3465,256,family,diamond,,16,32,0,0.000000000
20260903-default-noop-repeat-community-on-postfix-miny-m64-seed-0,community-on-postfix,0,-64,320,true,true,3465,256,block,diamond,minecraft:diamond_ore,16,32,0,0.000000000
20260903-default-noop-repeat-community-on-postfix-miny-m64-seed-0,community-on-postfix,0,-64,320,true,true,3465,256,block,diamond,minecraft:deepslate_diamond_ore,16,32,0,0.000000000
20260903-default-noop-repeat-community-on-postfix-miny-m64-seed-0,community-on-postfix,0,-64,320,true,true,3465,256,family,diamond,,32,48,0,0.000000000
20260903-default-noop-repeat-community-on-postfix-miny-m64-seed-0,community-on-postfix,0,-64,320,true,true,3465,256,block,diamond,minecraft:diamond_ore,32,48,0,0.000000000
20260903-default-noop-repeat-community-on-postfix-miny-m64-seed-0,community-on-postfix,0,-64,320,true,true,3465,256,block,diamond,minecraft:deepslate_diamond_ore,32,48,0,0.000000000
20260903-default-noop-repeat-community-on-postfix-miny-m64-seed-0,community-on-postfix,0,-64,320,true,true,3465,256,family,diamond,,48,64,0,0.000000000
20260903-default-noop-repeat-community-on-postfix-miny-m64-seed-0,community-on-postfix,0,-64,320,true,true,3465,256,block,diamond,minecraft:diamond_ore,48,64,0,0.000000000
20260903-default-noop-repeat-community-on-postfix-miny-m64-seed-0,community-on-postfix,0,-64,320,true,true,3465,256,block,diamond,minecraft:deepslate_diamond_ore,48,64,0,0.000000000
20260903-default-noop-repeat-community-on-postfix-miny-m64-seed-0,community-on-postfix,0,-64,320,true,true,3465,256,family,diamond,,64,80,0,0.000000000
20260903-default-noop-repeat-community-on-postfix-miny-m64-seed-0,community-on-postfix,0,-64,320,true,true,3465,256,block,diamond,minecraft:diamond_ore,64,80,0,0.000000000
20260903-default-noop-repeat-community-on-postfix-miny-m64-seed-0,community-on-postfix,0,-64,320,true,true,3465,256,block,diamond,minecraft:deepslate_diamond_ore,64,80,0,0.000000000
20260903-default-noop-repeat-community-on-postfix-miny-m64-seed-0,community-on-postfix,0,-64,320,true,true,3465,256,family,diamond,,80,96,0,0.000000000
20260903-default-noop-repeat-community-on-postfix-miny-m64-seed-0,community-on-postfix,0,-64,320,true,true,3465,256,block,diamond,minecraft:diamond_ore,80,96,0,0.000000000
20260903-default-noop-repeat-community-on-postfix-miny-m64-seed-0,community-on-postfix,0,-64,320,true,true,3465,256,block,diamond,minecraft:deepslate_diamond_ore,80,96,0,0.000000000
20260903-default-noop-repeat-community-on-postfix-miny-m64-seed-0,community-on-postfix,0,-64,320,true,true,3465,256,family,diamond,,96,112,0,0.000000000
20260903-default-noop-repeat-community-on-postfix-miny-m64-seed-0,community-on-postfix,0,-64,320,true,true,3465,256,block,diamond,minecraft:diamond_ore,96,112,0,0.000000000
20260903-default-noop-repeat-community-on-postfix-miny-m64-seed-0,community-on-postfix,0,-64,320,true,true,3465,256,block,diamond,minecraft:deepslate_diamond_ore,96,112,0,0.000000000
20260903-default-noop-repeat-community-on-postfix-miny-m64-seed-0,community-on-postfix,0,-64,320,true,true,3465,256,family,diamond,,112,128,0,0.000000000
20260903-default-noop-repeat-community-on-postfix-miny-m64-seed-0,community-on-postfix,0,-64,320,true,true,3465,256,block,diamond,minecraft:diamond_ore,112,128,0,0.000000000
20260903-default-noop-repeat-community-on-postfix-miny-m64-seed-0,community-on-postfix,0,-64,320,true,true,3465,256,block,diamond,minecraft:deepslate_diamond_ore,112,128,0,0.000000000
20260903-default-noop-repeat-community-on-postfix-miny-m64-seed-0,community-on-postfix,0,-64,320,true,true,3465,256,family,diamond,,128,144,0,0.000000000
20260903-default-noop-repeat-community-on-postfix-miny-m64-seed-0,community-on-postfix,0,-64,320,true,true,3465,256,block,diamond,minecraft:diamond_ore,128,144,0,0.000000000
20260903-default-noop-repeat-community-on-postfix-miny-m64-seed-0,community-on-postfix,0,-64,320,true,true,3465,256,block,diamond,minecraft:deepslate_diamond_ore,128,144,0,0.000000000
20260903-default-noop-repeat-community-on-postfix-miny-m64-seed-0,community-on-postfix,0,-64,320,true,true,3465,256,family,diamond,,144,160,0,0.000000000
20260903-default-noop-repeat-community-on-postfix-miny-m64-seed-0,community-on-postfix,0,-64,320,true,true,3465,256,block,diamond,minecraft:diamond_ore,144,160,0,0.000000000
20260903-default-noop-repeat-community-on-postfix-miny-m64-seed-0,community-on-postfix,0,-64,320,true,true,3465,256,block,diamond,minecraft:deepslate_diamond_ore,144,160,0,0.000000000
20260903-default-noop-repeat-community-on-postfix-miny-m64-seed-0,community-on-postfix,0,-64,320,true,true,3465,256,family,diamond,,160,176,0,0.000000000
20260903-default-noop-repeat-community-on-postfix-miny-m64-seed-0,community-on-postfix,0,-64,320,true,true,3465,256,block,diamond,minecraft:diamond_ore,160,176,0,0.000000000
20260903-default-noop-repeat-community-on-postfix-miny-m64-seed-0,community-on-postfix,0,-64,320,true,true,3465,256,block,diamond,minecraft:deepslate_diamond_ore,160,176,0,0.000000000
20260903-default-noop-repeat-community-on-postfix-miny-m64-seed-0,community-on-postfix,0,-64,320,true,true,3465,256,family,diamond,,176,192,0,0.000000000
20260903-default-noop-repeat-community-on-postfix-miny-m64-seed-0,community-on-postfix,0,-64,320,true,true,3465,256,block,diamond,minecraft:diamond_ore,176,192,0,0.000000000
20260903-default-noop-repeat-community-on-postfix-miny-m64-seed-0,community-on-postfix,0,-64,320,true,true,3465,256,block,diamond,minecraft:deepslate_diamond_ore,176,192,0,0.000000000
20260903-default-noop-repeat-community-on-postfix-miny-m64-seed-0,community-on-postfix,0,-64,320,true,true,3465,256,family,diamond,,192,208,0,0.000000000
20260903-default-noop-repeat-community-on-postfix-miny-m64-seed-0,community-on-postfix,0,-64,320,true,true,3465,256,block,diamond,minecraft:diamond_ore,192,208,0,0.000000000
20260903-default-noop-repeat-community-on-postfix-miny-m64-seed-0,community-on-postfix,0,-64,320,true,true,3465,256,block,diamond,minecraft:deepslate_diamond_ore,192,208,0,0.000000000
20260903-default-noop-repeat-community-on-postfix-miny-m64-seed-0,community-on-postfix,0,-64,320,true,true,3465,256,family,diamond,,208,224,0,0.000000000
20260903-default-noop-repeat-community-on-postfix-miny-m64-seed-0,community-on-postfix,0,-64,320,true,true,3465,256,block,diamond,minecraft:diamond_ore,208,224,0,0.000000000
20260903-default-noop-repeat-community-on-postfix-miny-m64-seed-0,community-on-postfix,0,-64,320,true,true,3465,256,block,diamond,minecraft:deepslate_diamond_ore,208,224,0,0.000000000
20260903-default-noop-repeat-community-on-postfix-miny-m64-seed-0,community-on-postfix,0,-64,320,true,true,3465,256,family,diamond,,224,240,0,0.000000000
20260903-default-noop-repeat-community-on-postfix-miny-m64-seed-0,community-on-postfix,0,-64,320,true,true,3465,256,block,diamond,minecraft:diamond_ore,224,240,0,0.000000000
20260903-default-noop-repeat-community-on-postfix-miny-m64-seed-0,community-on-postfix,0,-64,320,true,true,3465,256,block,diamond,minecraft:deepslate_diamond_ore,224,240,0,0.000000000
20260903-default-noop-repeat-community-on-postfix-miny-m64-seed-0,community-on-postfix,0,-64,320,true,true,3465,256,family,diamond,,240,256,0,0.000000000
20260903-default-noop-repeat-community-on-postfix-miny-m64-seed-0,community-on-postfix,0,-64,320,true,true,3465,256,block,diamond,minecraft:diamond_ore,240,256,0,0.000000000
20260903-default-noop-repeat-community-on-postfix-miny-m64-seed-0,community-on-postfix,0,-64,320,true,true,3465,256,block,diamond,minecraft:deepslate_diamond_ore,240,256,0,0.000000000
20260903-default-noop-repeat-community-on-postfix-miny-m64-seed-0,community-on-postfix,0,-64,320,true,true,3465,256,family,diamond,,256,272,0,0.000000000
20260903-default-noop-repeat-community-on-postfix-miny-m64-seed-0,community-on-postfix,0,-64,320,true,true,3465,256,block,diamond,minecraft:diamond_ore,256,272,0,0.000000000
20260903-default-noop-repeat-community-on-postfix-miny-m64-seed-0,community-on-postfix,0,-64,320,true,true,3465,256,block,diamond,minecraft:deepslate_diamond_ore,256,272,0,0.000000000
20260903-default-noop-repeat-community-on-postfix-miny-m64-seed-0,community-on-postfix,0,-64,320,true,true,3465,256,family,diamond,,272,288,0,0.000000000
20260903-default-noop-repeat-community-on-postfix-miny-m64-seed-0,community-on-postfix,0,-64,320,true,true,3465,256,block,diamond,minecraft:diamond_ore,272,288,0,0.000000000
20260903-default-noop-repeat-community-on-postfix-miny-m64-seed-0,community-on-postfix,0,-64,320,true,true,3465,256,block,diamond,minecraft:deepslate_diamond_ore,272,288,0,0.000000000
20260903-default-noop-repeat-community-on-postfix-miny-m64-seed-0,community-on-postfix,0,-64,320,true,true,3465,256,family,diamond,,288,304,0,0.000000000
20260903-default-noop-repeat-community-on-postfix-miny-m64-seed-0,community-on-postfix,0,-64,320,true,true,3465,256,block,diamond,minecraft:diamond_ore,288,304,0,0.000000000
20260903-default-noop-repeat-community-on-postfix-miny-m64-seed-0,community-on-postfix,0,-64,320,true,true,3465,256,block,diamond,minecraft:deepslate_diamond_ore,288,304,0,0.000000000
20260903-default-noop-repeat-community-on-postfix-miny-m64-seed-0,community-on-postfix,0,-64,320,true,true,3465,256,family,diamond,,304,320,0,0.000000000
20260903-default-noop-repeat-community-on-postfix-miny-m64-seed-0,community-on-postfix,0,-64,320,true,true,3465,256,block,diamond,minecraft:diamond_ore,304,320,0,0.000000000
20260903-default-noop-repeat-community-on-postfix-miny-m64-seed-0,community-on-postfix,0,-64,320,true,true,3465,256,block,diamond,minecraft:deepslate_diamond_ore,304,320,0,0.000000000
20260903-default-noop-repeat-community-on-postfix-miny-m64-seed-0,community-on-postfix,0,-64,320,true,true,3465,256,family,emerald,,-64,-48,0,0.000000000
20260903-default-noop-repeat-community-on-postfix-miny-m64-seed-0,community-on-postfix,0,-64,320,true,true,3465,256,block,emerald,minecraft:emerald_ore,-64,-48,0,0.000000000
20260903-default-noop-repeat-community-on-postfix-miny-m64-seed-0,community-on-postfix,0,-64,320,true,true,3465,256,block,emerald,minecraft:deepslate_emerald_ore,-64,-48,0,0.000000000
20260903-default-noop-repeat-community-on-postfix-miny-m64-seed-0,community-on-postfix,0,-64,320,true,true,3465,256,family,emerald,,-48,-32,0,0.000000000
20260903-default-noop-repeat-community-on-postfix-miny-m64-seed-0,community-on-postfix,0,-64,320,true,true,3465,256,block,emerald,minecraft:emerald_ore,-48,-32,0,0.000000000
20260903-default-noop-repeat-community-on-postfix-miny-m64-seed-0,community-on-postfix,0,-64,320,true,true,3465,256,block,emerald,minecraft:deepslate_emerald_ore,-48,-32,0,0.000000000
20260903-default-noop-repeat-community-on-postfix-miny-m64-seed-0,community-on-postfix,0,-64,320,true,true,3465,256,family,emerald,,-32,-16,0,0.000000000
20260903-default-noop-repeat-community-on-postfix-miny-m64-seed-0,community-on-postfix,0,-64,320,true,true,3465,256,block,emerald,minecraft:emerald_ore,-32,-16,0,0.000000000
20260903-default-noop-repeat-community-on-postfix-miny-m64-seed-0,community-on-postfix,0,-64,320,true,true,3465,256,block,emerald,minecraft:deepslate_emerald_ore,-32,-16,0,0.000000000
20260903-default-noop-repeat-community-on-postfix-miny-m64-seed-0,community-on-postfix,0,-64,320,true,true,3465,256,family,emerald,,-16,0,0,0.000000000
20260903-default-noop-repeat-community-on-postfix-miny-m64-seed-0,community-on-postfix,0,-64,320,true,true,3465,256,block,emerald,minecraft:emerald_ore,-16,0,0,0.000000000
20260903-default-noop-repeat-community-on-postfix-miny-m64-seed-0,community-on-postfix,0,-64,320,true,true,3465,256,block,emerald,minecraft:deepslate_emerald_ore,-16,0,0,0.000000000
20260903-default-noop-repeat-community-on-postfix-miny-m64-seed-0,community-on-postfix,0,-64,320,true,true,3465,256,family,emerald,,0,16,0,0.000000000
20260903-default-noop-repeat-community-on-postfix-miny-m64-seed-0,community-on-postfix,0,-64,320,true,true,3465,256,block,emerald,minecraft:emerald_ore,0,16,0,0.000000000
20260903-default-noop-repeat-community-on-postfix-miny-m64-seed-0,community-on-postfix,0,-64,320,true,true,3465,256,block,emerald,minecraft:deepslate_emerald_ore,0,16,0,0.000000000
20260903-default-noop-repeat-community-on-postfix-miny-m64-seed-0,community-on-postfix,0,-64,320,true,true,3465,256,family,emerald,,16,32,0,0.000000000
20260903-default-noop-repeat-community-on-postfix-miny-m64-seed-0,community-on-postfix,0,-64,320,true,true,3465,256,block,emerald,minecraft:emerald_ore,16,32,0,0.000000000
20260903-default-noop-repeat-community-on-postfix-miny-m64-seed-0,community-on-postfix,0,-64,320,true,true,3465,256,block,emerald,minecraft:deepslate_emerald_ore,16,32,0,0.000000000
20260903-default-noop-repeat-community-on-postfix-miny-m64-seed-0,community-on-postfix,0,-64,320,true,true,3465,256,family,emerald,,32,48,0,0.000000000
20260903-default-noop-repeat-community-on-postfix-miny-m64-seed-0,community-on-postfix,0,-64,320,true,true,3465,256,block,emerald,minecraft:emerald_ore,32,48,0,0.000000000
20260903-default-noop-repeat-community-on-postfix-miny-m64-seed-0,community-on-postfix,0,-64,320,true,true,3465,256,block,emerald,minecraft:deepslate_emerald_ore,32,48,0,0.000000000
20260903-default-noop-repeat-community-on-postfix-miny-m64-seed-0,community-on-postfix,0,-64,320,true,true,3465,256,family,emerald,,48,64,0,0.000000000
20260903-default-noop-repeat-community-on-postfix-miny-m64-seed-0,community-on-postfix,0,-64,320,true,true,3465,256,block,emerald,minecraft:emerald_ore,48,64,0,0.000000000
20260903-default-noop-repeat-community-on-postfix-miny-m64-seed-0,community-on-postfix,0,-64,320,true,true,3465,256,block,emerald,minecraft:deepslate_emerald_ore,48,64,0,0.000000000
20260903-default-noop-repeat-community-on-postfix-miny-m64-seed-0,community-on-postfix,0,-64,320,true,true,3465,256,family,emerald,,64,80,0,0.000000000
20260903-default-noop-repeat-community-on-postfix-miny-m64-seed-0,community-on-postfix,0,-64,320,true,true,3465,256,block,emerald,minecraft:emerald_ore,64,80,0,0.000000000
20260903-default-noop-repeat-community-on-postfix-miny-m64-seed-0,community-on-postfix,0,-64,320,true,true,3465,256,block,emerald,minecraft:deepslate_emerald_ore,64,80,0,0.000000000
20260903-default-noop-repeat-community-on-postfix-miny-m64-seed-0,community-on-postfix,0,-64,320,true,true,3465,256,family,emerald,,80,96,0,0.000000000
20260903-default-noop-repeat-community-on-postfix-miny-m64-seed-0,community-on-postfix,0,-64,320,true,true,3465,256,block,emerald,minecraft:emerald_ore,80,96,0,0.000000000
20260903-default-noop-repeat-community-on-postfix-miny-m64-seed-0,community-on-postfix,0,-64,320,true,true,3465,256,block,emerald,minecraft:deepslate_emerald_ore,80,96,0,0.000000000
20260903-default-noop-repeat-community-on-postfix-miny-m64-seed-0,community-on-postfix,0,-64,320,true,true,3465,256,family,emerald,,96,112,0,0.000000000
20260903-default-noop-repeat-community-on-postfix-miny-m64-seed-0,community-on-postfix,0,-64,320,true,true,3465,256,block,emerald,minecraft:emerald_ore,96,112,0,0.000000000
20260903-default-noop-repeat-community-on-postfix-miny-m64-seed-0,community-on-postfix,0,-64,320,true,true,3465,256,block,emerald,minecraft:deepslate_emerald_ore,96,112,0,0.000000000
20260903-default-noop-repeat-community-on-postfix-miny-m64-seed-0,community-on-postfix,0,-64,320,true,true,3465,256,family,emerald,,112,128,0,0.000000000
20260903-default-noop-repeat-community-on-postfix-miny-m64-seed-0,community-on-postfix,0,-64,320,true,true,3465,256,block,emerald,minecraft:emerald_ore,112,128,0,0.000000000
20260903-default-noop-repeat-community-on-postfix-miny-m64-seed-0,community-on-postfix,0,-64,320,true,true,3465,256,block,emerald,minecraft:deepslate_emerald_ore,112,128,0,0.000000000
20260903-default-noop-repeat-community-on-postfix-miny-m64-seed-0,community-on-postfix,0,-64,320,true,true,3465,256,family,emerald,,128,144,0,0.000000000
20260903-default-noop-repeat-community-on-postfix-miny-m64-seed-0,community-on-postfix,0,-64,320,true,true,3465,256,block,emerald,minecraft:emerald_ore,128,144,0,0.000000000
20260903-default-noop-repeat-community-on-postfix-miny-m64-seed-0,community-on-postfix,0,-64,320,true,true,3465,256,block,emerald,minecraft:deepslate_emerald_ore,128,144,0,0.000000000
20260903-default-noop-repeat-community-on-postfix-miny-m64-seed-0,community-on-postfix,0,-64,320,true,true,3465,256,family,emerald,,144,160,0,0.000000000
20260903-default-noop-repeat-community-on-postfix-miny-m64-seed-0,community-on-postfix,0,-64,320,true,true,3465,256,block,emerald,minecraft:emerald_ore,144,160,0,0.000000000
20260903-default-noop-repeat-community-on-postfix-miny-m64-seed-0,community-on-postfix,0,-64,320,true,true,3465,256,block,emerald,minecraft:deepslate_emerald_ore,144,160,0,0.000000000
20260903-default-noop-repeat-community-on-postfix-miny-m64-seed-0,community-on-postfix,0,-64,320,true,true,3465,256,family,emerald,,160,176,0,0.000000000
20260903-default-noop-repeat-community-on-postfix-miny-m64-seed-0,community-on-postfix,0,-64,320,true,true,3465,256,block,emerald,minecraft:emerald_ore,160,176,0,0.000000000
20260903-default-noop-repeat-community-on-postfix-miny-m64-seed-0,community-on-postfix,0,-64,320,true,true,3465,256,block,emerald,minecraft:deepslate_emerald_ore,160,176,0,0.000000000
20260903-default-noop-repeat-community-on-postfix-miny-m64-seed-0,community-on-postfix,0,-64,320,true,true,3465,256,family,emerald,,176,192,0,0.000000000
20260903-default-noop-repeat-community-on-postfix-miny-m64-seed-0,community-on-postfix,0,-64,320,true,true,3465,256,block,emerald,minecraft:emerald_ore,176,192,0,0.000000000
20260903-default-noop-repeat-community-on-postfix-miny-m64-seed-0,community-on-postfix,0,-64,320,true,true,3465,256,block,emerald,minecraft:deepslate_emerald_ore,176,192,0,0.000000000
20260903-default-noop-repeat-community-on-postfix-miny-m64-seed-0,community-on-postfix,0,-64,320,true,true,3465,256,family,emerald,,192,208,0,0.000000000
20260903-default-noop-repeat-community-on-postfix-miny-m64-seed-0,community-on-postfix,0,-64,320,true,true,3465,256,block,emerald,minecraft:emerald_ore,192,208,0,0.000000000
20260903-default-noop-repeat-community-on-postfix-miny-m64-seed-0,community-on-postfix,0,-64,320,true,true,3465,256,block,emerald,minecraft:deepslate_emerald_ore,192,208,0,0.000000000
20260903-default-noop-repeat-community-on-postfix-miny-m64-seed-0,community-on-postfix,0,-64,320,true,true,3465,256,family,emerald,,208,224,0,0.000000000
20260903-default-noop-repeat-community-on-postfix-miny-m64-seed-0,community-on-postfix,0,-64,320,true,true,3465,256,block,emerald,minecraft:emerald_ore,208,224,0,0.000000000
20260903-default-noop-repeat-community-on-postfix-miny-m64-seed-0,community-on-postfix,0,-64,320,true,true,3465,256,block,emerald,minecraft:deepslate_emerald_ore,208,224,0,0.000000000
20260903-default-noop-repeat-community-on-postfix-miny-m64-seed-0,community-on-postfix,0,-64,320,true,true,3465,256,family,emerald,,224,240,0,0.000000000
20260903-default-noop-repeat-community-on-postfix-miny-m64-seed-0,community-on-postfix,0,-64,320,true,true,3465,256,block,emerald,minecraft:emerald_ore,224,240,0,0.000000000
20260903-default-noop-repeat-community-on-postfix-miny-m64-seed-0,community-on-postfix,0,-64,320,true,true,3465,256,block,emerald,minecraft:deepslate_emerald_ore,224,240,0,0.000000000
20260903-default-noop-repeat-community-on-postfix-miny-m64-seed-0,community-on-postfix,0,-64,320,true,true,3465,256,family,emerald,,240,256,0,0.000000000
20260903-default-noop-repeat-community-on-postfix-miny-m64-seed-0,community-on-postfix,0,-64,320,true,true,3465,256,block,emerald,minecraft:emerald_ore,240,256,0,0.000000000
20260903-default-noop-repeat-community-on-postfix-miny-m64-seed-0,community-on-postfix,0,-64,320,true,true,3465,256,block,emerald,minecraft:deepslate_emerald_ore,240,256,0,0.000000000
20260903-default-noop-repeat-community-on-postfix-miny-m64-seed-0,community-on-postfix,0,-64,320,true,true,3465,256,family,emerald,,256,272,0,0.000000000
20260903-default-noop-repeat-community-on-postfix-miny-m64-seed-0,community-on-postfix,0,-64,320,true,true,3465,256,block,emerald,minecraft:emerald_ore,256,272,0,0.000000000
20260903-default-noop-repeat-community-on-postfix-miny-m64-seed-0,community-on-postfix,0,-64,320,true,true,3465,256,block,emerald,minecraft:deepslate_emerald_ore,256,272,0,0.000000000
20260903-default-noop-repeat-community-on-postfix-miny-m64-seed-0,community-on-postfix,0,-64,320,true,true,3465,256,family,emerald,,272,288,0,0.000000000
20260903-default-noop-repeat-community-on-postfix-miny-m64-seed-0,community-on-postfix,0,-64,320,true,true,3465,256,block,emerald,minecraft:emerald_ore,272,288,0,0.000000000
20260903-default-noop-repeat-community-on-postfix-miny-m64-seed-0,community-on-postfix,0,-64,320,true,true,3465,256,block,emerald,minecraft:deepslate_emerald_ore,272,288,0,0.000000000
20260903-default-noop-repeat-community-on-postfix-miny-m64-seed-0,community-on-postfix,0,-64,320,true,true,3465,256,family,emerald,,288,304,0,0.000000000
20260903-default-noop-repeat-community-on-postfix-miny-m64-seed-0,community-on-postfix,0,-64,320,true,true,3465,256,block,emerald,minecraft:emerald_ore,288,304,0,0.000000000
20260903-default-noop-repeat-community-on-postfix-miny-m64-seed-0,community-on-postfix,0,-64,320,true,true,3465,256,block,emerald,minecraft:deepslate_emerald_ore,288,304,0,0.000000000
20260903-default-noop-repeat-community-on-postfix-miny-m64-seed-0,community-on-postfix,0,-64,320,true,true,3465,256,family,emerald,,304,320,0,0.000000000
20260903-default-noop-repeat-community-on-postfix-miny-m64-seed-0,community-on-postfix,0,-64,320,true,true,3465,256,block,emerald,minecraft:emerald_ore,304,320,0,0.000000000
20260903-default-noop-repeat-community-on-postfix-miny-m64-seed-0,community-on-postfix,0,-64,320,true,true,3465,256,block,emerald,minecraft:deepslate_emerald_ore,304,320,0,0.000000000
20260903-default-noop-repeat-community-on-postfix-miny-m64-seed-0,community-on-postfix,0,-64,320,true,true,3465,256,family,gravel,,-64,-48,12269,47.925781250
20260903-default-noop-repeat-community-on-postfix-miny-m64-seed-0,community-on-postfix,0,-64,320,true,true,3465,256,block,gravel,minecraft:gravel,-64,-48,12269,47.925781250
20260903-default-noop-repeat-community-on-postfix-miny-m64-seed-0,community-on-postfix,0,-64,320,true,true,3465,256,family,gravel,,-48,-32,12854,50.210937500
20260903-default-noop-repeat-community-on-postfix-miny-m64-seed-0,community-on-postfix,0,-64,320,true,true,3465,256,block,gravel,minecraft:gravel,-48,-32,12854,50.210937500
20260903-default-noop-repeat-community-on-postfix-miny-m64-seed-0,community-on-postfix,0,-64,320,true,true,3465,256,family,gravel,,-32,-16,15402,60.164062500
20260903-default-noop-repeat-community-on-postfix-miny-m64-seed-0,community-on-postfix,0,-64,320,true,true,3465,256,block,gravel,minecraft:gravel,-32,-16,15402,60.164062500
20260903-default-noop-repeat-community-on-postfix-miny-m64-seed-0,community-on-postfix,0,-64,320,true,true,3465,256,family,gravel,,-16,0,14051,54.886718750
20260903-default-noop-repeat-community-on-postfix-miny-m64-seed-0,community-on-postfix,0,-64,320,true,true,3465,256,block,gravel,minecraft:gravel,-16,0,14051,54.886718750
20260903-default-noop-repeat-community-on-postfix-miny-m64-seed-0,community-on-postfix,0,-64,320,true,true,3465,256,family,gravel,,0,16,13522,52.820312500
20260903-default-noop-repeat-community-on-postfix-miny-m64-seed-0,community-on-postfix,0,-64,320,true,true,3465,256,block,gravel,minecraft:gravel,0,16,13522,52.820312500
20260903-default-noop-repeat-community-on-postfix-miny-m64-seed-0,community-on-postfix,0,-64,320,true,true,3465,256,family,gravel,,16,32,12103,47.277343750
20260903-default-noop-repeat-community-on-postfix-miny-m64-seed-0,community-on-postfix,0,-64,320,true,true,3465,256,block,gravel,minecraft:gravel,16,32,12103,47.277343750
20260903-default-noop-repeat-community-on-postfix-miny-m64-seed-0,community-on-postfix,0,-64,320,true,true,3465,256,family,gravel,,32,48,3983,15.558593750
20260903-default-noop-repeat-community-on-postfix-miny-m64-seed-0,community-on-postfix,0,-64,320,true,true,3465,256,block,gravel,minecraft:gravel,32,48,3983,15.558593750
20260903-default-noop-repeat-community-on-postfix-miny-m64-seed-0,community-on-postfix,0,-64,320,true,true,3465,256,family,gravel,,48,64,410,1.601562500
20260903-default-noop-repeat-community-on-postfix-miny-m64-seed-0,community-on-postfix,0,-64,320,true,true,3465,256,block,gravel,minecraft:gravel,48,64,410,1.601562500
20260903-default-noop-repeat-community-on-postfix-miny-m64-seed-0,community-on-postfix,0,-64,320,true,true,3465,256,family,gravel,,64,80,0,0.000000000
20260903-default-noop-repeat-community-on-postfix-miny-m64-seed-0,community-on-postfix,0,-64,320,true,true,3465,256,block,gravel,minecraft:gravel,64,80,0,0.000000000
20260903-default-noop-repeat-community-on-postfix-miny-m64-seed-0,community-on-postfix,0,-64,320,true,true,3465,256,family,gravel,,80,96,0,0.000000000
20260903-default-noop-repeat-community-on-postfix-miny-m64-seed-0,community-on-postfix,0,-64,320,true,true,3465,256,block,gravel,minecraft:gravel,80,96,0,0.000000000
20260903-default-noop-repeat-community-on-postfix-miny-m64-seed-0,community-on-postfix,0,-64,320,true,true,3465,256,family,gravel,,96,112,0,0.000000000
20260903-default-noop-repeat-community-on-postfix-miny-m64-seed-0,community-on-postfix,0,-64,320,true,true,3465,256,block,gravel,minecraft:gravel,96,112,0,0.000000000
20260903-default-noop-repeat-community-on-postfix-miny-m64-seed-0,community-on-postfix,0,-64,320,true,true,3465,256,family,gravel,,112,128,0,0.000000000
20260903-default-noop-repeat-community-on-postfix-miny-m64-seed-0,community-on-postfix,0,-64,320,true,true,3465,256,block,gravel,minecraft:gravel,112,128,0,0.000000000
20260903-default-noop-repeat-community-on-postfix-miny-m64-seed-0,community-on-postfix,0,-64,320,true,true,3465,256,family,gravel,,128,144,0,0.000000000
20260903-default-noop-repeat-community-on-postfix-miny-m64-seed-0,community-on-postfix,0,-64,320,true,true,3465,256,block,gravel,minecraft:gravel,128,144,0,0.000000000
20260903-default-noop-repeat-community-on-postfix-miny-m64-seed-0,community-on-postfix,0,-64,320,true,true,3465,256,family,gravel,,144,160,0,0.000000000
20260903-default-noop-repeat-community-on-postfix-miny-m64-seed-0,community-on-postfix,0,-64,320,true,true,3465,256,block,gravel,minecraft:gravel,144,160,0,0.000000000
20260903-default-noop-repeat-community-on-postfix-miny-m64-seed-0,community-on-postfix,0,-64,320,true,true,3465,256,family,gravel,,160,176,0,0.000000000
20260903-default-noop-repeat-community-on-postfix-miny-m64-seed-0,community-on-postfix,0,-64,320,true,true,3465,256,block,gravel,minecraft:gravel,160,176,0,0.000000000
20260903-default-noop-repeat-community-on-postfix-miny-m64-seed-0,community-on-postfix,0,-64,320,true,true,3465,256,family,gravel,,176,192,0,0.000000000
20260903-default-noop-repeat-community-on-postfix-miny-m64-seed-0,community-on-postfix,0,-64,320,true,true,3465,256,block,gravel,minecraft:gravel,176,192,0,0.000000000
20260903-default-noop-repeat-community-on-postfix-miny-m64-seed-0,community-on-postfix,0,-64,320,true,true,3465,256,family,gravel,,192,208,0,0.000000000
20260903-default-noop-repeat-community-on-postfix-miny-m64-seed-0,community-on-postfix,0,-64,320,true,true,3465,256,block,gravel,minecraft:gravel,192,208,0,0.000000000
20260903-default-noop-repeat-community-on-postfix-miny-m64-seed-0,community-on-postfix,0,-64,320,true,true,3465,256,family,gravel,,208,224,0,0.000000000
20260903-default-noop-repeat-community-on-postfix-miny-m64-seed-0,community-on-postfix,0,-64,320,true,true,3465,256,block,gravel,minecraft:gravel,208,224,0,0.000000000
20260903-default-noop-repeat-community-on-postfix-miny-m64-seed-0,community-on-postfix,0,-64,320,true,true,3465,256,family,gravel,,224,240,0,0.000000000
20260903-default-noop-repeat-community-on-postfix-miny-m64-seed-0,community-on-postfix,0,-64,320,true,true,3465,256,block,gravel,minecraft:gravel,224,240,0,0.000000000
20260903-default-noop-repeat-community-on-postfix-miny-m64-seed-0,community-on-postfix,0,-64,320,true,true,3465,256,family,gravel,,240,256,0,0.000000000
20260903-default-noop-repeat-community-on-postfix-miny-m64-seed-0,community-on-postfix,0,-64,320,true,true,3465,256,block,gravel,minecraft:gravel,240,256,0,0.000000000
20260903-default-noop-repeat-community-on-postfix-miny-m64-seed-0,community-on-postfix,0,-64,320,true,true,3465,256,family,gravel,,256,272,0,0.000000000
20260903-default-noop-repeat-community-on-postfix-miny-m64-seed-0,community-on-postfix,0,-64,320,true,true,3465,256,block,gravel,minecraft:gravel,256,272,0,0.000000000
20260903-default-noop-repeat-community-on-postfix-miny-m64-seed-0,community-on-postfix,0,-64,320,true,true,3465,256,family,gravel,,272,288,0,0.000000000
20260903-default-noop-repeat-community-on-postfix-miny-m64-seed-0,community-on-postfix,0,-64,320,true,true,3465,256,block,gravel,minecraft:gravel,272,288,0,0.000000000
20260903-default-noop-repeat-community-on-postfix-miny-m64-seed-0,community-on-postfix,0,-64,320,true,true,3465,256,family,gravel,,288,304,0,0.000000000
20260903-default-noop-repeat-community-on-postfix-miny-m64-seed-0,community-on-postfix,0,-64,320,true,true,3465,256,block,gravel,minecraft:gravel,288,304,0,0.000000000
20260903-default-noop-repeat-community-on-postfix-miny-m64-seed-0,community-on-postfix,0,-64,320,true,true,3465,256,family,gravel,,304,320,0,0.000000000
20260903-default-noop-repeat-community-on-postfix-miny-m64-seed-0,community-on-postfix,0,-64,320,true,true,3465,256,block,gravel,minecraft:gravel,304,320,0,0.000000000
20260903-default-noop-repeat-community-on-postfix-miny-m64-seed-0,community-on-postfix,0,-64,320,true,true,3465,256,family,tuff,,-64,-48,63467,247.917968750
20260903-default-noop-repeat-community-on-postfix-miny-m64-seed-0,community-on-postfix,0,-64,320,true,true,3465,256,block,tuff,minecraft:tuff,-64,-48,63467,247.917968750
20260903-default-noop-repeat-community-on-postfix-miny-m64-seed-0,community-on-postfix,0,-64,320,true,true,3465,256,family,tuff,,-48,-32,73315,286.386718750
20260903-default-noop-repeat-community-on-postfix-miny-m64-seed-0,community-on-postfix,0,-64,320,true,true,3465,256,block,tuff,minecraft:tuff,-48,-32,73315,286.386718750
20260903-default-noop-repeat-community-on-postfix-miny-m64-seed-0,community-on-postfix,0,-64,320,true,true,3465,256,family,tuff,,-32,-16,70466,275.257812500
20260903-default-noop-repeat-community-on-postfix-miny-m64-seed-0,community-on-postfix,0,-64,320,true,true,3465,256,block,tuff,minecraft:tuff,-32,-16,70466,275.257812500
20260903-default-noop-repeat-community-on-postfix-miny-m64-seed-0,community-on-postfix,0,-64,320,true,true,3465,256,family,tuff,,-16,0,63902,249.617187500
20260903-default-noop-repeat-community-on-postfix-miny-m64-seed-0,community-on-postfix,0,-64,320,true,true,3465,256,block,tuff,minecraft:tuff,-16,0,63902,249.617187500
20260903-default-noop-repeat-community-on-postfix-miny-m64-seed-0,community-on-postfix,0,-64,320,true,true,3465,256,family,tuff,,0,16,2091,8.167968750
20260903-default-noop-repeat-community-on-postfix-miny-m64-seed-0,community-on-postfix,0,-64,320,true,true,3465,256,block,tuff,minecraft:tuff,0,16,2091,8.167968750
20260903-default-noop-repeat-community-on-postfix-miny-m64-seed-0,community-on-postfix,0,-64,320,true,true,3465,256,family,tuff,,16,32,0,0.000000000
20260903-default-noop-repeat-community-on-postfix-miny-m64-seed-0,community-on-postfix,0,-64,320,true,true,3465,256,block,tuff,minecraft:tuff,16,32,0,0.000000000
20260903-default-noop-repeat-community-on-postfix-miny-m64-seed-0,community-on-postfix,0,-64,320,true,true,3465,256,family,tuff,,32,48,0,0.000000000
20260903-default-noop-repeat-community-on-postfix-miny-m64-seed-0,community-on-postfix,0,-64,320,true,true,3465,256,block,tuff,minecraft:tuff,32,48,0,0.000000000
20260903-default-noop-repeat-community-on-postfix-miny-m64-seed-0,community-on-postfix,0,-64,320,true,true,3465,256,family,tuff,,48,64,0,0.000000000
20260903-default-noop-repeat-community-on-postfix-miny-m64-seed-0,community-on-postfix,0,-64,320,true,true,3465,256,block,tuff,minecraft:tuff,48,64,0,0.000000000
20260903-default-noop-repeat-community-on-postfix-miny-m64-seed-0,community-on-postfix,0,-64,320,true,true,3465,256,family,tuff,,64,80,0,0.000000000
20260903-default-noop-repeat-community-on-postfix-miny-m64-seed-0,community-on-postfix,0,-64,320,true,true,3465,256,block,tuff,minecraft:tuff,64,80,0,0.000000000
20260903-default-noop-repeat-community-on-postfix-miny-m64-seed-0,community-on-postfix,0,-64,320,true,true,3465,256,family,tuff,,80,96,0,0.000000000
20260903-default-noop-repeat-community-on-postfix-miny-m64-seed-0,community-on-postfix,0,-64,320,true,true,3465,256,block,tuff,minecraft:tuff,80,96,0,0.000000000
20260903-default-noop-repeat-community-on-postfix-miny-m64-seed-0,community-on-postfix,0,-64,320,true,true,3465,256,family,tuff,,96,112,0,0.000000000
20260903-default-noop-repeat-community-on-postfix-miny-m64-seed-0,community-on-postfix,0,-64,320,true,true,3465,256,block,tuff,minecraft:tuff,96,112,0,0.000000000
20260903-default-noop-repeat-community-on-postfix-miny-m64-seed-0,community-on-postfix,0,-64,320,true,true,3465,256,family,tuff,,112,128,0,0.000000000
20260903-default-noop-repeat-community-on-postfix-miny-m64-seed-0,community-on-postfix,0,-64,320,true,true,3465,256,block,tuff,minecraft:tuff,112,128,0,0.000000000
20260903-default-noop-repeat-community-on-postfix-miny-m64-seed-0,community-on-postfix,0,-64,320,true,true,3465,256,family,tuff,,128,144,0,0.000000000
20260903-default-noop-repeat-community-on-postfix-miny-m64-seed-0,community-on-postfix,0,-64,320,true,true,3465,256,block,tuff,minecraft:tuff,128,144,0,0.000000000
20260903-default-noop-repeat-community-on-postfix-miny-m64-seed-0,community-on-postfix,0,-64,320,true,true,3465,256,family,tuff,,144,160,0,0.000000000
20260903-default-noop-repeat-community-on-postfix-miny-m64-seed-0,community-on-postfix,0,-64,320,true,true,3465,256,block,tuff,minecraft:tuff,144,160,0,0.000000000
20260903-default-noop-repeat-community-on-postfix-miny-m64-seed-0,community-on-postfix,0,-64,320,true,true,3465,256,family,tuff,,160,176,0,0.000000000
20260903-default-noop-repeat-community-on-postfix-miny-m64-seed-0,community-on-postfix,0,-64,320,true,true,3465,256,block,tuff,minecraft:tuff,160,176,0,0.000000000
20260903-default-noop-repeat-community-on-postfix-miny-m64-seed-0,community-on-postfix,0,-64,320,true,true,3465,256,family,tuff,,176,192,0,0.000000000
20260903-default-noop-repeat-community-on-postfix-miny-m64-seed-0,community-on-postfix,0,-64,320,true,true,3465,256,block,tuff,minecraft:tuff,176,192,0,0.000000000
20260903-default-noop-repeat-community-on-postfix-miny-m64-seed-0,community-on-postfix,0,-64,320,true,true,3465,256,family,tuff,,192,208,0,0.000000000
20260903-default-noop-repeat-community-on-postfix-miny-m64-seed-0,community-on-postfix,0,-64,320,true,true,3465,256,block,tuff,minecraft:tuff,192,208,0,0.000000000
20260903-default-noop-repeat-community-on-postfix-miny-m64-seed-0,community-on-postfix,0,-64,320,true,true,3465,256,family,tuff,,208,224,0,0.000000000
20260903-default-noop-repeat-community-on-postfix-miny-m64-seed-0,community-on-postfix,0,-64,320,true,true,3465,256,block,tuff,minecraft:tuff,208,224,0,0.000000000
20260903-default-noop-repeat-community-on-postfix-miny-m64-seed-0,community-on-postfix,0,-64,320,true,true,3465,256,family,tuff,,224,240,0,0.000000000
20260903-default-noop-repeat-community-on-postfix-miny-m64-seed-0,community-on-postfix,0,-64,320,true,true,3465,256,block,tuff,minecraft:tuff,224,240,0,0.000000000
20260903-default-noop-repeat-community-on-postfix-miny-m64-seed-0,community-on-postfix,0,-64,320,true,true,3465,256,family,tuff,,240,256,0,0.000000000
20260903-default-noop-repeat-community-on-postfix-miny-m64-seed-0,community-on-postfix,0,-64,320,true,true,3465,256,block,tuff,minecraft:tuff,240,256,0,0.000000000
20260903-default-noop-repeat-community-on-postfix-miny-m64-seed-0,community-on-postfix,0,-64,320,true,true,3465,256,family,tuff,,256,272,0,0.000000000
20260903-default-noop-repeat-community-on-postfix-miny-m64-seed-0,community-on-postfix,0,-64,320,true,true,3465,256,block,tuff,minecraft:tuff,256,272,0,0.000000000
20260903-default-noop-repeat-community-on-postfix-miny-m64-seed-0,community-on-postfix,0,-64,320,true,true,3465,256,family,tuff,,272,288,0,0.000000000
20260903-default-noop-repeat-community-on-postfix-miny-m64-seed-0,community-on-postfix,0,-64,320,true,true,3465,256,block,tuff,minecraft:tuff,272,288,0,0.000000000
20260903-default-noop-repeat-community-on-postfix-miny-m64-seed-0,community-on-postfix,0,-64,320,true,true,3465,256,family,tuff,,288,304,0,0.000000000
20260903-default-noop-repeat-community-on-postfix-miny-m64-seed-0,community-on-postfix,0,-64,320,true,true,3465,256,block,tuff,minecraft:tuff,288,304,0,0.000000000
20260903-default-noop-repeat-community-on-postfix-miny-m64-seed-0,community-on-postfix,0,-64,320,true,true,3465,256,family,tuff,,304,320,0,0.000000000
20260903-default-noop-repeat-community-on-postfix-miny-m64-seed-0,community-on-postfix,0,-64,320,true,true,3465,256,block,tuff,minecraft:tuff,304,320,0,0.000000000
20260903-vanilla-reference-vanilla-reference-miny-m64-seed-0,vanilla-reference,0,-64,320,false,false,3465,256,family,coal,,-64,-48,0,0.000000000
20260903-vanilla-reference-vanilla-reference-miny-m64-seed-0,vanilla-reference,0,-64,320,false,false,3465,256,block,coal,minecraft:coal_ore,-64,-48,0,0.000000000
20260903-vanilla-reference-vanilla-reference-miny-m64-seed-0,vanilla-reference,0,-64,320,false,false,3465,256,block,coal,minecraft:deepslate_coal_ore,-64,-48,0,0.000000000
20260903-vanilla-reference-vanilla-reference-miny-m64-seed-0,vanilla-reference,0,-64,320,false,false,3465,256,family,coal,,-48,-32,0,0.000000000
20260903-vanilla-reference-vanilla-reference-miny-m64-seed-0,vanilla-reference,0,-64,320,false,false,3465,256,block,coal,minecraft:coal_ore,-48,-32,0,0.000000000
20260903-vanilla-reference-vanilla-reference-miny-m64-seed-0,vanilla-reference,0,-64,320,false,false,3465,256,block,coal,minecraft:deepslate_coal_ore,-48,-32,0,0.000000000
20260903-vanilla-reference-vanilla-reference-miny-m64-seed-0,vanilla-reference,0,-64,320,false,false,3465,256,family,coal,,-32,-16,0,0.000000000
20260903-vanilla-reference-vanilla-reference-miny-m64-seed-0,vanilla-reference,0,-64,320,false,false,3465,256,block,coal,minecraft:coal_ore,-32,-16,0,0.000000000
20260903-vanilla-reference-vanilla-reference-miny-m64-seed-0,vanilla-reference,0,-64,320,false,false,3465,256,block,coal,minecraft:deepslate_coal_ore,-32,-16,0,0.000000000
20260903-vanilla-reference-vanilla-reference-miny-m64-seed-0,vanilla-reference,0,-64,320,false,false,3465,256,family,coal,,-16,0,9,0.035156250
20260903-vanilla-reference-vanilla-reference-miny-m64-seed-0,vanilla-reference,0,-64,320,false,false,3465,256,block,coal,minecraft:coal_ore,-16,0,0,0.000000000
20260903-vanilla-reference-vanilla-reference-miny-m64-seed-0,vanilla-reference,0,-64,320,false,false,3465,256,block,coal,minecraft:deepslate_coal_ore,-16,0,9,0.035156250
20260903-vanilla-reference-vanilla-reference-miny-m64-seed-0,vanilla-reference,0,-64,320,false,false,3465,256,family,coal,,0,16,1555,6.074218750
20260903-vanilla-reference-vanilla-reference-miny-m64-seed-0,vanilla-reference,0,-64,320,false,false,3465,256,block,coal,minecraft:coal_ore,0,16,1361,5.316406250
20260903-vanilla-reference-vanilla-reference-miny-m64-seed-0,vanilla-reference,0,-64,320,false,false,3465,256,block,coal,minecraft:deepslate_coal_ore,0,16,194,0.757812500
20260903-vanilla-reference-vanilla-reference-miny-m64-seed-0,vanilla-reference,0,-64,320,false,false,3465,256,family,coal,,16,32,3942,15.398437500
20260903-vanilla-reference-vanilla-reference-miny-m64-seed-0,vanilla-reference,0,-64,320,false,false,3465,256,block,coal,minecraft:coal_ore,16,32,3942,15.398437500
20260903-vanilla-reference-vanilla-reference-miny-m64-seed-0,vanilla-reference,0,-64,320,false,false,3465,256,block,coal,minecraft:deepslate_coal_ore,16,32,0,0.000000000
20260903-vanilla-reference-vanilla-reference-miny-m64-seed-0,vanilla-reference,0,-64,320,false,false,3465,256,family,coal,,32,48,7337,28.660156250
20260903-vanilla-reference-vanilla-reference-miny-m64-seed-0,vanilla-reference,0,-64,320,false,false,3465,256,block,coal,minecraft:coal_ore,32,48,7337,28.660156250
20260903-vanilla-reference-vanilla-reference-miny-m64-seed-0,vanilla-reference,0,-64,320,false,false,3465,256,block,coal,minecraft:deepslate_coal_ore,32,48,0,0.000000000
20260903-vanilla-reference-vanilla-reference-miny-m64-seed-0,vanilla-reference,0,-64,320,false,false,3465,256,family,coal,,48,64,7965,31.113281250
20260903-vanilla-reference-vanilla-reference-miny-m64-seed-0,vanilla-reference,0,-64,320,false,false,3465,256,block,coal,minecraft:coal_ore,48,64,7965,31.113281250
20260903-vanilla-reference-vanilla-reference-miny-m64-seed-0,vanilla-reference,0,-64,320,false,false,3465,256,block,coal,minecraft:deepslate_coal_ore,48,64,0,0.000000000
20260903-vanilla-reference-vanilla-reference-miny-m64-seed-0,vanilla-reference,0,-64,320,false,false,3465,256,family,coal,,64,80,4365,17.050781250
20260903-vanilla-reference-vanilla-reference-miny-m64-seed-0,vanilla-reference,0,-64,320,false,false,3465,256,block,coal,minecraft:coal_ore,64,80,4365,17.050781250
20260903-vanilla-reference-vanilla-reference-miny-m64-seed-0,vanilla-reference,0,-64,320,false,false,3465,256,block,coal,minecraft:deepslate_coal_ore,64,80,0,0.000000000
20260903-vanilla-reference-vanilla-reference-miny-m64-seed-0,vanilla-reference,0,-64,320,false,false,3465,256,family,coal,,80,96,1531,5.980468750
20260903-vanilla-reference-vanilla-reference-miny-m64-seed-0,vanilla-reference,0,-64,320,false,false,3465,256,block,coal,minecraft:coal_ore,80,96,1531,5.980468750
20260903-vanilla-reference-vanilla-reference-miny-m64-seed-0,vanilla-reference,0,-64,320,false,false,3465,256,block,coal,minecraft:deepslate_coal_ore,80,96,0,0.000000000
20260903-vanilla-reference-vanilla-reference-miny-m64-seed-0,vanilla-reference,0,-64,320,false,false,3465,256,family,coal,,96,112,856,3.343750000
20260903-vanilla-reference-vanilla-reference-miny-m64-seed-0,vanilla-reference,0,-64,320,false,false,3465,256,block,coal,minecraft:coal_ore,96,112,856,3.343750000
20260903-vanilla-reference-vanilla-reference-miny-m64-seed-0,vanilla-reference,0,-64,320,false,false,3465,256,block,coal,minecraft:deepslate_coal_ore,96,112,0,0.000000000
20260903-vanilla-reference-vanilla-reference-miny-m64-seed-0,vanilla-reference,0,-64,320,false,false,3465,256,family,coal,,112,128,0,0.000000000
20260903-vanilla-reference-vanilla-reference-miny-m64-seed-0,vanilla-reference,0,-64,320,false,false,3465,256,block,coal,minecraft:coal_ore,112,128,0,0.000000000
20260903-vanilla-reference-vanilla-reference-miny-m64-seed-0,vanilla-reference,0,-64,320,false,false,3465,256,block,coal,minecraft:deepslate_coal_ore,112,128,0,0.000000000
20260903-vanilla-reference-vanilla-reference-miny-m64-seed-0,vanilla-reference,0,-64,320,false,false,3465,256,family,coal,,128,144,0,0.000000000
20260903-vanilla-reference-vanilla-reference-miny-m64-seed-0,vanilla-reference,0,-64,320,false,false,3465,256,block,coal,minecraft:coal_ore,128,144,0,0.000000000
20260903-vanilla-reference-vanilla-reference-miny-m64-seed-0,vanilla-reference,0,-64,320,false,false,3465,256,block,coal,minecraft:deepslate_coal_ore,128,144,0,0.000000000
20260903-vanilla-reference-vanilla-reference-miny-m64-seed-0,vanilla-reference,0,-64,320,false,false,3465,256,family,coal,,144,160,0,0.000000000
20260903-vanilla-reference-vanilla-reference-miny-m64-seed-0,vanilla-reference,0,-64,320,false,false,3465,256,block,coal,minecraft:coal_ore,144,160,0,0.000000000
20260903-vanilla-reference-vanilla-reference-miny-m64-seed-0,vanilla-reference,0,-64,320,false,false,3465,256,block,coal,minecraft:deepslate_coal_ore,144,160,0,0.000000000
20260903-vanilla-reference-vanilla-reference-miny-m64-seed-0,vanilla-reference,0,-64,320,false,false,3465,256,family,coal,,160,176,0,0.000000000
20260903-vanilla-reference-vanilla-reference-miny-m64-seed-0,vanilla-reference,0,-64,320,false,false,3465,256,block,coal,minecraft:coal_ore,160,176,0,0.000000000
20260903-vanilla-reference-vanilla-reference-miny-m64-seed-0,vanilla-reference,0,-64,320,false,false,3465,256,block,coal,minecraft:deepslate_coal_ore,160,176,0,0.000000000
20260903-vanilla-reference-vanilla-reference-miny-m64-seed-0,vanilla-reference,0,-64,320,false,false,3465,256,family,coal,,176,192,0,0.000000000
20260903-vanilla-reference-vanilla-reference-miny-m64-seed-0,vanilla-reference,0,-64,320,false,false,3465,256,block,coal,minecraft:coal_ore,176,192,0,0.000000000
20260903-vanilla-reference-vanilla-reference-miny-m64-seed-0,vanilla-reference,0,-64,320,false,false,3465,256,block,coal,minecraft:deepslate_coal_ore,176,192,0,0.000000000
20260903-vanilla-reference-vanilla-reference-miny-m64-seed-0,vanilla-reference,0,-64,320,false,false,3465,256,family,coal,,192,208,0,0.000000000
20260903-vanilla-reference-vanilla-reference-miny-m64-seed-0,vanilla-reference,0,-64,320,false,false,3465,256,block,coal,minecraft:coal_ore,192,208,0,0.000000000
20260903-vanilla-reference-vanilla-reference-miny-m64-seed-0,vanilla-reference,0,-64,320,false,false,3465,256,block,coal,minecraft:deepslate_coal_ore,192,208,0,0.000000000
20260903-vanilla-reference-vanilla-reference-miny-m64-seed-0,vanilla-reference,0,-64,320,false,false,3465,256,family,coal,,208,224,0,0.000000000
20260903-vanilla-reference-vanilla-reference-miny-m64-seed-0,vanilla-reference,0,-64,320,false,false,3465,256,block,coal,minecraft:coal_ore,208,224,0,0.000000000
20260903-vanilla-reference-vanilla-reference-miny-m64-seed-0,vanilla-reference,0,-64,320,false,false,3465,256,block,coal,minecraft:deepslate_coal_ore,208,224,0,0.000000000
20260903-vanilla-reference-vanilla-reference-miny-m64-seed-0,vanilla-reference,0,-64,320,false,false,3465,256,family,coal,,224,240,0,0.000000000
20260903-vanilla-reference-vanilla-reference-miny-m64-seed-0,vanilla-reference,0,-64,320,false,false,3465,256,block,coal,minecraft:coal_ore,224,240,0,0.000000000
20260903-vanilla-reference-vanilla-reference-miny-m64-seed-0,vanilla-reference,0,-64,320,false,false,3465,256,block,coal,minecraft:deepslate_coal_ore,224,240,0,0.000000000
20260903-vanilla-reference-vanilla-reference-miny-m64-seed-0,vanilla-reference,0,-64,320,false,false,3465,256,family,coal,,240,256,0,0.000000000
20260903-vanilla-reference-vanilla-reference-miny-m64-seed-0,vanilla-reference,0,-64,320,false,false,3465,256,block,coal,minecraft:coal_ore,240,256,0,0.000000000
20260903-vanilla-reference-vanilla-reference-miny-m64-seed-0,vanilla-reference,0,-64,320,false,false,3465,256,block,coal,minecraft:deepslate_coal_ore,240,256,0,0.000000000
20260903-vanilla-reference-vanilla-reference-miny-m64-seed-0,vanilla-reference,0,-64,320,false,false,3465,256,family,coal,,256,272,0,0.000000000
20260903-vanilla-reference-vanilla-reference-miny-m64-seed-0,vanilla-reference,0,-64,320,false,false,3465,256,block,coal,minecraft:coal_ore,256,272,0,0.000000000
20260903-vanilla-reference-vanilla-reference-miny-m64-seed-0,vanilla-reference,0,-64,320,false,false,3465,256,block,coal,minecraft:deepslate_coal_ore,256,272,0,0.000000000
20260903-vanilla-reference-vanilla-reference-miny-m64-seed-0,vanilla-reference,0,-64,320,false,false,3465,256,family,coal,,272,288,0,0.000000000
20260903-vanilla-reference-vanilla-reference-miny-m64-seed-0,vanilla-reference,0,-64,320,false,false,3465,256,block,coal,minecraft:coal_ore,272,288,0,0.000000000
20260903-vanilla-reference-vanilla-reference-miny-m64-seed-0,vanilla-reference,0,-64,320,false,false,3465,256,block,coal,minecraft:deepslate_coal_ore,272,288,0,0.000000000
20260903-vanilla-reference-vanilla-reference-miny-m64-seed-0,vanilla-reference,0,-64,320,false,false,3465,256,family,coal,,288,304,0,0.000000000
20260903-vanilla-reference-vanilla-reference-miny-m64-seed-0,vanilla-reference,0,-64,320,false,false,3465,256,block,coal,minecraft:coal_ore,288,304,0,0.000000000
20260903-vanilla-reference-vanilla-reference-miny-m64-seed-0,vanilla-reference,0,-64,320,false,false,3465,256,block,coal,minecraft:deepslate_coal_ore,288,304,0,0.000000000
20260903-vanilla-reference-vanilla-reference-miny-m64-seed-0,vanilla-reference,0,-64,320,false,false,3465,256,family,coal,,304,320,0,0.000000000
20260903-vanilla-reference-vanilla-reference-miny-m64-seed-0,vanilla-reference,0,-64,320,false,false,3465,256,block,coal,minecraft:coal_ore,304,320,0,0.000000000
20260903-vanilla-reference-vanilla-reference-miny-m64-seed-0,vanilla-reference,0,-64,320,false,false,3465,256,block,coal,minecraft:deepslate_coal_ore,304,320,0,0.000000000
20260903-vanilla-reference-vanilla-reference-miny-m64-seed-0,vanilla-reference,0,-64,320,false,false,3465,256,family,iron,,-64,-48,1187,4.636718750
20260903-vanilla-reference-vanilla-reference-miny-m64-seed-0,vanilla-reference,0,-64,320,false,false,3465,256,block,iron,minecraft:iron_ore,-64,-48,0,0.000000000
20260903-vanilla-reference-vanilla-reference-miny-m64-seed-0,vanilla-reference,0,-64,320,false,false,3465,256,block,iron,minecraft:deepslate_iron_ore,-64,-48,1187,4.636718750
20260903-vanilla-reference-vanilla-reference-miny-m64-seed-0,vanilla-reference,0,-64,320,false,false,3465,256,family,iron,,-48,-32,1657,6.472656250
20260903-vanilla-reference-vanilla-reference-miny-m64-seed-0,vanilla-reference,0,-64,320,false,false,3465,256,block,iron,minecraft:iron_ore,-48,-32,0,0.000000000
20260903-vanilla-reference-vanilla-reference-miny-m64-seed-0,vanilla-reference,0,-64,320,false,false,3465,256,block,iron,minecraft:deepslate_iron_ore,-48,-32,1657,6.472656250
20260903-vanilla-reference-vanilla-reference-miny-m64-seed-0,vanilla-reference,0,-64,320,false,false,3465,256,family,iron,,-32,-16,1521,5.941406250
20260903-vanilla-reference-vanilla-reference-miny-m64-seed-0,vanilla-reference,0,-64,320,false,false,3465,256,block,iron,minecraft:iron_ore,-32,-16,0,0.000000000
20260903-vanilla-reference-vanilla-reference-miny-m64-seed-0,vanilla-reference,0,-64,320,false,false,3465,256,block,iron,minecraft:deepslate_iron_ore,-32,-16,1521,5.941406250
20260903-vanilla-reference-vanilla-reference-miny-m64-seed-0,vanilla-reference,0,-64,320,false,false,3465,256,family,iron,,-16,0,2829,11.050781250
20260903-vanilla-reference-vanilla-reference-miny-m64-seed-0,vanilla-reference,0,-64,320,false,false,3465,256,block,iron,minecraft:iron_ore,-16,0,86,0.335937500
20260903-vanilla-reference-vanilla-reference-miny-m64-seed-0,vanilla-reference,0,-64,320,false,false,3465,256,block,iron,minecraft:deepslate_iron_ore,-16,0,2743,10.714843750
20260903-vanilla-reference-vanilla-reference-miny-m64-seed-0,vanilla-reference,0,-64,320,false,false,3465,256,family,iron,,0,16,4834,18.882812500
20260903-vanilla-reference-vanilla-reference-miny-m64-seed-0,vanilla-reference,0,-64,320,false,false,3465,256,block,iron,minecraft:iron_ore,0,16,3863,15.089843750
20260903-vanilla-reference-vanilla-reference-miny-m64-seed-0,vanilla-reference,0,-64,320,false,false,3465,256,block,iron,minecraft:deepslate_iron_ore,0,16,971,3.792968750
20260903-vanilla-reference-vanilla-reference-miny-m64-seed-0,vanilla-reference,0,-64,320,false,false,3465,256,family,iron,,16,32,4752,18.562500000
20260903-vanilla-reference-vanilla-reference-miny-m64-seed-0,vanilla-reference,0,-64,320,false,false,3465,256,block,iron,minecraft:iron_ore,16,32,4752,18.562500000
20260903-vanilla-reference-vanilla-reference-miny-m64-seed-0,vanilla-reference,0,-64,320,false,false,3465,256,block,iron,minecraft:deepslate_iron_ore,16,32,0,0.000000000
20260903-vanilla-reference-vanilla-reference-miny-m64-seed-0,vanilla-reference,0,-64,320,false,false,3465,256,family,iron,,32,48,2976,11.625000000
20260903-vanilla-reference-vanilla-reference-miny-m64-seed-0,vanilla-reference,0,-64,320,false,false,3465,256,block,iron,minecraft:iron_ore,32,48,2976,11.625000000
20260903-vanilla-reference-vanilla-reference-miny-m64-seed-0,vanilla-reference,0,-64,320,false,false,3465,256,block,iron,minecraft:deepslate_iron_ore,32,48,0,0.000000000
20260903-vanilla-reference-vanilla-reference-miny-m64-seed-0,vanilla-reference,0,-64,320,false,false,3465,256,family,iron,,48,64,778,3.039062500
20260903-vanilla-reference-vanilla-reference-miny-m64-seed-0,vanilla-reference,0,-64,320,false,false,3465,256,block,iron,minecraft:iron_ore,48,64,778,3.039062500
20260903-vanilla-reference-vanilla-reference-miny-m64-seed-0,vanilla-reference,0,-64,320,false,false,3465,256,block,iron,minecraft:deepslate_iron_ore,48,64,0,0.000000000
20260903-vanilla-reference-vanilla-reference-miny-m64-seed-0,vanilla-reference,0,-64,320,false,false,3465,256,family,iron,,64,80,153,0.597656250
20260903-vanilla-reference-vanilla-reference-miny-m64-seed-0,vanilla-reference,0,-64,320,false,false,3465,256,block,iron,minecraft:iron_ore,64,80,153,0.597656250
20260903-vanilla-reference-vanilla-reference-miny-m64-seed-0,vanilla-reference,0,-64,320,false,false,3465,256,block,iron,minecraft:deepslate_iron_ore,64,80,0,0.000000000
20260903-vanilla-reference-vanilla-reference-miny-m64-seed-0,vanilla-reference,0,-64,320,false,false,3465,256,family,iron,,80,96,71,0.277343750
20260903-vanilla-reference-vanilla-reference-miny-m64-seed-0,vanilla-reference,0,-64,320,false,false,3465,256,block,iron,minecraft:iron_ore,80,96,71,0.277343750
20260903-vanilla-reference-vanilla-reference-miny-m64-seed-0,vanilla-reference,0,-64,320,false,false,3465,256,block,iron,minecraft:deepslate_iron_ore,80,96,0,0.000000000
20260903-vanilla-reference-vanilla-reference-miny-m64-seed-0,vanilla-reference,0,-64,320,false,false,3465,256,family,iron,,96,112,107,0.417968750
20260903-vanilla-reference-vanilla-reference-miny-m64-seed-0,vanilla-reference,0,-64,320,false,false,3465,256,block,iron,minecraft:iron_ore,96,112,107,0.417968750
20260903-vanilla-reference-vanilla-reference-miny-m64-seed-0,vanilla-reference,0,-64,320,false,false,3465,256,block,iron,minecraft:deepslate_iron_ore,96,112,0,0.000000000
20260903-vanilla-reference-vanilla-reference-miny-m64-seed-0,vanilla-reference,0,-64,320,false,false,3465,256,family,iron,,112,128,0,0.000000000
20260903-vanilla-reference-vanilla-reference-miny-m64-seed-0,vanilla-reference,0,-64,320,false,false,3465,256,block,iron,minecraft:iron_ore,112,128,0,0.000000000
20260903-vanilla-reference-vanilla-reference-miny-m64-seed-0,vanilla-reference,0,-64,320,false,false,3465,256,block,iron,minecraft:deepslate_iron_ore,112,128,0,0.000000000
20260903-vanilla-reference-vanilla-reference-miny-m64-seed-0,vanilla-reference,0,-64,320,false,false,3465,256,family,iron,,128,144,0,0.000000000
20260903-vanilla-reference-vanilla-reference-miny-m64-seed-0,vanilla-reference,0,-64,320,false,false,3465,256,block,iron,minecraft:iron_ore,128,144,0,0.000000000
20260903-vanilla-reference-vanilla-reference-miny-m64-seed-0,vanilla-reference,0,-64,320,false,false,3465,256,block,iron,minecraft:deepslate_iron_ore,128,144,0,0.000000000
20260903-vanilla-reference-vanilla-reference-miny-m64-seed-0,vanilla-reference,0,-64,320,false,false,3465,256,family,iron,,144,160,0,0.000000000
20260903-vanilla-reference-vanilla-reference-miny-m64-seed-0,vanilla-reference,0,-64,320,false,false,3465,256,block,iron,minecraft:iron_ore,144,160,0,0.000000000
20260903-vanilla-reference-vanilla-reference-miny-m64-seed-0,vanilla-reference,0,-64,320,false,false,3465,256,block,iron,minecraft:deepslate_iron_ore,144,160,0,0.000000000
20260903-vanilla-reference-vanilla-reference-miny-m64-seed-0,vanilla-reference,0,-64,320,false,false,3465,256,family,iron,,160,176,0,0.000000000
20260903-vanilla-reference-vanilla-reference-miny-m64-seed-0,vanilla-reference,0,-64,320,false,false,3465,256,block,iron,minecraft:iron_ore,160,176,0,0.000000000
20260903-vanilla-reference-vanilla-reference-miny-m64-seed-0,vanilla-reference,0,-64,320,false,false,3465,256,block,iron,minecraft:deepslate_iron_ore,160,176,0,0.000000000
20260903-vanilla-reference-vanilla-reference-miny-m64-seed-0,vanilla-reference,0,-64,320,false,false,3465,256,family,iron,,176,192,0,0.000000000
20260903-vanilla-reference-vanilla-reference-miny-m64-seed-0,vanilla-reference,0,-64,320,false,false,3465,256,block,iron,minecraft:iron_ore,176,192,0,0.000000000
20260903-vanilla-reference-vanilla-reference-miny-m64-seed-0,vanilla-reference,0,-64,320,false,false,3465,256,block,iron,minecraft:deepslate_iron_ore,176,192,0,0.000000000
20260903-vanilla-reference-vanilla-reference-miny-m64-seed-0,vanilla-reference,0,-64,320,false,false,3465,256,family,iron,,192,208,0,0.000000000
20260903-vanilla-reference-vanilla-reference-miny-m64-seed-0,vanilla-reference,0,-64,320,false,false,3465,256,block,iron,minecraft:iron_ore,192,208,0,0.000000000
20260903-vanilla-reference-vanilla-reference-miny-m64-seed-0,vanilla-reference,0,-64,320,false,false,3465,256,block,iron,minecraft:deepslate_iron_ore,192,208,0,0.000000000
20260903-vanilla-reference-vanilla-reference-miny-m64-seed-0,vanilla-reference,0,-64,320,false,false,3465,256,family,iron,,208,224,0,0.000000000
20260903-vanilla-reference-vanilla-reference-miny-m64-seed-0,vanilla-reference,0,-64,320,false,false,3465,256,block,iron,minecraft:iron_ore,208,224,0,0.000000000
20260903-vanilla-reference-vanilla-reference-miny-m64-seed-0,vanilla-reference,0,-64,320,false,false,3465,256,block,iron,minecraft:deepslate_iron_ore,208,224,0,0.000000000
20260903-vanilla-reference-vanilla-reference-miny-m64-seed-0,vanilla-reference,0,-64,320,false,false,3465,256,family,iron,,224,240,0,0.000000000
20260903-vanilla-reference-vanilla-reference-miny-m64-seed-0,vanilla-reference,0,-64,320,false,false,3465,256,block,iron,minecraft:iron_ore,224,240,0,0.000000000
20260903-vanilla-reference-vanilla-reference-miny-m64-seed-0,vanilla-reference,0,-64,320,false,false,3465,256,block,iron,minecraft:deepslate_iron_ore,224,240,0,0.000000000
20260903-vanilla-reference-vanilla-reference-miny-m64-seed-0,vanilla-reference,0,-64,320,false,false,3465,256,family,iron,,240,256,0,0.000000000
20260903-vanilla-reference-vanilla-reference-miny-m64-seed-0,vanilla-reference,0,-64,320,false,false,3465,256,block,iron,minecraft:iron_ore,240,256,0,0.000000000
20260903-vanilla-reference-vanilla-reference-miny-m64-seed-0,vanilla-reference,0,-64,320,false,false,3465,256,block,iron,minecraft:deepslate_iron_ore,240,256,0,0.000000000
20260903-vanilla-reference-vanilla-reference-miny-m64-seed-0,vanilla-reference,0,-64,320,false,false,3465,256,family,iron,,256,272,0,0.000000000
20260903-vanilla-reference-vanilla-reference-miny-m64-seed-0,vanilla-reference,0,-64,320,false,false,3465,256,block,iron,minecraft:iron_ore,256,272,0,0.000000000
20260903-vanilla-reference-vanilla-reference-miny-m64-seed-0,vanilla-reference,0,-64,320,false,false,3465,256,block,iron,minecraft:deepslate_iron_ore,256,272,0,0.000000000
20260903-vanilla-reference-vanilla-reference-miny-m64-seed-0,vanilla-reference,0,-64,320,false,false,3465,256,family,iron,,272,288,0,0.000000000
20260903-vanilla-reference-vanilla-reference-miny-m64-seed-0,vanilla-reference,0,-64,320,false,false,3465,256,block,iron,minecraft:iron_ore,272,288,0,0.000000000
20260903-vanilla-reference-vanilla-reference-miny-m64-seed-0,vanilla-reference,0,-64,320,false,false,3465,256,block,iron,minecraft:deepslate_iron_ore,272,288,0,0.000000000
20260903-vanilla-reference-vanilla-reference-miny-m64-seed-0,vanilla-reference,0,-64,320,false,false,3465,256,family,iron,,288,304,0,0.000000000
20260903-vanilla-reference-vanilla-reference-miny-m64-seed-0,vanilla-reference,0,-64,320,false,false,3465,256,block,iron,minecraft:iron_ore,288,304,0,0.000000000
20260903-vanilla-reference-vanilla-reference-miny-m64-seed-0,vanilla-reference,0,-64,320,false,false,3465,256,block,iron,minecraft:deepslate_iron_ore,288,304,0,0.000000000
20260903-vanilla-reference-vanilla-reference-miny-m64-seed-0,vanilla-reference,0,-64,320,false,false,3465,256,family,iron,,304,320,0,0.000000000
20260903-vanilla-reference-vanilla-reference-miny-m64-seed-0,vanilla-reference,0,-64,320,false,false,3465,256,block,iron,minecraft:iron_ore,304,320,0,0.000000000
20260903-vanilla-reference-vanilla-reference-miny-m64-seed-0,vanilla-reference,0,-64,320,false,false,3465,256,block,iron,minecraft:deepslate_iron_ore,304,320,0,0.000000000
20260903-vanilla-reference-vanilla-reference-miny-m64-seed-0,vanilla-reference,0,-64,320,false,false,3465,256,family,copper,,-64,-48,0,0.000000000
20260903-vanilla-reference-vanilla-reference-miny-m64-seed-0,vanilla-reference,0,-64,320,false,false,3465,256,block,copper,minecraft:copper_ore,-64,-48,0,0.000000000
20260903-vanilla-reference-vanilla-reference-miny-m64-seed-0,vanilla-reference,0,-64,320,false,false,3465,256,block,copper,minecraft:deepslate_copper_ore,-64,-48,0,0.000000000
20260903-vanilla-reference-vanilla-reference-miny-m64-seed-0,vanilla-reference,0,-64,320,false,false,3465,256,family,copper,,-48,-32,0,0.000000000
20260903-vanilla-reference-vanilla-reference-miny-m64-seed-0,vanilla-reference,0,-64,320,false,false,3465,256,block,copper,minecraft:copper_ore,-48,-32,0,0.000000000
20260903-vanilla-reference-vanilla-reference-miny-m64-seed-0,vanilla-reference,0,-64,320,false,false,3465,256,block,copper,minecraft:deepslate_copper_ore,-48,-32,0,0.000000000
20260903-vanilla-reference-vanilla-reference-miny-m64-seed-0,vanilla-reference,0,-64,320,false,false,3465,256,family,copper,,-32,-16,12,0.046875000
20260903-vanilla-reference-vanilla-reference-miny-m64-seed-0,vanilla-reference,0,-64,320,false,false,3465,256,block,copper,minecraft:copper_ore,-32,-16,0,0.000000000
20260903-vanilla-reference-vanilla-reference-miny-m64-seed-0,vanilla-reference,0,-64,320,false,false,3465,256,block,copper,minecraft:deepslate_copper_ore,-32,-16,12,0.046875000
20260903-vanilla-reference-vanilla-reference-miny-m64-seed-0,vanilla-reference,0,-64,320,false,false,3465,256,family,copper,,-16,0,1081,4.222656250
20260903-vanilla-reference-vanilla-reference-miny-m64-seed-0,vanilla-reference,0,-64,320,false,false,3465,256,block,copper,minecraft:copper_ore,-16,0,41,0.160156250
20260903-vanilla-reference-vanilla-reference-miny-m64-seed-0,vanilla-reference,0,-64,320,false,false,3465,256,block,copper,minecraft:deepslate_copper_ore,-16,0,1040,4.062500000
20260903-vanilla-reference-vanilla-reference-miny-m64-seed-0,vanilla-reference,0,-64,320,false,false,3465,256,family,copper,,0,16,2741,10.707031250
20260903-vanilla-reference-vanilla-reference-miny-m64-seed-0,vanilla-reference,0,-64,320,false,false,3465,256,block,copper,minecraft:copper_ore,0,16,2345,9.160156250
20260903-vanilla-reference-vanilla-reference-miny-m64-seed-0,vanilla-reference,0,-64,320,false,false,3465,256,block,copper,minecraft:deepslate_copper_ore,0,16,396,1.546875000
20260903-vanilla-reference-vanilla-reference-miny-m64-seed-0,vanilla-reference,0,-64,320,false,false,3465,256,family,copper,,16,32,5034,19.664062500
20260903-vanilla-reference-vanilla-reference-miny-m64-seed-0,vanilla-reference,0,-64,320,false,false,3465,256,block,copper,minecraft:copper_ore,16,32,5034,19.664062500
20260903-vanilla-reference-vanilla-reference-miny-m64-seed-0,vanilla-reference,0,-64,320,false,false,3465,256,block,copper,minecraft:deepslate_copper_ore,16,32,0,0.000000000
20260903-vanilla-reference-vanilla-reference-miny-m64-seed-0,vanilla-reference,0,-64,320,false,false,3465,256,family,copper,,32,48,7402,28.914062500
20260903-vanilla-reference-vanilla-reference-miny-m64-seed-0,vanilla-reference,0,-64,320,false,false,3465,256,block,copper,minecraft:copper_ore,32,48,7402,28.914062500
20260903-vanilla-reference-vanilla-reference-miny-m64-seed-0,vanilla-reference,0,-64,320,false,false,3465,256,block,copper,minecraft:deepslate_copper_ore,32,48,0,0.000000000
20260903-vanilla-reference-vanilla-reference-miny-m64-seed-0,vanilla-reference,0,-64,320,false,false,3465,256,family,copper,,48,64,5716,22.328125000
20260903-vanilla-reference-vanilla-reference-miny-m64-seed-0,vanilla-reference,0,-64,320,false,false,3465,256,block,copper,minecraft:copper_ore,48,64,5716,22.328125000
20260903-vanilla-reference-vanilla-reference-miny-m64-seed-0,vanilla-reference,0,-64,320,false,false,3465,256,block,copper,minecraft:deepslate_copper_ore,48,64,0,0.000000000
20260903-vanilla-reference-vanilla-reference-miny-m64-seed-0,vanilla-reference,0,-64,320,false,false,3465,256,family,copper,,64,80,1994,7.789062500
20260903-vanilla-reference-vanilla-reference-miny-m64-seed-0,vanilla-reference,0,-64,320,false,false,3465,256,block,copper,minecraft:copper_ore,64,80,1994,7.789062500
20260903-vanilla-reference-vanilla-reference-miny-m64-seed-0,vanilla-reference,0,-64,320,false,false,3465,256,block,copper,minecraft:deepslate_copper_ore,64,80,0,0.000000000
20260903-vanilla-reference-vanilla-reference-miny-m64-seed-0,vanilla-reference,0,-64,320,false,false,3465,256,family,copper,,80,96,329,1.285156250
20260903-vanilla-reference-vanilla-reference-miny-m64-seed-0,vanilla-reference,0,-64,320,false,false,3465,256,block,copper,minecraft:copper_ore,80,96,329,1.285156250
20260903-vanilla-reference-vanilla-reference-miny-m64-seed-0,vanilla-reference,0,-64,320,false,false,3465,256,block,copper,minecraft:deepslate_copper_ore,80,96,0,0.000000000
20260903-vanilla-reference-vanilla-reference-miny-m64-seed-0,vanilla-reference,0,-64,320,false,false,3465,256,family,copper,,96,112,62,0.242187500
20260903-vanilla-reference-vanilla-reference-miny-m64-seed-0,vanilla-reference,0,-64,320,false,false,3465,256,block,copper,minecraft:copper_ore,96,112,62,0.242187500
20260903-vanilla-reference-vanilla-reference-miny-m64-seed-0,vanilla-reference,0,-64,320,false,false,3465,256,block,copper,minecraft:deepslate_copper_ore,96,112,0,0.000000000
20260903-vanilla-reference-vanilla-reference-miny-m64-seed-0,vanilla-reference,0,-64,320,false,false,3465,256,family,copper,,112,128,0,0.000000000
20260903-vanilla-reference-vanilla-reference-miny-m64-seed-0,vanilla-reference,0,-64,320,false,false,3465,256,block,copper,minecraft:copper_ore,112,128,0,0.000000000
20260903-vanilla-reference-vanilla-reference-miny-m64-seed-0,vanilla-reference,0,-64,320,false,false,3465,256,block,copper,minecraft:deepslate_copper_ore,112,128,0,0.000000000
20260903-vanilla-reference-vanilla-reference-miny-m64-seed-0,vanilla-reference,0,-64,320,false,false,3465,256,family,copper,,128,144,0,0.000000000
20260903-vanilla-reference-vanilla-reference-miny-m64-seed-0,vanilla-reference,0,-64,320,false,false,3465,256,block,copper,minecraft:copper_ore,128,144,0,0.000000000
20260903-vanilla-reference-vanilla-reference-miny-m64-seed-0,vanilla-reference,0,-64,320,false,false,3465,256,block,copper,minecraft:deepslate_copper_ore,128,144,0,0.000000000
20260903-vanilla-reference-vanilla-reference-miny-m64-seed-0,vanilla-reference,0,-64,320,false,false,3465,256,family,copper,,144,160,0,0.000000000
20260903-vanilla-reference-vanilla-reference-miny-m64-seed-0,vanilla-reference,0,-64,320,false,false,3465,256,block,copper,minecraft:copper_ore,144,160,0,0.000000000
20260903-vanilla-reference-vanilla-reference-miny-m64-seed-0,vanilla-reference,0,-64,320,false,false,3465,256,block,copper,minecraft:deepslate_copper_ore,144,160,0,0.000000000
20260903-vanilla-reference-vanilla-reference-miny-m64-seed-0,vanilla-reference,0,-64,320,false,false,3465,256,family,copper,,160,176,0,0.000000000
20260903-vanilla-reference-vanilla-reference-miny-m64-seed-0,vanilla-reference,0,-64,320,false,false,3465,256,block,copper,minecraft:copper_ore,160,176,0,0.000000000
20260903-vanilla-reference-vanilla-reference-miny-m64-seed-0,vanilla-reference,0,-64,320,false,false,3465,256,block,copper,minecraft:deepslate_copper_ore,160,176,0,0.000000000
20260903-vanilla-reference-vanilla-reference-miny-m64-seed-0,vanilla-reference,0,-64,320,false,false,3465,256,family,copper,,176,192,0,0.000000000
20260903-vanilla-reference-vanilla-reference-miny-m64-seed-0,vanilla-reference,0,-64,320,false,false,3465,256,block,copper,minecraft:copper_ore,176,192,0,0.000000000
20260903-vanilla-reference-vanilla-reference-miny-m64-seed-0,vanilla-reference,0,-64,320,false,false,3465,256,block,copper,minecraft:deepslate_copper_ore,176,192,0,0.000000000
20260903-vanilla-reference-vanilla-reference-miny-m64-seed-0,vanilla-reference,0,-64,320,false,false,3465,256,family,copper,,192,208,0,0.000000000
20260903-vanilla-reference-vanilla-reference-miny-m64-seed-0,vanilla-reference,0,-64,320,false,false,3465,256,block,copper,minecraft:copper_ore,192,208,0,0.000000000
20260903-vanilla-reference-vanilla-reference-miny-m64-seed-0,vanilla-reference,0,-64,320,false,false,3465,256,block,copper,minecraft:deepslate_copper_ore,192,208,0,0.000000000
20260903-vanilla-reference-vanilla-reference-miny-m64-seed-0,vanilla-reference,0,-64,320,false,false,3465,256,family,copper,,208,224,0,0.000000000
20260903-vanilla-reference-vanilla-reference-miny-m64-seed-0,vanilla-reference,0,-64,320,false,false,3465,256,block,copper,minecraft:copper_ore,208,224,0,0.000000000
20260903-vanilla-reference-vanilla-reference-miny-m64-seed-0,vanilla-reference,0,-64,320,false,false,3465,256,block,copper,minecraft:deepslate_copper_ore,208,224,0,0.000000000
20260903-vanilla-reference-vanilla-reference-miny-m64-seed-0,vanilla-reference,0,-64,320,false,false,3465,256,family,copper,,224,240,0,0.000000000
20260903-vanilla-reference-vanilla-reference-miny-m64-seed-0,vanilla-reference,0,-64,320,false,false,3465,256,block,copper,minecraft:copper_ore,224,240,0,0.000000000
20260903-vanilla-reference-vanilla-reference-miny-m64-seed-0,vanilla-reference,0,-64,320,false,false,3465,256,block,copper,minecraft:deepslate_copper_ore,224,240,0,0.000000000
20260903-vanilla-reference-vanilla-reference-miny-m64-seed-0,vanilla-reference,0,-64,320,false,false,3465,256,family,copper,,240,256,0,0.000000000
20260903-vanilla-reference-vanilla-reference-miny-m64-seed-0,vanilla-reference,0,-64,320,false,false,3465,256,block,copper,minecraft:copper_ore,240,256,0,0.000000000
20260903-vanilla-reference-vanilla-reference-miny-m64-seed-0,vanilla-reference,0,-64,320,false,false,3465,256,block,copper,minecraft:deepslate_copper_ore,240,256,0,0.000000000
20260903-vanilla-reference-vanilla-reference-miny-m64-seed-0,vanilla-reference,0,-64,320,false,false,3465,256,family,copper,,256,272,0,0.000000000
20260903-vanilla-reference-vanilla-reference-miny-m64-seed-0,vanilla-reference,0,-64,320,false,false,3465,256,block,copper,minecraft:copper_ore,256,272,0,0.000000000
20260903-vanilla-reference-vanilla-reference-miny-m64-seed-0,vanilla-reference,0,-64,320,false,false,3465,256,block,copper,minecraft:deepslate_copper_ore,256,272,0,0.000000000
20260903-vanilla-reference-vanilla-reference-miny-m64-seed-0,vanilla-reference,0,-64,320,false,false,3465,256,family,copper,,272,288,0,0.000000000
20260903-vanilla-reference-vanilla-reference-miny-m64-seed-0,vanilla-reference,0,-64,320,false,false,3465,256,block,copper,minecraft:copper_ore,272,288,0,0.000000000
20260903-vanilla-reference-vanilla-reference-miny-m64-seed-0,vanilla-reference,0,-64,320,false,false,3465,256,block,copper,minecraft:deepslate_copper_ore,272,288,0,0.000000000
20260903-vanilla-reference-vanilla-reference-miny-m64-seed-0,vanilla-reference,0,-64,320,false,false,3465,256,family,copper,,288,304,0,0.000000000
20260903-vanilla-reference-vanilla-reference-miny-m64-seed-0,vanilla-reference,0,-64,320,false,false,3465,256,block,copper,minecraft:copper_ore,288,304,0,0.000000000
20260903-vanilla-reference-vanilla-reference-miny-m64-seed-0,vanilla-reference,0,-64,320,false,false,3465,256,block,copper,minecraft:deepslate_copper_ore,288,304,0,0.000000000
20260903-vanilla-reference-vanilla-reference-miny-m64-seed-0,vanilla-reference,0,-64,320,false,false,3465,256,family,copper,,304,320,0,0.000000000
20260903-vanilla-reference-vanilla-reference-miny-m64-seed-0,vanilla-reference,0,-64,320,false,false,3465,256,block,copper,minecraft:copper_ore,304,320,0,0.000000000
20260903-vanilla-reference-vanilla-reference-miny-m64-seed-0,vanilla-reference,0,-64,320,false,false,3465,256,block,copper,minecraft:deepslate_copper_ore,304,320,0,0.000000000
20260903-vanilla-reference-vanilla-reference-miny-m64-seed-0,vanilla-reference,0,-64,320,false,false,3465,256,family,gold,,-64,-48,970,3.789062500
20260903-vanilla-reference-vanilla-reference-miny-m64-seed-0,vanilla-reference,0,-64,320,false,false,3465,256,block,gold,minecraft:gold_ore,-64,-48,0,0.000000000
20260903-vanilla-reference-vanilla-reference-miny-m64-seed-0,vanilla-reference,0,-64,320,false,false,3465,256,block,gold,minecraft:deepslate_gold_ore,-64,-48,970,3.789062500
20260903-vanilla-reference-vanilla-reference-miny-m64-seed-0,vanilla-reference,0,-64,320,false,false,3465,256,family,gold,,-48,-32,899,3.511718750
20260903-vanilla-reference-vanilla-reference-miny-m64-seed-0,vanilla-reference,0,-64,320,false,false,3465,256,block,gold,minecraft:gold_ore,-48,-32,0,0.000000000
20260903-vanilla-reference-vanilla-reference-miny-m64-seed-0,vanilla-reference,0,-64,320,false,false,3465,256,block,gold,minecraft:deepslate_gold_ore,-48,-32,899,3.511718750
20260903-vanilla-reference-vanilla-reference-miny-m64-seed-0,vanilla-reference,0,-64,320,false,false,3465,256,family,gold,,-32,-16,1574,6.148437500
20260903-vanilla-reference-vanilla-reference-miny-m64-seed-0,vanilla-reference,0,-64,320,false,false,3465,256,block,gold,minecraft:gold_ore,-32,-16,0,0.000000000
20260903-vanilla-reference-vanilla-reference-miny-m64-seed-0,vanilla-reference,0,-64,320,false,false,3465,256,block,gold,minecraft:deepslate_gold_ore,-32,-16,1574,6.148437500
20260903-vanilla-reference-vanilla-reference-miny-m64-seed-0,vanilla-reference,0,-64,320,false,false,3465,256,family,gold,,-16,0,1412,5.515625000
20260903-vanilla-reference-vanilla-reference-miny-m64-seed-0,vanilla-reference,0,-64,320,false,false,3465,256,block,gold,minecraft:gold_ore,-16,0,21,0.082031250
20260903-vanilla-reference-vanilla-reference-miny-m64-seed-0,vanilla-reference,0,-64,320,false,false,3465,256,block,gold,minecraft:deepslate_gold_ore,-16,0,1391,5.433593750
20260903-vanilla-reference-vanilla-reference-miny-m64-seed-0,vanilla-reference,0,-64,320,false,false,3465,256,family,gold,,0,16,826,3.226562500
20260903-vanilla-reference-vanilla-reference-miny-m64-seed-0,vanilla-reference,0,-64,320,false,false,3465,256,block,gold,minecraft:gold_ore,0,16,609,2.378906250
20260903-vanilla-reference-vanilla-reference-miny-m64-seed-0,vanilla-reference,0,-64,320,false,false,3465,256,block,gold,minecraft:deepslate_gold_ore,0,16,217,0.847656250
20260903-vanilla-reference-vanilla-reference-miny-m64-seed-0,vanilla-reference,0,-64,320,false,false,3465,256,family,gold,,16,32,338,1.320312500
20260903-vanilla-reference-vanilla-reference-miny-m64-seed-0,vanilla-reference,0,-64,320,false,false,3465,256,block,gold,minecraft:gold_ore,16,32,338,1.320312500
20260903-vanilla-reference-vanilla-reference-miny-m64-seed-0,vanilla-reference,0,-64,320,false,false,3465,256,block,gold,minecraft:deepslate_gold_ore,16,32,0,0.000000000
20260903-vanilla-reference-vanilla-reference-miny-m64-seed-0,vanilla-reference,0,-64,320,false,false,3465,256,family,gold,,32,48,0,0.000000000
20260903-vanilla-reference-vanilla-reference-miny-m64-seed-0,vanilla-reference,0,-64,320,false,false,3465,256,block,gold,minecraft:gold_ore,32,48,0,0.000000000
20260903-vanilla-reference-vanilla-reference-miny-m64-seed-0,vanilla-reference,0,-64,320,false,false,3465,256,block,gold,minecraft:deepslate_gold_ore,32,48,0,0.000000000
20260903-vanilla-reference-vanilla-reference-miny-m64-seed-0,vanilla-reference,0,-64,320,false,false,3465,256,family,gold,,48,64,0,0.000000000
20260903-vanilla-reference-vanilla-reference-miny-m64-seed-0,vanilla-reference,0,-64,320,false,false,3465,256,block,gold,minecraft:gold_ore,48,64,0,0.000000000
20260903-vanilla-reference-vanilla-reference-miny-m64-seed-0,vanilla-reference,0,-64,320,false,false,3465,256,block,gold,minecraft:deepslate_gold_ore,48,64,0,0.000000000
20260903-vanilla-reference-vanilla-reference-miny-m64-seed-0,vanilla-reference,0,-64,320,false,false,3465,256,family,gold,,64,80,0,0.000000000
20260903-vanilla-reference-vanilla-reference-miny-m64-seed-0,vanilla-reference,0,-64,320,false,false,3465,256,block,gold,minecraft:gold_ore,64,80,0,0.000000000
20260903-vanilla-reference-vanilla-reference-miny-m64-seed-0,vanilla-reference,0,-64,320,false,false,3465,256,block,gold,minecraft:deepslate_gold_ore,64,80,0,0.000000000
20260903-vanilla-reference-vanilla-reference-miny-m64-seed-0,vanilla-reference,0,-64,320,false,false,3465,256,family,gold,,80,96,0,0.000000000
20260903-vanilla-reference-vanilla-reference-miny-m64-seed-0,vanilla-reference,0,-64,320,false,false,3465,256,block,gold,minecraft:gold_ore,80,96,0,0.000000000
20260903-vanilla-reference-vanilla-reference-miny-m64-seed-0,vanilla-reference,0,-64,320,false,false,3465,256,block,gold,minecraft:deepslate_gold_ore,80,96,0,0.000000000
20260903-vanilla-reference-vanilla-reference-miny-m64-seed-0,vanilla-reference,0,-64,320,false,false,3465,256,family,gold,,96,112,0,0.000000000
20260903-vanilla-reference-vanilla-reference-miny-m64-seed-0,vanilla-reference,0,-64,320,false,false,3465,256,block,gold,minecraft:gold_ore,96,112,0,0.000000000
20260903-vanilla-reference-vanilla-reference-miny-m64-seed-0,vanilla-reference,0,-64,320,false,false,3465,256,block,gold,minecraft:deepslate_gold_ore,96,112,0,0.000000000
20260903-vanilla-reference-vanilla-reference-miny-m64-seed-0,vanilla-reference,0,-64,320,false,false,3465,256,family,gold,,112,128,0,0.000000000
20260903-vanilla-reference-vanilla-reference-miny-m64-seed-0,vanilla-reference,0,-64,320,false,false,3465,256,block,gold,minecraft:gold_ore,112,128,0,0.000000000
20260903-vanilla-reference-vanilla-reference-miny-m64-seed-0,vanilla-reference,0,-64,320,false,false,3465,256,block,gold,minecraft:deepslate_gold_ore,112,128,0,0.000000000
20260903-vanilla-reference-vanilla-reference-miny-m64-seed-0,vanilla-reference,0,-64,320,false,false,3465,256,family,gold,,128,144,0,0.000000000
20260903-vanilla-reference-vanilla-reference-miny-m64-seed-0,vanilla-reference,0,-64,320,false,false,3465,256,block,gold,minecraft:gold_ore,128,144,0,0.000000000
20260903-vanilla-reference-vanilla-reference-miny-m64-seed-0,vanilla-reference,0,-64,320,false,false,3465,256,block,gold,minecraft:deepslate_gold_ore,128,144,0,0.000000000
20260903-vanilla-reference-vanilla-reference-miny-m64-seed-0,vanilla-reference,0,-64,320,false,false,3465,256,family,gold,,144,160,0,0.000000000
20260903-vanilla-reference-vanilla-reference-miny-m64-seed-0,vanilla-reference,0,-64,320,false,false,3465,256,block,gold,minecraft:gold_ore,144,160,0,0.000000000
20260903-vanilla-reference-vanilla-reference-miny-m64-seed-0,vanilla-reference,0,-64,320,false,false,3465,256,block,gold,minecraft:deepslate_gold_ore,144,160,0,0.000000000
20260903-vanilla-reference-vanilla-reference-miny-m64-seed-0,vanilla-reference,0,-64,320,false,false,3465,256,family,gold,,160,176,0,0.000000000
20260903-vanilla-reference-vanilla-reference-miny-m64-seed-0,vanilla-reference,0,-64,320,false,false,3465,256,block,gold,minecraft:gold_ore,160,176,0,0.000000000
20260903-vanilla-reference-vanilla-reference-miny-m64-seed-0,vanilla-reference,0,-64,320,false,false,3465,256,block,gold,minecraft:deepslate_gold_ore,160,176,0,0.000000000
20260903-vanilla-reference-vanilla-reference-miny-m64-seed-0,vanilla-reference,0,-64,320,false,false,3465,256,family,gold,,176,192,0,0.000000000
20260903-vanilla-reference-vanilla-reference-miny-m64-seed-0,vanilla-reference,0,-64,320,false,false,3465,256,block,gold,minecraft:gold_ore,176,192,0,0.000000000
20260903-vanilla-reference-vanilla-reference-miny-m64-seed-0,vanilla-reference,0,-64,320,false,false,3465,256,block,gold,minecraft:deepslate_gold_ore,176,192,0,0.000000000
20260903-vanilla-reference-vanilla-reference-miny-m64-seed-0,vanilla-reference,0,-64,320,false,false,3465,256,family,gold,,192,208,0,0.000000000
20260903-vanilla-reference-vanilla-reference-miny-m64-seed-0,vanilla-reference,0,-64,320,false,false,3465,256,block,gold,minecraft:gold_ore,192,208,0,0.000000000
20260903-vanilla-reference-vanilla-reference-miny-m64-seed-0,vanilla-reference,0,-64,320,false,false,3465,256,block,gold,minecraft:deepslate_gold_ore,192,208,0,0.000000000
20260903-vanilla-reference-vanilla-reference-miny-m64-seed-0,vanilla-reference,0,-64,320,false,false,3465,256,family,gold,,208,224,0,0.000000000
20260903-vanilla-reference-vanilla-reference-miny-m64-seed-0,vanilla-reference,0,-64,320,false,false,3465,256,block,gold,minecraft:gold_ore,208,224,0,0.000000000
20260903-vanilla-reference-vanilla-reference-miny-m64-seed-0,vanilla-reference,0,-64,320,false,false,3465,256,block,gold,minecraft:deepslate_gold_ore,208,224,0,0.000000000
20260903-vanilla-reference-vanilla-reference-miny-m64-seed-0,vanilla-reference,0,-64,320,false,false,3465,256,family,gold,,224,240,0,0.000000000
20260903-vanilla-reference-vanilla-reference-miny-m64-seed-0,vanilla-reference,0,-64,320,false,false,3465,256,block,gold,minecraft:gold_ore,224,240,0,0.000000000
20260903-vanilla-reference-vanilla-reference-miny-m64-seed-0,vanilla-reference,0,-64,320,false,false,3465,256,block,gold,minecraft:deepslate_gold_ore,224,240,0,0.000000000
20260903-vanilla-reference-vanilla-reference-miny-m64-seed-0,vanilla-reference,0,-64,320,false,false,3465,256,family,gold,,240,256,0,0.000000000
20260903-vanilla-reference-vanilla-reference-miny-m64-seed-0,vanilla-reference,0,-64,320,false,false,3465,256,block,gold,minecraft:gold_ore,240,256,0,0.000000000
20260903-vanilla-reference-vanilla-reference-miny-m64-seed-0,vanilla-reference,0,-64,320,false,false,3465,256,block,gold,minecraft:deepslate_gold_ore,240,256,0,0.000000000
20260903-vanilla-reference-vanilla-reference-miny-m64-seed-0,vanilla-reference,0,-64,320,false,false,3465,256,family,gold,,256,272,0,0.000000000
20260903-vanilla-reference-vanilla-reference-miny-m64-seed-0,vanilla-reference,0,-64,320,false,false,3465,256,block,gold,minecraft:gold_ore,256,272,0,0.000000000
20260903-vanilla-reference-vanilla-reference-miny-m64-seed-0,vanilla-reference,0,-64,320,false,false,3465,256,block,gold,minecraft:deepslate_gold_ore,256,272,0,0.000000000
20260903-vanilla-reference-vanilla-reference-miny-m64-seed-0,vanilla-reference,0,-64,320,false,false,3465,256,family,gold,,272,288,0,0.000000000
20260903-vanilla-reference-vanilla-reference-miny-m64-seed-0,vanilla-reference,0,-64,320,false,false,3465,256,block,gold,minecraft:gold_ore,272,288,0,0.000000000
20260903-vanilla-reference-vanilla-reference-miny-m64-seed-0,vanilla-reference,0,-64,320,false,false,3465,256,block,gold,minecraft:deepslate_gold_ore,272,288,0,0.000000000
20260903-vanilla-reference-vanilla-reference-miny-m64-seed-0,vanilla-reference,0,-64,320,false,false,3465,256,family,gold,,288,304,0,0.000000000
20260903-vanilla-reference-vanilla-reference-miny-m64-seed-0,vanilla-reference,0,-64,320,false,false,3465,256,block,gold,minecraft:gold_ore,288,304,0,0.000000000
20260903-vanilla-reference-vanilla-reference-miny-m64-seed-0,vanilla-reference,0,-64,320,false,false,3465,256,block,gold,minecraft:deepslate_gold_ore,288,304,0,0.000000000
20260903-vanilla-reference-vanilla-reference-miny-m64-seed-0,vanilla-reference,0,-64,320,false,false,3465,256,family,gold,,304,320,0,0.000000000
20260903-vanilla-reference-vanilla-reference-miny-m64-seed-0,vanilla-reference,0,-64,320,false,false,3465,256,block,gold,minecraft:gold_ore,304,320,0,0.000000000
20260903-vanilla-reference-vanilla-reference-miny-m64-seed-0,vanilla-reference,0,-64,320,false,false,3465,256,block,gold,minecraft:deepslate_gold_ore,304,320,0,0.000000000
20260903-vanilla-reference-vanilla-reference-miny-m64-seed-0,vanilla-reference,0,-64,320,false,false,3465,256,family,redstone,,-64,-48,4010,15.664062500
20260903-vanilla-reference-vanilla-reference-miny-m64-seed-0,vanilla-reference,0,-64,320,false,false,3465,256,block,redstone,minecraft:redstone_ore,-64,-48,0,0.000000000
20260903-vanilla-reference-vanilla-reference-miny-m64-seed-0,vanilla-reference,0,-64,320,false,false,3465,256,block,redstone,minecraft:deepslate_redstone_ore,-64,-48,4010,15.664062500
20260903-vanilla-reference-vanilla-reference-miny-m64-seed-0,vanilla-reference,0,-64,320,false,false,3465,256,family,redstone,,-48,-32,2014,7.867187500
20260903-vanilla-reference-vanilla-reference-miny-m64-seed-0,vanilla-reference,0,-64,320,false,false,3465,256,block,redstone,minecraft:redstone_ore,-48,-32,0,0.000000000
20260903-vanilla-reference-vanilla-reference-miny-m64-seed-0,vanilla-reference,0,-64,320,false,false,3465,256,block,redstone,minecraft:deepslate_redstone_ore,-48,-32,2014,7.867187500
20260903-vanilla-reference-vanilla-reference-miny-m64-seed-0,vanilla-reference,0,-64,320,false,false,3465,256,family,redstone,,-32,-16,858,3.351562500
20260903-vanilla-reference-vanilla-reference-miny-m64-seed-0,vanilla-reference,0,-64,320,false,false,3465,256,block,redstone,minecraft:redstone_ore,-32,-16,0,0.000000000
20260903-vanilla-reference-vanilla-reference-miny-m64-seed-0,vanilla-reference,0,-64,320,false,false,3465,256,block,redstone,minecraft:deepslate_redstone_ore,-32,-16,858,3.351562500
20260903-vanilla-reference-vanilla-reference-miny-m64-seed-0,vanilla-reference,0,-64,320,false,false,3465,256,family,redstone,,-16,0,959,3.746093750
20260903-vanilla-reference-vanilla-reference-miny-m64-seed-0,vanilla-reference,0,-64,320,false,false,3465,256,block,redstone,minecraft:redstone_ore,-16,0,11,0.042968750
20260903-vanilla-reference-vanilla-reference-miny-m64-seed-0,vanilla-reference,0,-64,320,false,false,3465,256,block,redstone,minecraft:deepslate_redstone_ore,-16,0,948,3.703125000
20260903-vanilla-reference-vanilla-reference-miny-m64-seed-0,vanilla-reference,0,-64,320,false,false,3465,256,family,redstone,,0,16,828,3.234375000
20260903-vanilla-reference-vanilla-reference-miny-m64-seed-0,vanilla-reference,0,-64,320,false,false,3465,256,block,redstone,minecraft:redstone_ore,0,16,643,2.511718750
20260903-vanilla-reference-vanilla-reference-miny-m64-seed-0,vanilla-reference,0,-64,320,false,false,3465,256,block,redstone,minecraft:deepslate_redstone_ore,0,16,185,0.722656250
20260903-vanilla-reference-vanilla-reference-miny-m64-seed-0,vanilla-reference,0,-64,320,false,false,3465,256,family,redstone,,16,32,0,0.000000000
20260903-vanilla-reference-vanilla-reference-miny-m64-seed-0,vanilla-reference,0,-64,320,false,false,3465,256,block,redstone,minecraft:redstone_ore,16,32,0,0.000000000
20260903-vanilla-reference-vanilla-reference-miny-m64-seed-0,vanilla-reference,0,-64,320,false,false,3465,256,block,redstone,minecraft:deepslate_redstone_ore,16,32,0,0.000000000
20260903-vanilla-reference-vanilla-reference-miny-m64-seed-0,vanilla-reference,0,-64,320,false,false,3465,256,family,redstone,,32,48,0,0.000000000
20260903-vanilla-reference-vanilla-reference-miny-m64-seed-0,vanilla-reference,0,-64,320,false,false,3465,256,block,redstone,minecraft:redstone_ore,32,48,0,0.000000000
20260903-vanilla-reference-vanilla-reference-miny-m64-seed-0,vanilla-reference,0,-64,320,false,false,3465,256,block,redstone,minecraft:deepslate_redstone_ore,32,48,0,0.000000000
20260903-vanilla-reference-vanilla-reference-miny-m64-seed-0,vanilla-reference,0,-64,320,false,false,3465,256,family,redstone,,48,64,0,0.000000000
20260903-vanilla-reference-vanilla-reference-miny-m64-seed-0,vanilla-reference,0,-64,320,false,false,3465,256,block,redstone,minecraft:redstone_ore,48,64,0,0.000000000
20260903-vanilla-reference-vanilla-reference-miny-m64-seed-0,vanilla-reference,0,-64,320,false,false,3465,256,block,redstone,minecraft:deepslate_redstone_ore,48,64,0,0.000000000
20260903-vanilla-reference-vanilla-reference-miny-m64-seed-0,vanilla-reference,0,-64,320,false,false,3465,256,family,redstone,,64,80,0,0.000000000
20260903-vanilla-reference-vanilla-reference-miny-m64-seed-0,vanilla-reference,0,-64,320,false,false,3465,256,block,redstone,minecraft:redstone_ore,64,80,0,0.000000000
20260903-vanilla-reference-vanilla-reference-miny-m64-seed-0,vanilla-reference,0,-64,320,false,false,3465,256,block,redstone,minecraft:deepslate_redstone_ore,64,80,0,0.000000000
20260903-vanilla-reference-vanilla-reference-miny-m64-seed-0,vanilla-reference,0,-64,320,false,false,3465,256,family,redstone,,80,96,0,0.000000000
20260903-vanilla-reference-vanilla-reference-miny-m64-seed-0,vanilla-reference,0,-64,320,false,false,3465,256,block,redstone,minecraft:redstone_ore,80,96,0,0.000000000
20260903-vanilla-reference-vanilla-reference-miny-m64-seed-0,vanilla-reference,0,-64,320,false,false,3465,256,block,redstone,minecraft:deepslate_redstone_ore,80,96,0,0.000000000
20260903-vanilla-reference-vanilla-reference-miny-m64-seed-0,vanilla-reference,0,-64,320,false,false,3465,256,family,redstone,,96,112,0,0.000000000
20260903-vanilla-reference-vanilla-reference-miny-m64-seed-0,vanilla-reference,0,-64,320,false,false,3465,256,block,redstone,minecraft:redstone_ore,96,112,0,0.000000000
20260903-vanilla-reference-vanilla-reference-miny-m64-seed-0,vanilla-reference,0,-64,320,false,false,3465,256,block,redstone,minecraft:deepslate_redstone_ore,96,112,0,0.000000000
20260903-vanilla-reference-vanilla-reference-miny-m64-seed-0,vanilla-reference,0,-64,320,false,false,3465,256,family,redstone,,112,128,0,0.000000000
20260903-vanilla-reference-vanilla-reference-miny-m64-seed-0,vanilla-reference,0,-64,320,false,false,3465,256,block,redstone,minecraft:redstone_ore,112,128,0,0.000000000
20260903-vanilla-reference-vanilla-reference-miny-m64-seed-0,vanilla-reference,0,-64,320,false,false,3465,256,block,redstone,minecraft:deepslate_redstone_ore,112,128,0,0.000000000
20260903-vanilla-reference-vanilla-reference-miny-m64-seed-0,vanilla-reference,0,-64,320,false,false,3465,256,family,redstone,,128,144,0,0.000000000
20260903-vanilla-reference-vanilla-reference-miny-m64-seed-0,vanilla-reference,0,-64,320,false,false,3465,256,block,redstone,minecraft:redstone_ore,128,144,0,0.000000000
20260903-vanilla-reference-vanilla-reference-miny-m64-seed-0,vanilla-reference,0,-64,320,false,false,3465,256,block,redstone,minecraft:deepslate_redstone_ore,128,144,0,0.000000000
20260903-vanilla-reference-vanilla-reference-miny-m64-seed-0,vanilla-reference,0,-64,320,false,false,3465,256,family,redstone,,144,160,0,0.000000000
20260903-vanilla-reference-vanilla-reference-miny-m64-seed-0,vanilla-reference,0,-64,320,false,false,3465,256,block,redstone,minecraft:redstone_ore,144,160,0,0.000000000
20260903-vanilla-reference-vanilla-reference-miny-m64-seed-0,vanilla-reference,0,-64,320,false,false,3465,256,block,redstone,minecraft:deepslate_redstone_ore,144,160,0,0.000000000
20260903-vanilla-reference-vanilla-reference-miny-m64-seed-0,vanilla-reference,0,-64,320,false,false,3465,256,family,redstone,,160,176,0,0.000000000
20260903-vanilla-reference-vanilla-reference-miny-m64-seed-0,vanilla-reference,0,-64,320,false,false,3465,256,block,redstone,minecraft:redstone_ore,160,176,0,0.000000000
20260903-vanilla-reference-vanilla-reference-miny-m64-seed-0,vanilla-reference,0,-64,320,false,false,3465,256,block,redstone,minecraft:deepslate_redstone_ore,160,176,0,0.000000000
20260903-vanilla-reference-vanilla-reference-miny-m64-seed-0,vanilla-reference,0,-64,320,false,false,3465,256,family,redstone,,176,192,0,0.000000000
20260903-vanilla-reference-vanilla-reference-miny-m64-seed-0,vanilla-reference,0,-64,320,false,false,3465,256,block,redstone,minecraft:redstone_ore,176,192,0,0.000000000
20260903-vanilla-reference-vanilla-reference-miny-m64-seed-0,vanilla-reference,0,-64,320,false,false,3465,256,block,redstone,minecraft:deepslate_redstone_ore,176,192,0,0.000000000
20260903-vanilla-reference-vanilla-reference-miny-m64-seed-0,vanilla-reference,0,-64,320,false,false,3465,256,family,redstone,,192,208,0,0.000000000
20260903-vanilla-reference-vanilla-reference-miny-m64-seed-0,vanilla-reference,0,-64,320,false,false,3465,256,block,redstone,minecraft:redstone_ore,192,208,0,0.000000000
20260903-vanilla-reference-vanilla-reference-miny-m64-seed-0,vanilla-reference,0,-64,320,false,false,3465,256,block,redstone,minecraft:deepslate_redstone_ore,192,208,0,0.000000000
20260903-vanilla-reference-vanilla-reference-miny-m64-seed-0,vanilla-reference,0,-64,320,false,false,3465,256,family,redstone,,208,224,0,0.000000000
20260903-vanilla-reference-vanilla-reference-miny-m64-seed-0,vanilla-reference,0,-64,320,false,false,3465,256,block,redstone,minecraft:redstone_ore,208,224,0,0.000000000
20260903-vanilla-reference-vanilla-reference-miny-m64-seed-0,vanilla-reference,0,-64,320,false,false,3465,256,block,redstone,minecraft:deepslate_redstone_ore,208,224,0,0.000000000
20260903-vanilla-reference-vanilla-reference-miny-m64-seed-0,vanilla-reference,0,-64,320,false,false,3465,256,family,redstone,,224,240,0,0.000000000
20260903-vanilla-reference-vanilla-reference-miny-m64-seed-0,vanilla-reference,0,-64,320,false,false,3465,256,block,redstone,minecraft:redstone_ore,224,240,0,0.000000000
20260903-vanilla-reference-vanilla-reference-miny-m64-seed-0,vanilla-reference,0,-64,320,false,false,3465,256,block,redstone,minecraft:deepslate_redstone_ore,224,240,0,0.000000000
20260903-vanilla-reference-vanilla-reference-miny-m64-seed-0,vanilla-reference,0,-64,320,false,false,3465,256,family,redstone,,240,256,0,0.000000000
20260903-vanilla-reference-vanilla-reference-miny-m64-seed-0,vanilla-reference,0,-64,320,false,false,3465,256,block,redstone,minecraft:redstone_ore,240,256,0,0.000000000
20260903-vanilla-reference-vanilla-reference-miny-m64-seed-0,vanilla-reference,0,-64,320,false,false,3465,256,block,redstone,minecraft:deepslate_redstone_ore,240,256,0,0.000000000
20260903-vanilla-reference-vanilla-reference-miny-m64-seed-0,vanilla-reference,0,-64,320,false,false,3465,256,family,redstone,,256,272,0,0.000000000
20260903-vanilla-reference-vanilla-reference-miny-m64-seed-0,vanilla-reference,0,-64,320,false,false,3465,256,block,redstone,minecraft:redstone_ore,256,272,0,0.000000000
20260903-vanilla-reference-vanilla-reference-miny-m64-seed-0,vanilla-reference,0,-64,320,false,false,3465,256,block,redstone,minecraft:deepslate_redstone_ore,256,272,0,0.000000000
20260903-vanilla-reference-vanilla-reference-miny-m64-seed-0,vanilla-reference,0,-64,320,false,false,3465,256,family,redstone,,272,288,0,0.000000000
20260903-vanilla-reference-vanilla-reference-miny-m64-seed-0,vanilla-reference,0,-64,320,false,false,3465,256,block,redstone,minecraft:redstone_ore,272,288,0,0.000000000
20260903-vanilla-reference-vanilla-reference-miny-m64-seed-0,vanilla-reference,0,-64,320,false,false,3465,256,block,redstone,minecraft:deepslate_redstone_ore,272,288,0,0.000000000
20260903-vanilla-reference-vanilla-reference-miny-m64-seed-0,vanilla-reference,0,-64,320,false,false,3465,256,family,redstone,,288,304,0,0.000000000
20260903-vanilla-reference-vanilla-reference-miny-m64-seed-0,vanilla-reference,0,-64,320,false,false,3465,256,block,redstone,minecraft:redstone_ore,288,304,0,0.000000000
20260903-vanilla-reference-vanilla-reference-miny-m64-seed-0,vanilla-reference,0,-64,320,false,false,3465,256,block,redstone,minecraft:deepslate_redstone_ore,288,304,0,0.000000000
20260903-vanilla-reference-vanilla-reference-miny-m64-seed-0,vanilla-reference,0,-64,320,false,false,3465,256,family,redstone,,304,320,0,0.000000000
20260903-vanilla-reference-vanilla-reference-miny-m64-seed-0,vanilla-reference,0,-64,320,false,false,3465,256,block,redstone,minecraft:redstone_ore,304,320,0,0.000000000
20260903-vanilla-reference-vanilla-reference-miny-m64-seed-0,vanilla-reference,0,-64,320,false,false,3465,256,block,redstone,minecraft:deepslate_redstone_ore,304,320,0,0.000000000
20260903-vanilla-reference-vanilla-reference-miny-m64-seed-0,vanilla-reference,0,-64,320,false,false,3465,256,family,lapis,,-64,-48,460,1.796875000
20260903-vanilla-reference-vanilla-reference-miny-m64-seed-0,vanilla-reference,0,-64,320,false,false,3465,256,block,lapis,minecraft:lapis_ore,-64,-48,0,0.000000000
20260903-vanilla-reference-vanilla-reference-miny-m64-seed-0,vanilla-reference,0,-64,320,false,false,3465,256,block,lapis,minecraft:deepslate_lapis_ore,-64,-48,460,1.796875000
20260903-vanilla-reference-vanilla-reference-miny-m64-seed-0,vanilla-reference,0,-64,320,false,false,3465,256,family,lapis,,-48,-32,474,1.851562500
20260903-vanilla-reference-vanilla-reference-miny-m64-seed-0,vanilla-reference,0,-64,320,false,false,3465,256,block,lapis,minecraft:lapis_ore,-48,-32,0,0.000000000
20260903-vanilla-reference-vanilla-reference-miny-m64-seed-0,vanilla-reference,0,-64,320,false,false,3465,256,block,lapis,minecraft:deepslate_lapis_ore,-48,-32,474,1.851562500
20260903-vanilla-reference-vanilla-reference-miny-m64-seed-0,vanilla-reference,0,-64,320,false,false,3465,256,family,lapis,,-32,-16,829,3.238281250
20260903-vanilla-reference-vanilla-reference-miny-m64-seed-0,vanilla-reference,0,-64,320,false,false,3465,256,block,lapis,minecraft:lapis_ore,-32,-16,0,0.000000000
20260903-vanilla-reference-vanilla-reference-miny-m64-seed-0,vanilla-reference,0,-64,320,false,false,3465,256,block,lapis,minecraft:deepslate_lapis_ore,-32,-16,829,3.238281250
20260903-vanilla-reference-vanilla-reference-miny-m64-seed-0,vanilla-reference,0,-64,320,false,false,3465,256,family,lapis,,-16,0,1136,4.437500000
20260903-vanilla-reference-vanilla-reference-miny-m64-seed-0,vanilla-reference,0,-64,320,false,false,3465,256,block,lapis,minecraft:lapis_ore,-16,0,22,0.085937500
20260903-vanilla-reference-vanilla-reference-miny-m64-seed-0,vanilla-reference,0,-64,320,false,false,3465,256,block,lapis,minecraft:deepslate_lapis_ore,-16,0,1114,4.351562500
20260903-vanilla-reference-vanilla-reference-miny-m64-seed-0,vanilla-reference,0,-64,320,false,false,3465,256,family,lapis,,0,16,1101,4.300781250
20260903-vanilla-reference-vanilla-reference-miny-m64-seed-0,vanilla-reference,0,-64,320,false,false,3465,256,block,lapis,minecraft:lapis_ore,0,16,889,3.472656250
20260903-vanilla-reference-vanilla-reference-miny-m64-seed-0,vanilla-reference,0,-64,320,false,false,3465,256,block,lapis,minecraft:deepslate_lapis_ore,0,16,212,0.828125000
20260903-vanilla-reference-vanilla-reference-miny-m64-seed-0,vanilla-reference,0,-64,320,false,false,3465,256,family,lapis,,16,32,810,3.164062500
20260903-vanilla-reference-vanilla-reference-miny-m64-seed-0,vanilla-reference,0,-64,320,false,false,3465,256,block,lapis,minecraft:lapis_ore,16,32,810,3.164062500
20260903-vanilla-reference-vanilla-reference-miny-m64-seed-0,vanilla-reference,0,-64,320,false,false,3465,256,block,lapis,minecraft:deepslate_lapis_ore,16,32,0,0.000000000
20260903-vanilla-reference-vanilla-reference-miny-m64-seed-0,vanilla-reference,0,-64,320,false,false,3465,256,family,lapis,,32,48,529,2.066406250
20260903-vanilla-reference-vanilla-reference-miny-m64-seed-0,vanilla-reference,0,-64,320,false,false,3465,256,block,lapis,minecraft:lapis_ore,32,48,529,2.066406250
20260903-vanilla-reference-vanilla-reference-miny-m64-seed-0,vanilla-reference,0,-64,320,false,false,3465,256,block,lapis,minecraft:deepslate_lapis_ore,32,48,0,0.000000000
20260903-vanilla-reference-vanilla-reference-miny-m64-seed-0,vanilla-reference,0,-64,320,false,false,3465,256,family,lapis,,48,64,486,1.898437500
20260903-vanilla-reference-vanilla-reference-miny-m64-seed-0,vanilla-reference,0,-64,320,false,false,3465,256,block,lapis,minecraft:lapis_ore,48,64,486,1.898437500
20260903-vanilla-reference-vanilla-reference-miny-m64-seed-0,vanilla-reference,0,-64,320,false,false,3465,256,block,lapis,minecraft:deepslate_lapis_ore,48,64,0,0.000000000
20260903-vanilla-reference-vanilla-reference-miny-m64-seed-0,vanilla-reference,0,-64,320,false,false,3465,256,family,lapis,,64,80,0,0.000000000
20260903-vanilla-reference-vanilla-reference-miny-m64-seed-0,vanilla-reference,0,-64,320,false,false,3465,256,block,lapis,minecraft:lapis_ore,64,80,0,0.000000000
20260903-vanilla-reference-vanilla-reference-miny-m64-seed-0,vanilla-reference,0,-64,320,false,false,3465,256,block,lapis,minecraft:deepslate_lapis_ore,64,80,0,0.000000000
20260903-vanilla-reference-vanilla-reference-miny-m64-seed-0,vanilla-reference,0,-64,320,false,false,3465,256,family,lapis,,80,96,0,0.000000000
20260903-vanilla-reference-vanilla-reference-miny-m64-seed-0,vanilla-reference,0,-64,320,false,false,3465,256,block,lapis,minecraft:lapis_ore,80,96,0,0.000000000
20260903-vanilla-reference-vanilla-reference-miny-m64-seed-0,vanilla-reference,0,-64,320,false,false,3465,256,block,lapis,minecraft:deepslate_lapis_ore,80,96,0,0.000000000
20260903-vanilla-reference-vanilla-reference-miny-m64-seed-0,vanilla-reference,0,-64,320,false,false,3465,256,family,lapis,,96,112,0,0.000000000
20260903-vanilla-reference-vanilla-reference-miny-m64-seed-0,vanilla-reference,0,-64,320,false,false,3465,256,block,lapis,minecraft:lapis_ore,96,112,0,0.000000000
20260903-vanilla-reference-vanilla-reference-miny-m64-seed-0,vanilla-reference,0,-64,320,false,false,3465,256,block,lapis,minecraft:deepslate_lapis_ore,96,112,0,0.000000000
20260903-vanilla-reference-vanilla-reference-miny-m64-seed-0,vanilla-reference,0,-64,320,false,false,3465,256,family,lapis,,112,128,0,0.000000000
20260903-vanilla-reference-vanilla-reference-miny-m64-seed-0,vanilla-reference,0,-64,320,false,false,3465,256,block,lapis,minecraft:lapis_ore,112,128,0,0.000000000
20260903-vanilla-reference-vanilla-reference-miny-m64-seed-0,vanilla-reference,0,-64,320,false,false,3465,256,block,lapis,minecraft:deepslate_lapis_ore,112,128,0,0.000000000
20260903-vanilla-reference-vanilla-reference-miny-m64-seed-0,vanilla-reference,0,-64,320,false,false,3465,256,family,lapis,,128,144,0,0.000000000
20260903-vanilla-reference-vanilla-reference-miny-m64-seed-0,vanilla-reference,0,-64,320,false,false,3465,256,block,lapis,minecraft:lapis_ore,128,144,0,0.000000000
20260903-vanilla-reference-vanilla-reference-miny-m64-seed-0,vanilla-reference,0,-64,320,false,false,3465,256,block,lapis,minecraft:deepslate_lapis_ore,128,144,0,0.000000000
20260903-vanilla-reference-vanilla-reference-miny-m64-seed-0,vanilla-reference,0,-64,320,false,false,3465,256,family,lapis,,144,160,0,0.000000000
20260903-vanilla-reference-vanilla-reference-miny-m64-seed-0,vanilla-reference,0,-64,320,false,false,3465,256,block,lapis,minecraft:lapis_ore,144,160,0,0.000000000
20260903-vanilla-reference-vanilla-reference-miny-m64-seed-0,vanilla-reference,0,-64,320,false,false,3465,256,block,lapis,minecraft:deepslate_lapis_ore,144,160,0,0.000000000
20260903-vanilla-reference-vanilla-reference-miny-m64-seed-0,vanilla-reference,0,-64,320,false,false,3465,256,family,lapis,,160,176,0,0.000000000
20260903-vanilla-reference-vanilla-reference-miny-m64-seed-0,vanilla-reference,0,-64,320,false,false,3465,256,block,lapis,minecraft:lapis_ore,160,176,0,0.000000000
20260903-vanilla-reference-vanilla-reference-miny-m64-seed-0,vanilla-reference,0,-64,320,false,false,3465,256,block,lapis,minecraft:deepslate_lapis_ore,160,176,0,0.000000000
20260903-vanilla-reference-vanilla-reference-miny-m64-seed-0,vanilla-reference,0,-64,320,false,false,3465,256,family,lapis,,176,192,0,0.000000000
20260903-vanilla-reference-vanilla-reference-miny-m64-seed-0,vanilla-reference,0,-64,320,false,false,3465,256,block,lapis,minecraft:lapis_ore,176,192,0,0.000000000
20260903-vanilla-reference-vanilla-reference-miny-m64-seed-0,vanilla-reference,0,-64,320,false,false,3465,256,block,lapis,minecraft:deepslate_lapis_ore,176,192,0,0.000000000
20260903-vanilla-reference-vanilla-reference-miny-m64-seed-0,vanilla-reference,0,-64,320,false,false,3465,256,family,lapis,,192,208,0,0.000000000
20260903-vanilla-reference-vanilla-reference-miny-m64-seed-0,vanilla-reference,0,-64,320,false,false,3465,256,block,lapis,minecraft:lapis_ore,192,208,0,0.000000000
20260903-vanilla-reference-vanilla-reference-miny-m64-seed-0,vanilla-reference,0,-64,320,false,false,3465,256,block,lapis,minecraft:deepslate_lapis_ore,192,208,0,0.000000000
20260903-vanilla-reference-vanilla-reference-miny-m64-seed-0,vanilla-reference,0,-64,320,false,false,3465,256,family,lapis,,208,224,0,0.000000000
20260903-vanilla-reference-vanilla-reference-miny-m64-seed-0,vanilla-reference,0,-64,320,false,false,3465,256,block,lapis,minecraft:lapis_ore,208,224,0,0.000000000
20260903-vanilla-reference-vanilla-reference-miny-m64-seed-0,vanilla-reference,0,-64,320,false,false,3465,256,block,lapis,minecraft:deepslate_lapis_ore,208,224,0,0.000000000
20260903-vanilla-reference-vanilla-reference-miny-m64-seed-0,vanilla-reference,0,-64,320,false,false,3465,256,family,lapis,,224,240,0,0.000000000
20260903-vanilla-reference-vanilla-reference-miny-m64-seed-0,vanilla-reference,0,-64,320,false,false,3465,256,block,lapis,minecraft:lapis_ore,224,240,0,0.000000000
20260903-vanilla-reference-vanilla-reference-miny-m64-seed-0,vanilla-reference,0,-64,320,false,false,3465,256,block,lapis,minecraft:deepslate_lapis_ore,224,240,0,0.000000000
20260903-vanilla-reference-vanilla-reference-miny-m64-seed-0,vanilla-reference,0,-64,320,false,false,3465,256,family,lapis,,240,256,0,0.000000000
20260903-vanilla-reference-vanilla-reference-miny-m64-seed-0,vanilla-reference,0,-64,320,false,false,3465,256,block,lapis,minecraft:lapis_ore,240,256,0,0.000000000
20260903-vanilla-reference-vanilla-reference-miny-m64-seed-0,vanilla-reference,0,-64,320,false,false,3465,256,block,lapis,minecraft:deepslate_lapis_ore,240,256,0,0.000000000
20260903-vanilla-reference-vanilla-reference-miny-m64-seed-0,vanilla-reference,0,-64,320,false,false,3465,256,family,lapis,,256,272,0,0.000000000
20260903-vanilla-reference-vanilla-reference-miny-m64-seed-0,vanilla-reference,0,-64,320,false,false,3465,256,block,lapis,minecraft:lapis_ore,256,272,0,0.000000000
20260903-vanilla-reference-vanilla-reference-miny-m64-seed-0,vanilla-reference,0,-64,320,false,false,3465,256,block,lapis,minecraft:deepslate_lapis_ore,256,272,0,0.000000000
20260903-vanilla-reference-vanilla-reference-miny-m64-seed-0,vanilla-reference,0,-64,320,false,false,3465,256,family,lapis,,272,288,0,0.000000000
20260903-vanilla-reference-vanilla-reference-miny-m64-seed-0,vanilla-reference,0,-64,320,false,false,3465,256,block,lapis,minecraft:lapis_ore,272,288,0,0.000000000
20260903-vanilla-reference-vanilla-reference-miny-m64-seed-0,vanilla-reference,0,-64,320,false,false,3465,256,block,lapis,minecraft:deepslate_lapis_ore,272,288,0,0.000000000
20260903-vanilla-reference-vanilla-reference-miny-m64-seed-0,vanilla-reference,0,-64,320,false,false,3465,256,family,lapis,,288,304,0,0.000000000
20260903-vanilla-reference-vanilla-reference-miny-m64-seed-0,vanilla-reference,0,-64,320,false,false,3465,256,block,lapis,minecraft:lapis_ore,288,304,0,0.000000000
20260903-vanilla-reference-vanilla-reference-miny-m64-seed-0,vanilla-reference,0,-64,320,false,false,3465,256,block,lapis,minecraft:deepslate_lapis_ore,288,304,0,0.000000000
20260903-vanilla-reference-vanilla-reference-miny-m64-seed-0,vanilla-reference,0,-64,320,false,false,3465,256,family,lapis,,304,320,0,0.000000000
20260903-vanilla-reference-vanilla-reference-miny-m64-seed-0,vanilla-reference,0,-64,320,false,false,3465,256,block,lapis,minecraft:lapis_ore,304,320,0,0.000000000
20260903-vanilla-reference-vanilla-reference-miny-m64-seed-0,vanilla-reference,0,-64,320,false,false,3465,256,block,lapis,minecraft:deepslate_lapis_ore,304,320,0,0.000000000
20260903-vanilla-reference-vanilla-reference-miny-m64-seed-0,vanilla-reference,0,-64,320,false,false,3465,256,family,diamond,,-64,-48,1330,5.195312500
20260903-vanilla-reference-vanilla-reference-miny-m64-seed-0,vanilla-reference,0,-64,320,false,false,3465,256,block,diamond,minecraft:diamond_ore,-64,-48,0,0.000000000
20260903-vanilla-reference-vanilla-reference-miny-m64-seed-0,vanilla-reference,0,-64,320,false,false,3465,256,block,diamond,minecraft:deepslate_diamond_ore,-64,-48,1330,5.195312500
20260903-vanilla-reference-vanilla-reference-miny-m64-seed-0,vanilla-reference,0,-64,320,false,false,3465,256,family,diamond,,-48,-32,1090,4.257812500
20260903-vanilla-reference-vanilla-reference-miny-m64-seed-0,vanilla-reference,0,-64,320,false,false,3465,256,block,diamond,minecraft:diamond_ore,-48,-32,0,0.000000000
20260903-vanilla-reference-vanilla-reference-miny-m64-seed-0,vanilla-reference,0,-64,320,false,false,3465,256,block,diamond,minecraft:deepslate_diamond_ore,-48,-32,1090,4.257812500
20260903-vanilla-reference-vanilla-reference-miny-m64-seed-0,vanilla-reference,0,-64,320,false,false,3465,256,family,diamond,,-32,-16,743,2.902343750
20260903-vanilla-reference-vanilla-reference-miny-m64-seed-0,vanilla-reference,0,-64,320,false,false,3465,256,block,diamond,minecraft:diamond_ore,-32,-16,0,0.000000000
20260903-vanilla-reference-vanilla-reference-miny-m64-seed-0,vanilla-reference,0,-64,320,false,false,3465,256,block,diamond,minecraft:deepslate_diamond_ore,-32,-16,743,2.902343750
20260903-vanilla-reference-vanilla-reference-miny-m64-seed-0,vanilla-reference,0,-64,320,false,false,3465,256,family,diamond,,-16,0,388,1.515625000
20260903-vanilla-reference-vanilla-reference-miny-m64-seed-0,vanilla-reference,0,-64,320,false,false,3465,256,block,diamond,minecraft:diamond_ore,-16,0,3,0.011718750
20260903-vanilla-reference-vanilla-reference-miny-m64-seed-0,vanilla-reference,0,-64,320,false,false,3465,256,block,diamond,minecraft:deepslate_diamond_ore,-16,0,385,1.503906250
20260903-vanilla-reference-vanilla-reference-miny-m64-seed-0,vanilla-reference,0,-64,320,false,false,3465,256,family,diamond,,0,16,91,0.355468750
20260903-vanilla-reference-vanilla-reference-miny-m64-seed-0,vanilla-reference,0,-64,320,false,false,3465,256,block,diamond,minecraft:diamond_ore,0,16,51,0.199218750
20260903-vanilla-reference-vanilla-reference-miny-m64-seed-0,vanilla-reference,0,-64,320,false,false,3465,256,block,diamond,minecraft:deepslate_diamond_ore,0,16,40,0.156250000
20260903-vanilla-reference-vanilla-reference-miny-m64-seed-0,vanilla-reference,0,-64,320,false,false,3465,256,family,diamond,,16,32,0,0.000000000
20260903-vanilla-reference-vanilla-reference-miny-m64-seed-0,vanilla-reference,0,-64,320,false,false,3465,256,block,diamond,minecraft:diamond_ore,16,32,0,0.000000000
20260903-vanilla-reference-vanilla-reference-miny-m64-seed-0,vanilla-reference,0,-64,320,false,false,3465,256,block,diamond,minecraft:deepslate_diamond_ore,16,32,0,0.000000000
20260903-vanilla-reference-vanilla-reference-miny-m64-seed-0,vanilla-reference,0,-64,320,false,false,3465,256,family,diamond,,32,48,0,0.000000000
20260903-vanilla-reference-vanilla-reference-miny-m64-seed-0,vanilla-reference,0,-64,320,false,false,3465,256,block,diamond,minecraft:diamond_ore,32,48,0,0.000000000
20260903-vanilla-reference-vanilla-reference-miny-m64-seed-0,vanilla-reference,0,-64,320,false,false,3465,256,block,diamond,minecraft:deepslate_diamond_ore,32,48,0,0.000000000
20260903-vanilla-reference-vanilla-reference-miny-m64-seed-0,vanilla-reference,0,-64,320,false,false,3465,256,family,diamond,,48,64,0,0.000000000
20260903-vanilla-reference-vanilla-reference-miny-m64-seed-0,vanilla-reference,0,-64,320,false,false,3465,256,block,diamond,minecraft:diamond_ore,48,64,0,0.000000000
20260903-vanilla-reference-vanilla-reference-miny-m64-seed-0,vanilla-reference,0,-64,320,false,false,3465,256,block,diamond,minecraft:deepslate_diamond_ore,48,64,0,0.000000000
20260903-vanilla-reference-vanilla-reference-miny-m64-seed-0,vanilla-reference,0,-64,320,false,false,3465,256,family,diamond,,64,80,0,0.000000000
20260903-vanilla-reference-vanilla-reference-miny-m64-seed-0,vanilla-reference,0,-64,320,false,false,3465,256,block,diamond,minecraft:diamond_ore,64,80,0,0.000000000
20260903-vanilla-reference-vanilla-reference-miny-m64-seed-0,vanilla-reference,0,-64,320,false,false,3465,256,block,diamond,minecraft:deepslate_diamond_ore,64,80,0,0.000000000
20260903-vanilla-reference-vanilla-reference-miny-m64-seed-0,vanilla-reference,0,-64,320,false,false,3465,256,family,diamond,,80,96,0,0.000000000
20260903-vanilla-reference-vanilla-reference-miny-m64-seed-0,vanilla-reference,0,-64,320,false,false,3465,256,block,diamond,minecraft:diamond_ore,80,96,0,0.000000000
20260903-vanilla-reference-vanilla-reference-miny-m64-seed-0,vanilla-reference,0,-64,320,false,false,3465,256,block,diamond,minecraft:deepslate_diamond_ore,80,96,0,0.000000000
20260903-vanilla-reference-vanilla-reference-miny-m64-seed-0,vanilla-reference,0,-64,320,false,false,3465,256,family,diamond,,96,112,0,0.000000000
20260903-vanilla-reference-vanilla-reference-miny-m64-seed-0,vanilla-reference,0,-64,320,false,false,3465,256,block,diamond,minecraft:diamond_ore,96,112,0,0.000000000
20260903-vanilla-reference-vanilla-reference-miny-m64-seed-0,vanilla-reference,0,-64,320,false,false,3465,256,block,diamond,minecraft:deepslate_diamond_ore,96,112,0,0.000000000
20260903-vanilla-reference-vanilla-reference-miny-m64-seed-0,vanilla-reference,0,-64,320,false,false,3465,256,family,diamond,,112,128,0,0.000000000
20260903-vanilla-reference-vanilla-reference-miny-m64-seed-0,vanilla-reference,0,-64,320,false,false,3465,256,block,diamond,minecraft:diamond_ore,112,128,0,0.000000000
20260903-vanilla-reference-vanilla-reference-miny-m64-seed-0,vanilla-reference,0,-64,320,false,false,3465,256,block,diamond,minecraft:deepslate_diamond_ore,112,128,0,0.000000000
20260903-vanilla-reference-vanilla-reference-miny-m64-seed-0,vanilla-reference,0,-64,320,false,false,3465,256,family,diamond,,128,144,0,0.000000000
20260903-vanilla-reference-vanilla-reference-miny-m64-seed-0,vanilla-reference,0,-64,320,false,false,3465,256,block,diamond,minecraft:diamond_ore,128,144,0,0.000000000
20260903-vanilla-reference-vanilla-reference-miny-m64-seed-0,vanilla-reference,0,-64,320,false,false,3465,256,block,diamond,minecraft:deepslate_diamond_ore,128,144,0,0.000000000
20260903-vanilla-reference-vanilla-reference-miny-m64-seed-0,vanilla-reference,0,-64,320,false,false,3465,256,family,diamond,,144,160,0,0.000000000
20260903-vanilla-reference-vanilla-reference-miny-m64-seed-0,vanilla-reference,0,-64,320,false,false,3465,256,block,diamond,minecraft:diamond_ore,144,160,0,0.000000000
20260903-vanilla-reference-vanilla-reference-miny-m64-seed-0,vanilla-reference,0,-64,320,false,false,3465,256,block,diamond,minecraft:deepslate_diamond_ore,144,160,0,0.000000000
20260903-vanilla-reference-vanilla-reference-miny-m64-seed-0,vanilla-reference,0,-64,320,false,false,3465,256,family,diamond,,160,176,0,0.000000000
20260903-vanilla-reference-vanilla-reference-miny-m64-seed-0,vanilla-reference,0,-64,320,false,false,3465,256,block,diamond,minecraft:diamond_ore,160,176,0,0.000000000
20260903-vanilla-reference-vanilla-reference-miny-m64-seed-0,vanilla-reference,0,-64,320,false,false,3465,256,block,diamond,minecraft:deepslate_diamond_ore,160,176,0,0.000000000
20260903-vanilla-reference-vanilla-reference-miny-m64-seed-0,vanilla-reference,0,-64,320,false,false,3465,256,family,diamond,,176,192,0,0.000000000
20260903-vanilla-reference-vanilla-reference-miny-m64-seed-0,vanilla-reference,0,-64,320,false,false,3465,256,block,diamond,minecraft:diamond_ore,176,192,0,0.000000000
20260903-vanilla-reference-vanilla-reference-miny-m64-seed-0,vanilla-reference,0,-64,320,false,false,3465,256,block,diamond,minecraft:deepslate_diamond_ore,176,192,0,0.000000000
20260903-vanilla-reference-vanilla-reference-miny-m64-seed-0,vanilla-reference,0,-64,320,false,false,3465,256,family,diamond,,192,208,0,0.000000000
20260903-vanilla-reference-vanilla-reference-miny-m64-seed-0,vanilla-reference,0,-64,320,false,false,3465,256,block,diamond,minecraft:diamond_ore,192,208,0,0.000000000
20260903-vanilla-reference-vanilla-reference-miny-m64-seed-0,vanilla-reference,0,-64,320,false,false,3465,256,block,diamond,minecraft:deepslate_diamond_ore,192,208,0,0.000000000
20260903-vanilla-reference-vanilla-reference-miny-m64-seed-0,vanilla-reference,0,-64,320,false,false,3465,256,family,diamond,,208,224,0,0.000000000
20260903-vanilla-reference-vanilla-reference-miny-m64-seed-0,vanilla-reference,0,-64,320,false,false,3465,256,block,diamond,minecraft:diamond_ore,208,224,0,0.000000000
20260903-vanilla-reference-vanilla-reference-miny-m64-seed-0,vanilla-reference,0,-64,320,false,false,3465,256,block,diamond,minecraft:deepslate_diamond_ore,208,224,0,0.000000000
20260903-vanilla-reference-vanilla-reference-miny-m64-seed-0,vanilla-reference,0,-64,320,false,false,3465,256,family,diamond,,224,240,0,0.000000000
20260903-vanilla-reference-vanilla-reference-miny-m64-seed-0,vanilla-reference,0,-64,320,false,false,3465,256,block,diamond,minecraft:diamond_ore,224,240,0,0.000000000
20260903-vanilla-reference-vanilla-reference-miny-m64-seed-0,vanilla-reference,0,-64,320,false,false,3465,256,block,diamond,minecraft:deepslate_diamond_ore,224,240,0,0.000000000
20260903-vanilla-reference-vanilla-reference-miny-m64-seed-0,vanilla-reference,0,-64,320,false,false,3465,256,family,diamond,,240,256,0,0.000000000
20260903-vanilla-reference-vanilla-reference-miny-m64-seed-0,vanilla-reference,0,-64,320,false,false,3465,256,block,diamond,minecraft:diamond_ore,240,256,0,0.000000000
20260903-vanilla-reference-vanilla-reference-miny-m64-seed-0,vanilla-reference,0,-64,320,false,false,3465,256,block,diamond,minecraft:deepslate_diamond_ore,240,256,0,0.000000000
20260903-vanilla-reference-vanilla-reference-miny-m64-seed-0,vanilla-reference,0,-64,320,false,false,3465,256,family,diamond,,256,272,0,0.000000000
20260903-vanilla-reference-vanilla-reference-miny-m64-seed-0,vanilla-reference,0,-64,320,false,false,3465,256,block,diamond,minecraft:diamond_ore,256,272,0,0.000000000
20260903-vanilla-reference-vanilla-reference-miny-m64-seed-0,vanilla-reference,0,-64,320,false,false,3465,256,block,diamond,minecraft:deepslate_diamond_ore,256,272,0,0.000000000
20260903-vanilla-reference-vanilla-reference-miny-m64-seed-0,vanilla-reference,0,-64,320,false,false,3465,256,family,diamond,,272,288,0,0.000000000
20260903-vanilla-reference-vanilla-reference-miny-m64-seed-0,vanilla-reference,0,-64,320,false,false,3465,256,block,diamond,minecraft:diamond_ore,272,288,0,0.000000000
20260903-vanilla-reference-vanilla-reference-miny-m64-seed-0,vanilla-reference,0,-64,320,false,false,3465,256,block,diamond,minecraft:deepslate_diamond_ore,272,288,0,0.000000000
20260903-vanilla-reference-vanilla-reference-miny-m64-seed-0,vanilla-reference,0,-64,320,false,false,3465,256,family,diamond,,288,304,0,0.000000000
20260903-vanilla-reference-vanilla-reference-miny-m64-seed-0,vanilla-reference,0,-64,320,false,false,3465,256,block,diamond,minecraft:diamond_ore,288,304,0,0.000000000
20260903-vanilla-reference-vanilla-reference-miny-m64-seed-0,vanilla-reference,0,-64,320,false,false,3465,256,block,diamond,minecraft:deepslate_diamond_ore,288,304,0,0.000000000
20260903-vanilla-reference-vanilla-reference-miny-m64-seed-0,vanilla-reference,0,-64,320,false,false,3465,256,family,diamond,,304,320,0,0.000000000
20260903-vanilla-reference-vanilla-reference-miny-m64-seed-0,vanilla-reference,0,-64,320,false,false,3465,256,block,diamond,minecraft:diamond_ore,304,320,0,0.000000000
20260903-vanilla-reference-vanilla-reference-miny-m64-seed-0,vanilla-reference,0,-64,320,false,false,3465,256,block,diamond,minecraft:deepslate_diamond_ore,304,320,0,0.000000000
20260903-vanilla-reference-vanilla-reference-miny-m64-seed-0,vanilla-reference,0,-64,320,false,false,3465,256,family,emerald,,-64,-48,0,0.000000000
20260903-vanilla-reference-vanilla-reference-miny-m64-seed-0,vanilla-reference,0,-64,320,false,false,3465,256,block,emerald,minecraft:emerald_ore,-64,-48,0,0.000000000
20260903-vanilla-reference-vanilla-reference-miny-m64-seed-0,vanilla-reference,0,-64,320,false,false,3465,256,block,emerald,minecraft:deepslate_emerald_ore,-64,-48,0,0.000000000
20260903-vanilla-reference-vanilla-reference-miny-m64-seed-0,vanilla-reference,0,-64,320,false,false,3465,256,family,emerald,,-48,-32,0,0.000000000
20260903-vanilla-reference-vanilla-reference-miny-m64-seed-0,vanilla-reference,0,-64,320,false,false,3465,256,block,emerald,minecraft:emerald_ore,-48,-32,0,0.000000000
20260903-vanilla-reference-vanilla-reference-miny-m64-seed-0,vanilla-reference,0,-64,320,false,false,3465,256,block,emerald,minecraft:deepslate_emerald_ore,-48,-32,0,0.000000000
20260903-vanilla-reference-vanilla-reference-miny-m64-seed-0,vanilla-reference,0,-64,320,false,false,3465,256,family,emerald,,-32,-16,0,0.000000000
20260903-vanilla-reference-vanilla-reference-miny-m64-seed-0,vanilla-reference,0,-64,320,false,false,3465,256,block,emerald,minecraft:emerald_ore,-32,-16,0,0.000000000
20260903-vanilla-reference-vanilla-reference-miny-m64-seed-0,vanilla-reference,0,-64,320,false,false,3465,256,block,emerald,minecraft:deepslate_emerald_ore,-32,-16,0,0.000000000
20260903-vanilla-reference-vanilla-reference-miny-m64-seed-0,vanilla-reference,0,-64,320,false,false,3465,256,family,emerald,,-16,0,0,0.000000000
20260903-vanilla-reference-vanilla-reference-miny-m64-seed-0,vanilla-reference,0,-64,320,false,false,3465,256,block,emerald,minecraft:emerald_ore,-16,0,0,0.000000000
20260903-vanilla-reference-vanilla-reference-miny-m64-seed-0,vanilla-reference,0,-64,320,false,false,3465,256,block,emerald,minecraft:deepslate_emerald_ore,-16,0,0,0.000000000
20260903-vanilla-reference-vanilla-reference-miny-m64-seed-0,vanilla-reference,0,-64,320,false,false,3465,256,family,emerald,,0,16,0,0.000000000
20260903-vanilla-reference-vanilla-reference-miny-m64-seed-0,vanilla-reference,0,-64,320,false,false,3465,256,block,emerald,minecraft:emerald_ore,0,16,0,0.000000000
20260903-vanilla-reference-vanilla-reference-miny-m64-seed-0,vanilla-reference,0,-64,320,false,false,3465,256,block,emerald,minecraft:deepslate_emerald_ore,0,16,0,0.000000000
20260903-vanilla-reference-vanilla-reference-miny-m64-seed-0,vanilla-reference,0,-64,320,false,false,3465,256,family,emerald,,16,32,0,0.000000000
20260903-vanilla-reference-vanilla-reference-miny-m64-seed-0,vanilla-reference,0,-64,320,false,false,3465,256,block,emerald,minecraft:emerald_ore,16,32,0,0.000000000
20260903-vanilla-reference-vanilla-reference-miny-m64-seed-0,vanilla-reference,0,-64,320,false,false,3465,256,block,emerald,minecraft:deepslate_emerald_ore,16,32,0,0.000000000
20260903-vanilla-reference-vanilla-reference-miny-m64-seed-0,vanilla-reference,0,-64,320,false,false,3465,256,family,emerald,,32,48,0,0.000000000
20260903-vanilla-reference-vanilla-reference-miny-m64-seed-0,vanilla-reference,0,-64,320,false,false,3465,256,block,emerald,minecraft:emerald_ore,32,48,0,0.000000000
20260903-vanilla-reference-vanilla-reference-miny-m64-seed-0,vanilla-reference,0,-64,320,false,false,3465,256,block,emerald,minecraft:deepslate_emerald_ore,32,48,0,0.000000000
20260903-vanilla-reference-vanilla-reference-miny-m64-seed-0,vanilla-reference,0,-64,320,false,false,3465,256,family,emerald,,48,64,0,0.000000000
20260903-vanilla-reference-vanilla-reference-miny-m64-seed-0,vanilla-reference,0,-64,320,false,false,3465,256,block,emerald,minecraft:emerald_ore,48,64,0,0.000000000
20260903-vanilla-reference-vanilla-reference-miny-m64-seed-0,vanilla-reference,0,-64,320,false,false,3465,256,block,emerald,minecraft:deepslate_emerald_ore,48,64,0,0.000000000
20260903-vanilla-reference-vanilla-reference-miny-m64-seed-0,vanilla-reference,0,-64,320,false,false,3465,256,family,emerald,,64,80,0,0.000000000
20260903-vanilla-reference-vanilla-reference-miny-m64-seed-0,vanilla-reference,0,-64,320,false,false,3465,256,block,emerald,minecraft:emerald_ore,64,80,0,0.000000000
20260903-vanilla-reference-vanilla-reference-miny-m64-seed-0,vanilla-reference,0,-64,320,false,false,3465,256,block,emerald,minecraft:deepslate_emerald_ore,64,80,0,0.000000000
20260903-vanilla-reference-vanilla-reference-miny-m64-seed-0,vanilla-reference,0,-64,320,false,false,3465,256,family,emerald,,80,96,0,0.000000000
20260903-vanilla-reference-vanilla-reference-miny-m64-seed-0,vanilla-reference,0,-64,320,false,false,3465,256,block,emerald,minecraft:emerald_ore,80,96,0,0.000000000
20260903-vanilla-reference-vanilla-reference-miny-m64-seed-0,vanilla-reference,0,-64,320,false,false,3465,256,block,emerald,minecraft:deepslate_emerald_ore,80,96,0,0.000000000
20260903-vanilla-reference-vanilla-reference-miny-m64-seed-0,vanilla-reference,0,-64,320,false,false,3465,256,family,emerald,,96,112,0,0.000000000
20260903-vanilla-reference-vanilla-reference-miny-m64-seed-0,vanilla-reference,0,-64,320,false,false,3465,256,block,emerald,minecraft:emerald_ore,96,112,0,0.000000000
20260903-vanilla-reference-vanilla-reference-miny-m64-seed-0,vanilla-reference,0,-64,320,false,false,3465,256,block,emerald,minecraft:deepslate_emerald_ore,96,112,0,0.000000000
20260903-vanilla-reference-vanilla-reference-miny-m64-seed-0,vanilla-reference,0,-64,320,false,false,3465,256,family,emerald,,112,128,0,0.000000000
20260903-vanilla-reference-vanilla-reference-miny-m64-seed-0,vanilla-reference,0,-64,320,false,false,3465,256,block,emerald,minecraft:emerald_ore,112,128,0,0.000000000
20260903-vanilla-reference-vanilla-reference-miny-m64-seed-0,vanilla-reference,0,-64,320,false,false,3465,256,block,emerald,minecraft:deepslate_emerald_ore,112,128,0,0.000000000
20260903-vanilla-reference-vanilla-reference-miny-m64-seed-0,vanilla-reference,0,-64,320,false,false,3465,256,family,emerald,,128,144,0,0.000000000
20260903-vanilla-reference-vanilla-reference-miny-m64-seed-0,vanilla-reference,0,-64,320,false,false,3465,256,block,emerald,minecraft:emerald_ore,128,144,0,0.000000000
20260903-vanilla-reference-vanilla-reference-miny-m64-seed-0,vanilla-reference,0,-64,320,false,false,3465,256,block,emerald,minecraft:deepslate_emerald_ore,128,144,0,0.000000000
20260903-vanilla-reference-vanilla-reference-miny-m64-seed-0,vanilla-reference,0,-64,320,false,false,3465,256,family,emerald,,144,160,0,0.000000000
20260903-vanilla-reference-vanilla-reference-miny-m64-seed-0,vanilla-reference,0,-64,320,false,false,3465,256,block,emerald,minecraft:emerald_ore,144,160,0,0.000000000
20260903-vanilla-reference-vanilla-reference-miny-m64-seed-0,vanilla-reference,0,-64,320,false,false,3465,256,block,emerald,minecraft:deepslate_emerald_ore,144,160,0,0.000000000
20260903-vanilla-reference-vanilla-reference-miny-m64-seed-0,vanilla-reference,0,-64,320,false,false,3465,256,family,emerald,,160,176,0,0.000000000
20260903-vanilla-reference-vanilla-reference-miny-m64-seed-0,vanilla-reference,0,-64,320,false,false,3465,256,block,emerald,minecraft:emerald_ore,160,176,0,0.000000000
20260903-vanilla-reference-vanilla-reference-miny-m64-seed-0,vanilla-reference,0,-64,320,false,false,3465,256,block,emerald,minecraft:deepslate_emerald_ore,160,176,0,0.000000000
20260903-vanilla-reference-vanilla-reference-miny-m64-seed-0,vanilla-reference,0,-64,320,false,false,3465,256,family,emerald,,176,192,0,0.000000000
20260903-vanilla-reference-vanilla-reference-miny-m64-seed-0,vanilla-reference,0,-64,320,false,false,3465,256,block,emerald,minecraft:emerald_ore,176,192,0,0.000000000
20260903-vanilla-reference-vanilla-reference-miny-m64-seed-0,vanilla-reference,0,-64,320,false,false,3465,256,block,emerald,minecraft:deepslate_emerald_ore,176,192,0,0.000000000
20260903-vanilla-reference-vanilla-reference-miny-m64-seed-0,vanilla-reference,0,-64,320,false,false,3465,256,family,emerald,,192,208,0,0.000000000
20260903-vanilla-reference-vanilla-reference-miny-m64-seed-0,vanilla-reference,0,-64,320,false,false,3465,256,block,emerald,minecraft:emerald_ore,192,208,0,0.000000000
20260903-vanilla-reference-vanilla-reference-miny-m64-seed-0,vanilla-reference,0,-64,320,false,false,3465,256,block,emerald,minecraft:deepslate_emerald_ore,192,208,0,0.000000000
20260903-vanilla-reference-vanilla-reference-miny-m64-seed-0,vanilla-reference,0,-64,320,false,false,3465,256,family,emerald,,208,224,0,0.000000000
20260903-vanilla-reference-vanilla-reference-miny-m64-seed-0,vanilla-reference,0,-64,320,false,false,3465,256,block,emerald,minecraft:emerald_ore,208,224,0,0.000000000
20260903-vanilla-reference-vanilla-reference-miny-m64-seed-0,vanilla-reference,0,-64,320,false,false,3465,256,block,emerald,minecraft:deepslate_emerald_ore,208,224,0,0.000000000
20260903-vanilla-reference-vanilla-reference-miny-m64-seed-0,vanilla-reference,0,-64,320,false,false,3465,256,family,emerald,,224,240,0,0.000000000
20260903-vanilla-reference-vanilla-reference-miny-m64-seed-0,vanilla-reference,0,-64,320,false,false,3465,256,block,emerald,minecraft:emerald_ore,224,240,0,0.000000000
20260903-vanilla-reference-vanilla-reference-miny-m64-seed-0,vanilla-reference,0,-64,320,false,false,3465,256,block,emerald,minecraft:deepslate_emerald_ore,224,240,0,0.000000000
20260903-vanilla-reference-vanilla-reference-miny-m64-seed-0,vanilla-reference,0,-64,320,false,false,3465,256,family,emerald,,240,256,0,0.000000000
20260903-vanilla-reference-vanilla-reference-miny-m64-seed-0,vanilla-reference,0,-64,320,false,false,3465,256,block,emerald,minecraft:emerald_ore,240,256,0,0.000000000
20260903-vanilla-reference-vanilla-reference-miny-m64-seed-0,vanilla-reference,0,-64,320,false,false,3465,256,block,emerald,minecraft:deepslate_emerald_ore,240,256,0,0.000000000
20260903-vanilla-reference-vanilla-reference-miny-m64-seed-0,vanilla-reference,0,-64,320,false,false,3465,256,family,emerald,,256,272,0,0.000000000
20260903-vanilla-reference-vanilla-reference-miny-m64-seed-0,vanilla-reference,0,-64,320,false,false,3465,256,block,emerald,minecraft:emerald_ore,256,272,0,0.000000000
20260903-vanilla-reference-vanilla-reference-miny-m64-seed-0,vanilla-reference,0,-64,320,false,false,3465,256,block,emerald,minecraft:deepslate_emerald_ore,256,272,0,0.000000000
20260903-vanilla-reference-vanilla-reference-miny-m64-seed-0,vanilla-reference,0,-64,320,false,false,3465,256,family,emerald,,272,288,0,0.000000000
20260903-vanilla-reference-vanilla-reference-miny-m64-seed-0,vanilla-reference,0,-64,320,false,false,3465,256,block,emerald,minecraft:emerald_ore,272,288,0,0.000000000
20260903-vanilla-reference-vanilla-reference-miny-m64-seed-0,vanilla-reference,0,-64,320,false,false,3465,256,block,emerald,minecraft:deepslate_emerald_ore,272,288,0,0.000000000
20260903-vanilla-reference-vanilla-reference-miny-m64-seed-0,vanilla-reference,0,-64,320,false,false,3465,256,family,emerald,,288,304,0,0.000000000
20260903-vanilla-reference-vanilla-reference-miny-m64-seed-0,vanilla-reference,0,-64,320,false,false,3465,256,block,emerald,minecraft:emerald_ore,288,304,0,0.000000000
20260903-vanilla-reference-vanilla-reference-miny-m64-seed-0,vanilla-reference,0,-64,320,false,false,3465,256,block,emerald,minecraft:deepslate_emerald_ore,288,304,0,0.000000000
20260903-vanilla-reference-vanilla-reference-miny-m64-seed-0,vanilla-reference,0,-64,320,false,false,3465,256,family,emerald,,304,320,0,0.000000000
20260903-vanilla-reference-vanilla-reference-miny-m64-seed-0,vanilla-reference,0,-64,320,false,false,3465,256,block,emerald,minecraft:emerald_ore,304,320,0,0.000000000
20260903-vanilla-reference-vanilla-reference-miny-m64-seed-0,vanilla-reference,0,-64,320,false,false,3465,256,block,emerald,minecraft:deepslate_emerald_ore,304,320,0,0.000000000
20260903-vanilla-reference-vanilla-reference-miny-m64-seed-0,vanilla-reference,0,-64,320,false,false,3465,256,family,gravel,,-64,-48,12286,47.992187500
20260903-vanilla-reference-vanilla-reference-miny-m64-seed-0,vanilla-reference,0,-64,320,false,false,3465,256,block,gravel,minecraft:gravel,-64,-48,12286,47.992187500
20260903-vanilla-reference-vanilla-reference-miny-m64-seed-0,vanilla-reference,0,-64,320,false,false,3465,256,family,gravel,,-48,-32,12759,49.839843750
20260903-vanilla-reference-vanilla-reference-miny-m64-seed-0,vanilla-reference,0,-64,320,false,false,3465,256,block,gravel,minecraft:gravel,-48,-32,12759,49.839843750
20260903-vanilla-reference-vanilla-reference-miny-m64-seed-0,vanilla-reference,0,-64,320,false,false,3465,256,family,gravel,,-32,-16,14265,55.722656250
20260903-vanilla-reference-vanilla-reference-miny-m64-seed-0,vanilla-reference,0,-64,320,false,false,3465,256,block,gravel,minecraft:gravel,-32,-16,14265,55.722656250
20260903-vanilla-reference-vanilla-reference-miny-m64-seed-0,vanilla-reference,0,-64,320,false,false,3465,256,family,gravel,,-16,0,12339,48.199218750
20260903-vanilla-reference-vanilla-reference-miny-m64-seed-0,vanilla-reference,0,-64,320,false,false,3465,256,block,gravel,minecraft:gravel,-16,0,12339,48.199218750
20260903-vanilla-reference-vanilla-reference-miny-m64-seed-0,vanilla-reference,0,-64,320,false,false,3465,256,family,gravel,,0,16,14521,56.722656250
20260903-vanilla-reference-vanilla-reference-miny-m64-seed-0,vanilla-reference,0,-64,320,false,false,3465,256,block,gravel,minecraft:gravel,0,16,14521,56.722656250
20260903-vanilla-reference-vanilla-reference-miny-m64-seed-0,vanilla-reference,0,-64,320,false,false,3465,256,family,gravel,,16,32,16709,65.269531250
20260903-vanilla-reference-vanilla-reference-miny-m64-seed-0,vanilla-reference,0,-64,320,false,false,3465,256,block,gravel,minecraft:gravel,16,32,16709,65.269531250
20260903-vanilla-reference-vanilla-reference-miny-m64-seed-0,vanilla-reference,0,-64,320,false,false,3465,256,family,gravel,,32,48,16588,64.796875000
20260903-vanilla-reference-vanilla-reference-miny-m64-seed-0,vanilla-reference,0,-64,320,false,false,3465,256,block,gravel,minecraft:gravel,32,48,16588,64.796875000
20260903-vanilla-reference-vanilla-reference-miny-m64-seed-0,vanilla-reference,0,-64,320,false,false,3465,256,family,gravel,,48,64,16591,64.808593750
20260903-vanilla-reference-vanilla-reference-miny-m64-seed-0,vanilla-reference,0,-64,320,false,false,3465,256,block,gravel,minecraft:gravel,48,64,16591,64.808593750
20260903-vanilla-reference-vanilla-reference-miny-m64-seed-0,vanilla-reference,0,-64,320,false,false,3465,256,family,gravel,,64,80,4284,16.734375000
20260903-vanilla-reference-vanilla-reference-miny-m64-seed-0,vanilla-reference,0,-64,320,false,false,3465,256,block,gravel,minecraft:gravel,64,80,4284,16.734375000
20260903-vanilla-reference-vanilla-reference-miny-m64-seed-0,vanilla-reference,0,-64,320,false,false,3465,256,family,gravel,,80,96,1966,7.679687500
20260903-vanilla-reference-vanilla-reference-miny-m64-seed-0,vanilla-reference,0,-64,320,false,false,3465,256,block,gravel,minecraft:gravel,80,96,1966,7.679687500
20260903-vanilla-reference-vanilla-reference-miny-m64-seed-0,vanilla-reference,0,-64,320,false,false,3465,256,family,gravel,,96,112,543,2.121093750
20260903-vanilla-reference-vanilla-reference-miny-m64-seed-0,vanilla-reference,0,-64,320,false,false,3465,256,block,gravel,minecraft:gravel,96,112,543,2.121093750
20260903-vanilla-reference-vanilla-reference-miny-m64-seed-0,vanilla-reference,0,-64,320,false,false,3465,256,family,gravel,,112,128,0,0.000000000
20260903-vanilla-reference-vanilla-reference-miny-m64-seed-0,vanilla-reference,0,-64,320,false,false,3465,256,block,gravel,minecraft:gravel,112,128,0,0.000000000
20260903-vanilla-reference-vanilla-reference-miny-m64-seed-0,vanilla-reference,0,-64,320,false,false,3465,256,family,gravel,,128,144,0,0.000000000
20260903-vanilla-reference-vanilla-reference-miny-m64-seed-0,vanilla-reference,0,-64,320,false,false,3465,256,block,gravel,minecraft:gravel,128,144,0,0.000000000
20260903-vanilla-reference-vanilla-reference-miny-m64-seed-0,vanilla-reference,0,-64,320,false,false,3465,256,family,gravel,,144,160,0,0.000000000
20260903-vanilla-reference-vanilla-reference-miny-m64-seed-0,vanilla-reference,0,-64,320,false,false,3465,256,block,gravel,minecraft:gravel,144,160,0,0.000000000
20260903-vanilla-reference-vanilla-reference-miny-m64-seed-0,vanilla-reference,0,-64,320,false,false,3465,256,family,gravel,,160,176,0,0.000000000
20260903-vanilla-reference-vanilla-reference-miny-m64-seed-0,vanilla-reference,0,-64,320,false,false,3465,256,block,gravel,minecraft:gravel,160,176,0,0.000000000
20260903-vanilla-reference-vanilla-reference-miny-m64-seed-0,vanilla-reference,0,-64,320,false,false,3465,256,family,gravel,,176,192,0,0.000000000
20260903-vanilla-reference-vanilla-reference-miny-m64-seed-0,vanilla-reference,0,-64,320,false,false,3465,256,block,gravel,minecraft:gravel,176,192,0,0.000000000
20260903-vanilla-reference-vanilla-reference-miny-m64-seed-0,vanilla-reference,0,-64,320,false,false,3465,256,family,gravel,,192,208,0,0.000000000
20260903-vanilla-reference-vanilla-reference-miny-m64-seed-0,vanilla-reference,0,-64,320,false,false,3465,256,block,gravel,minecraft:gravel,192,208,0,0.000000000
20260903-vanilla-reference-vanilla-reference-miny-m64-seed-0,vanilla-reference,0,-64,320,false,false,3465,256,family,gravel,,208,224,0,0.000000000
20260903-vanilla-reference-vanilla-reference-miny-m64-seed-0,vanilla-reference,0,-64,320,false,false,3465,256,block,gravel,minecraft:gravel,208,224,0,0.000000000
20260903-vanilla-reference-vanilla-reference-miny-m64-seed-0,vanilla-reference,0,-64,320,false,false,3465,256,family,gravel,,224,240,0,0.000000000
20260903-vanilla-reference-vanilla-reference-miny-m64-seed-0,vanilla-reference,0,-64,320,false,false,3465,256,block,gravel,minecraft:gravel,224,240,0,0.000000000
20260903-vanilla-reference-vanilla-reference-miny-m64-seed-0,vanilla-reference,0,-64,320,false,false,3465,256,family,gravel,,240,256,0,0.000000000
20260903-vanilla-reference-vanilla-reference-miny-m64-seed-0,vanilla-reference,0,-64,320,false,false,3465,256,block,gravel,minecraft:gravel,240,256,0,0.000000000
20260903-vanilla-reference-vanilla-reference-miny-m64-seed-0,vanilla-reference,0,-64,320,false,false,3465,256,family,gravel,,256,272,0,0.000000000
20260903-vanilla-reference-vanilla-reference-miny-m64-seed-0,vanilla-reference,0,-64,320,false,false,3465,256,block,gravel,minecraft:gravel,256,272,0,0.000000000
20260903-vanilla-reference-vanilla-reference-miny-m64-seed-0,vanilla-reference,0,-64,320,false,false,3465,256,family,gravel,,272,288,0,0.000000000
20260903-vanilla-reference-vanilla-reference-miny-m64-seed-0,vanilla-reference,0,-64,320,false,false,3465,256,block,gravel,minecraft:gravel,272,288,0,0.000000000
20260903-vanilla-reference-vanilla-reference-miny-m64-seed-0,vanilla-reference,0,-64,320,false,false,3465,256,family,gravel,,288,304,0,0.000000000
20260903-vanilla-reference-vanilla-reference-miny-m64-seed-0,vanilla-reference,0,-64,320,false,false,3465,256,block,gravel,minecraft:gravel,288,304,0,0.000000000
20260903-vanilla-reference-vanilla-reference-miny-m64-seed-0,vanilla-reference,0,-64,320,false,false,3465,256,family,gravel,,304,320,0,0.000000000
20260903-vanilla-reference-vanilla-reference-miny-m64-seed-0,vanilla-reference,0,-64,320,false,false,3465,256,block,gravel,minecraft:gravel,304,320,0,0.000000000
20260903-vanilla-reference-vanilla-reference-miny-m64-seed-0,vanilla-reference,0,-64,320,false,false,3465,256,family,tuff,,-64,-48,66977,261.628906250
20260903-vanilla-reference-vanilla-reference-miny-m64-seed-0,vanilla-reference,0,-64,320,false,false,3465,256,block,tuff,minecraft:tuff,-64,-48,66977,261.628906250
20260903-vanilla-reference-vanilla-reference-miny-m64-seed-0,vanilla-reference,0,-64,320,false,false,3465,256,family,tuff,,-48,-32,72855,284.589843750
20260903-vanilla-reference-vanilla-reference-miny-m64-seed-0,vanilla-reference,0,-64,320,false,false,3465,256,block,tuff,minecraft:tuff,-48,-32,72855,284.589843750
20260903-vanilla-reference-vanilla-reference-miny-m64-seed-0,vanilla-reference,0,-64,320,false,false,3465,256,family,tuff,,-32,-16,66468,259.640625000
20260903-vanilla-reference-vanilla-reference-miny-m64-seed-0,vanilla-reference,0,-64,320,false,false,3465,256,block,tuff,minecraft:tuff,-32,-16,66468,259.640625000
20260903-vanilla-reference-vanilla-reference-miny-m64-seed-0,vanilla-reference,0,-64,320,false,false,3465,256,family,tuff,,-16,0,59531,232.542968750
20260903-vanilla-reference-vanilla-reference-miny-m64-seed-0,vanilla-reference,0,-64,320,false,false,3465,256,block,tuff,minecraft:tuff,-16,0,59531,232.542968750
20260903-vanilla-reference-vanilla-reference-miny-m64-seed-0,vanilla-reference,0,-64,320,false,false,3465,256,family,tuff,,0,16,1835,7.167968750
20260903-vanilla-reference-vanilla-reference-miny-m64-seed-0,vanilla-reference,0,-64,320,false,false,3465,256,block,tuff,minecraft:tuff,0,16,1835,7.167968750
20260903-vanilla-reference-vanilla-reference-miny-m64-seed-0,vanilla-reference,0,-64,320,false,false,3465,256,family,tuff,,16,32,0,0.000000000
20260903-vanilla-reference-vanilla-reference-miny-m64-seed-0,vanilla-reference,0,-64,320,false,false,3465,256,block,tuff,minecraft:tuff,16,32,0,0.000000000
20260903-vanilla-reference-vanilla-reference-miny-m64-seed-0,vanilla-reference,0,-64,320,false,false,3465,256,family,tuff,,32,48,0,0.000000000
20260903-vanilla-reference-vanilla-reference-miny-m64-seed-0,vanilla-reference,0,-64,320,false,false,3465,256,block,tuff,minecraft:tuff,32,48,0,0.000000000
20260903-vanilla-reference-vanilla-reference-miny-m64-seed-0,vanilla-reference,0,-64,320,false,false,3465,256,family,tuff,,48,64,0,0.000000000
20260903-vanilla-reference-vanilla-reference-miny-m64-seed-0,vanilla-reference,0,-64,320,false,false,3465,256,block,tuff,minecraft:tuff,48,64,0,0.000000000
20260903-vanilla-reference-vanilla-reference-miny-m64-seed-0,vanilla-reference,0,-64,320,false,false,3465,256,family,tuff,,64,80,0,0.000000000
20260903-vanilla-reference-vanilla-reference-miny-m64-seed-0,vanilla-reference,0,-64,320,false,false,3465,256,block,tuff,minecraft:tuff,64,80,0,0.000000000
20260903-vanilla-reference-vanilla-reference-miny-m64-seed-0,vanilla-reference,0,-64,320,false,false,3465,256,family,tuff,,80,96,0,0.000000000
20260903-vanilla-reference-vanilla-reference-miny-m64-seed-0,vanilla-reference,0,-64,320,false,false,3465,256,block,tuff,minecraft:tuff,80,96,0,0.000000000
20260903-vanilla-reference-vanilla-reference-miny-m64-seed-0,vanilla-reference,0,-64,320,false,false,3465,256,family,tuff,,96,112,0,0.000000000
20260903-vanilla-reference-vanilla-reference-miny-m64-seed-0,vanilla-reference,0,-64,320,false,false,3465,256,block,tuff,minecraft:tuff,96,112,0,0.000000000
20260903-vanilla-reference-vanilla-reference-miny-m64-seed-0,vanilla-reference,0,-64,320,false,false,3465,256,family,tuff,,112,128,0,0.000000000
20260903-vanilla-reference-vanilla-reference-miny-m64-seed-0,vanilla-reference,0,-64,320,false,false,3465,256,block,tuff,minecraft:tuff,112,128,0,0.000000000
20260903-vanilla-reference-vanilla-reference-miny-m64-seed-0,vanilla-reference,0,-64,320,false,false,3465,256,family,tuff,,128,144,0,0.000000000
20260903-vanilla-reference-vanilla-reference-miny-m64-seed-0,vanilla-reference,0,-64,320,false,false,3465,256,block,tuff,minecraft:tuff,128,144,0,0.000000000
20260903-vanilla-reference-vanilla-reference-miny-m64-seed-0,vanilla-reference,0,-64,320,false,false,3465,256,family,tuff,,144,160,0,0.000000000
20260903-vanilla-reference-vanilla-reference-miny-m64-seed-0,vanilla-reference,0,-64,320,false,false,3465,256,block,tuff,minecraft:tuff,144,160,0,0.000000000
20260903-vanilla-reference-vanilla-reference-miny-m64-seed-0,vanilla-reference,0,-64,320,false,false,3465,256,family,tuff,,160,176,0,0.000000000
20260903-vanilla-reference-vanilla-reference-miny-m64-seed-0,vanilla-reference,0,-64,320,false,false,3465,256,block,tuff,minecraft:tuff,160,176,0,0.000000000
20260903-vanilla-reference-vanilla-reference-miny-m64-seed-0,vanilla-reference,0,-64,320,false,false,3465,256,family,tuff,,176,192,0,0.000000000
20260903-vanilla-reference-vanilla-reference-miny-m64-seed-0,vanilla-reference,0,-64,320,false,false,3465,256,block,tuff,minecraft:tuff,176,192,0,0.000000000
20260903-vanilla-reference-vanilla-reference-miny-m64-seed-0,vanilla-reference,0,-64,320,false,false,3465,256,family,tuff,,192,208,0,0.000000000
20260903-vanilla-reference-vanilla-reference-miny-m64-seed-0,vanilla-reference,0,-64,320,false,false,3465,256,block,tuff,minecraft:tuff,192,208,0,0.000000000
20260903-vanilla-reference-vanilla-reference-miny-m64-seed-0,vanilla-reference,0,-64,320,false,false,3465,256,family,tuff,,208,224,0,0.000000000
20260903-vanilla-reference-vanilla-reference-miny-m64-seed-0,vanilla-reference,0,-64,320,false,false,3465,256,block,tuff,minecraft:tuff,208,224,0,0.000000000
20260903-vanilla-reference-vanilla-reference-miny-m64-seed-0,vanilla-reference,0,-64,320,false,false,3465,256,family,tuff,,224,240,0,0.000000000
20260903-vanilla-reference-vanilla-reference-miny-m64-seed-0,vanilla-reference,0,-64,320,false,false,3465,256,block,tuff,minecraft:tuff,224,240,0,0.000000000
20260903-vanilla-reference-vanilla-reference-miny-m64-seed-0,vanilla-reference,0,-64,320,false,false,3465,256,family,tuff,,240,256,0,0.000000000
20260903-vanilla-reference-vanilla-reference-miny-m64-seed-0,vanilla-reference,0,-64,320,false,false,3465,256,block,tuff,minecraft:tuff,240,256,0,0.000000000
20260903-vanilla-reference-vanilla-reference-miny-m64-seed-0,vanilla-reference,0,-64,320,false,false,3465,256,family,tuff,,256,272,0,0.000000000
20260903-vanilla-reference-vanilla-reference-miny-m64-seed-0,vanilla-reference,0,-64,320,false,false,3465,256,block,tuff,minecraft:tuff,256,272,0,0.000000000
20260903-vanilla-reference-vanilla-reference-miny-m64-seed-0,vanilla-reference,0,-64,320,false,false,3465,256,family,tuff,,272,288,0,0.000000000
20260903-vanilla-reference-vanilla-reference-miny-m64-seed-0,vanilla-reference,0,-64,320,false,false,3465,256,block,tuff,minecraft:tuff,272,288,0,0.000000000
20260903-vanilla-reference-vanilla-reference-miny-m64-seed-0,vanilla-reference,0,-64,320,false,false,3465,256,family,tuff,,288,304,0,0.000000000
20260903-vanilla-reference-vanilla-reference-miny-m64-seed-0,vanilla-reference,0,-64,320,false,false,3465,256,block,tuff,minecraft:tuff,288,304,0,0.000000000
20260903-vanilla-reference-vanilla-reference-miny-m64-seed-0,vanilla-reference,0,-64,320,false,false,3465,256,family,tuff,,304,320,0,0.000000000
20260903-vanilla-reference-vanilla-reference-miny-m64-seed-0,vanilla-reference,0,-64,320,false,false,3465,256,block,tuff,minecraft:tuff,304,320,0,0.000000000
20260903-vanilla-repeat-vanilla-reference-miny-m64-seed-0,vanilla-reference,0,-64,320,false,false,3465,256,family,coal,,-64,-48,0,0.000000000
20260903-vanilla-repeat-vanilla-reference-miny-m64-seed-0,vanilla-reference,0,-64,320,false,false,3465,256,block,coal,minecraft:coal_ore,-64,-48,0,0.000000000
20260903-vanilla-repeat-vanilla-reference-miny-m64-seed-0,vanilla-reference,0,-64,320,false,false,3465,256,block,coal,minecraft:deepslate_coal_ore,-64,-48,0,0.000000000
20260903-vanilla-repeat-vanilla-reference-miny-m64-seed-0,vanilla-reference,0,-64,320,false,false,3465,256,family,coal,,-48,-32,0,0.000000000
20260903-vanilla-repeat-vanilla-reference-miny-m64-seed-0,vanilla-reference,0,-64,320,false,false,3465,256,block,coal,minecraft:coal_ore,-48,-32,0,0.000000000
20260903-vanilla-repeat-vanilla-reference-miny-m64-seed-0,vanilla-reference,0,-64,320,false,false,3465,256,block,coal,minecraft:deepslate_coal_ore,-48,-32,0,0.000000000
20260903-vanilla-repeat-vanilla-reference-miny-m64-seed-0,vanilla-reference,0,-64,320,false,false,3465,256,family,coal,,-32,-16,0,0.000000000
20260903-vanilla-repeat-vanilla-reference-miny-m64-seed-0,vanilla-reference,0,-64,320,false,false,3465,256,block,coal,minecraft:coal_ore,-32,-16,0,0.000000000
20260903-vanilla-repeat-vanilla-reference-miny-m64-seed-0,vanilla-reference,0,-64,320,false,false,3465,256,block,coal,minecraft:deepslate_coal_ore,-32,-16,0,0.000000000
20260903-vanilla-repeat-vanilla-reference-miny-m64-seed-0,vanilla-reference,0,-64,320,false,false,3465,256,family,coal,,-16,0,9,0.035156250
20260903-vanilla-repeat-vanilla-reference-miny-m64-seed-0,vanilla-reference,0,-64,320,false,false,3465,256,block,coal,minecraft:coal_ore,-16,0,0,0.000000000
20260903-vanilla-repeat-vanilla-reference-miny-m64-seed-0,vanilla-reference,0,-64,320,false,false,3465,256,block,coal,minecraft:deepslate_coal_ore,-16,0,9,0.035156250
20260903-vanilla-repeat-vanilla-reference-miny-m64-seed-0,vanilla-reference,0,-64,320,false,false,3465,256,family,coal,,0,16,1440,5.625000000
20260903-vanilla-repeat-vanilla-reference-miny-m64-seed-0,vanilla-reference,0,-64,320,false,false,3465,256,block,coal,minecraft:coal_ore,0,16,1240,4.843750000
20260903-vanilla-repeat-vanilla-reference-miny-m64-seed-0,vanilla-reference,0,-64,320,false,false,3465,256,block,coal,minecraft:deepslate_coal_ore,0,16,200,0.781250000
20260903-vanilla-repeat-vanilla-reference-miny-m64-seed-0,vanilla-reference,0,-64,320,false,false,3465,256,family,coal,,16,32,4004,15.640625000
20260903-vanilla-repeat-vanilla-reference-miny-m64-seed-0,vanilla-reference,0,-64,320,false,false,3465,256,block,coal,minecraft:coal_ore,16,32,4004,15.640625000
20260903-vanilla-repeat-vanilla-reference-miny-m64-seed-0,vanilla-reference,0,-64,320,false,false,3465,256,block,coal,minecraft:deepslate_coal_ore,16,32,0,0.000000000
20260903-vanilla-repeat-vanilla-reference-miny-m64-seed-0,vanilla-reference,0,-64,320,false,false,3465,256,family,coal,,32,48,7284,28.453125000
20260903-vanilla-repeat-vanilla-reference-miny-m64-seed-0,vanilla-reference,0,-64,320,false,false,3465,256,block,coal,minecraft:coal_ore,32,48,7284,28.453125000
20260903-vanilla-repeat-vanilla-reference-miny-m64-seed-0,vanilla-reference,0,-64,320,false,false,3465,256,block,coal,minecraft:deepslate_coal_ore,32,48,0,0.000000000
20260903-vanilla-repeat-vanilla-reference-miny-m64-seed-0,vanilla-reference,0,-64,320,false,false,3465,256,family,coal,,48,64,7826,30.570312500
20260903-vanilla-repeat-vanilla-reference-miny-m64-seed-0,vanilla-reference,0,-64,320,false,false,3465,256,block,coal,minecraft:coal_ore,48,64,7826,30.570312500
20260903-vanilla-repeat-vanilla-reference-miny-m64-seed-0,vanilla-reference,0,-64,320,false,false,3465,256,block,coal,minecraft:deepslate_coal_ore,48,64,0,0.000000000
20260903-vanilla-repeat-vanilla-reference-miny-m64-seed-0,vanilla-reference,0,-64,320,false,false,3465,256,family,coal,,64,80,4364,17.046875000
20260903-vanilla-repeat-vanilla-reference-miny-m64-seed-0,vanilla-reference,0,-64,320,false,false,3465,256,block,coal,minecraft:coal_ore,64,80,4364,17.046875000
20260903-vanilla-repeat-vanilla-reference-miny-m64-seed-0,vanilla-reference,0,-64,320,false,false,3465,256,block,coal,minecraft:deepslate_coal_ore,64,80,0,0.000000000
20260903-vanilla-repeat-vanilla-reference-miny-m64-seed-0,vanilla-reference,0,-64,320,false,false,3465,256,family,coal,,80,96,1525,5.957031250
20260903-vanilla-repeat-vanilla-reference-miny-m64-seed-0,vanilla-reference,0,-64,320,false,false,3465,256,block,coal,minecraft:coal_ore,80,96,1525,5.957031250
20260903-vanilla-repeat-vanilla-reference-miny-m64-seed-0,vanilla-reference,0,-64,320,false,false,3465,256,block,coal,minecraft:deepslate_coal_ore,80,96,0,0.000000000
20260903-vanilla-repeat-vanilla-reference-miny-m64-seed-0,vanilla-reference,0,-64,320,false,false,3465,256,family,coal,,96,112,803,3.136718750
20260903-vanilla-repeat-vanilla-reference-miny-m64-seed-0,vanilla-reference,0,-64,320,false,false,3465,256,block,coal,minecraft:coal_ore,96,112,803,3.136718750
20260903-vanilla-repeat-vanilla-reference-miny-m64-seed-0,vanilla-reference,0,-64,320,false,false,3465,256,block,coal,minecraft:deepslate_coal_ore,96,112,0,0.000000000
20260903-vanilla-repeat-vanilla-reference-miny-m64-seed-0,vanilla-reference,0,-64,320,false,false,3465,256,family,coal,,112,128,0,0.000000000
20260903-vanilla-repeat-vanilla-reference-miny-m64-seed-0,vanilla-reference,0,-64,320,false,false,3465,256,block,coal,minecraft:coal_ore,112,128,0,0.000000000
20260903-vanilla-repeat-vanilla-reference-miny-m64-seed-0,vanilla-reference,0,-64,320,false,false,3465,256,block,coal,minecraft:deepslate_coal_ore,112,128,0,0.000000000
20260903-vanilla-repeat-vanilla-reference-miny-m64-seed-0,vanilla-reference,0,-64,320,false,false,3465,256,family,coal,,128,144,0,0.000000000
20260903-vanilla-repeat-vanilla-reference-miny-m64-seed-0,vanilla-reference,0,-64,320,false,false,3465,256,block,coal,minecraft:coal_ore,128,144,0,0.000000000
20260903-vanilla-repeat-vanilla-reference-miny-m64-seed-0,vanilla-reference,0,-64,320,false,false,3465,256,block,coal,minecraft:deepslate_coal_ore,128,144,0,0.000000000
20260903-vanilla-repeat-vanilla-reference-miny-m64-seed-0,vanilla-reference,0,-64,320,false,false,3465,256,family,coal,,144,160,0,0.000000000
20260903-vanilla-repeat-vanilla-reference-miny-m64-seed-0,vanilla-reference,0,-64,320,false,false,3465,256,block,coal,minecraft:coal_ore,144,160,0,0.000000000
20260903-vanilla-repeat-vanilla-reference-miny-m64-seed-0,vanilla-reference,0,-64,320,false,false,3465,256,block,coal,minecraft:deepslate_coal_ore,144,160,0,0.000000000
20260903-vanilla-repeat-vanilla-reference-miny-m64-seed-0,vanilla-reference,0,-64,320,false,false,3465,256,family,coal,,160,176,0,0.000000000
20260903-vanilla-repeat-vanilla-reference-miny-m64-seed-0,vanilla-reference,0,-64,320,false,false,3465,256,block,coal,minecraft:coal_ore,160,176,0,0.000000000
20260903-vanilla-repeat-vanilla-reference-miny-m64-seed-0,vanilla-reference,0,-64,320,false,false,3465,256,block,coal,minecraft:deepslate_coal_ore,160,176,0,0.000000000
20260903-vanilla-repeat-vanilla-reference-miny-m64-seed-0,vanilla-reference,0,-64,320,false,false,3465,256,family,coal,,176,192,0,0.000000000
20260903-vanilla-repeat-vanilla-reference-miny-m64-seed-0,vanilla-reference,0,-64,320,false,false,3465,256,block,coal,minecraft:coal_ore,176,192,0,0.000000000
20260903-vanilla-repeat-vanilla-reference-miny-m64-seed-0,vanilla-reference,0,-64,320,false,false,3465,256,block,coal,minecraft:deepslate_coal_ore,176,192,0,0.000000000
20260903-vanilla-repeat-vanilla-reference-miny-m64-seed-0,vanilla-reference,0,-64,320,false,false,3465,256,family,coal,,192,208,0,0.000000000
20260903-vanilla-repeat-vanilla-reference-miny-m64-seed-0,vanilla-reference,0,-64,320,false,false,3465,256,block,coal,minecraft:coal_ore,192,208,0,0.000000000
20260903-vanilla-repeat-vanilla-reference-miny-m64-seed-0,vanilla-reference,0,-64,320,false,false,3465,256,block,coal,minecraft:deepslate_coal_ore,192,208,0,0.000000000
20260903-vanilla-repeat-vanilla-reference-miny-m64-seed-0,vanilla-reference,0,-64,320,false,false,3465,256,family,coal,,208,224,0,0.000000000
20260903-vanilla-repeat-vanilla-reference-miny-m64-seed-0,vanilla-reference,0,-64,320,false,false,3465,256,block,coal,minecraft:coal_ore,208,224,0,0.000000000
20260903-vanilla-repeat-vanilla-reference-miny-m64-seed-0,vanilla-reference,0,-64,320,false,false,3465,256,block,coal,minecraft:deepslate_coal_ore,208,224,0,0.000000000
20260903-vanilla-repeat-vanilla-reference-miny-m64-seed-0,vanilla-reference,0,-64,320,false,false,3465,256,family,coal,,224,240,0,0.000000000
20260903-vanilla-repeat-vanilla-reference-miny-m64-seed-0,vanilla-reference,0,-64,320,false,false,3465,256,block,coal,minecraft:coal_ore,224,240,0,0.000000000
20260903-vanilla-repeat-vanilla-reference-miny-m64-seed-0,vanilla-reference,0,-64,320,false,false,3465,256,block,coal,minecraft:deepslate_coal_ore,224,240,0,0.000000000
20260903-vanilla-repeat-vanilla-reference-miny-m64-seed-0,vanilla-reference,0,-64,320,false,false,3465,256,family,coal,,240,256,0,0.000000000
20260903-vanilla-repeat-vanilla-reference-miny-m64-seed-0,vanilla-reference,0,-64,320,false,false,3465,256,block,coal,minecraft:coal_ore,240,256,0,0.000000000
20260903-vanilla-repeat-vanilla-reference-miny-m64-seed-0,vanilla-reference,0,-64,320,false,false,3465,256,block,coal,minecraft:deepslate_coal_ore,240,256,0,0.000000000
20260903-vanilla-repeat-vanilla-reference-miny-m64-seed-0,vanilla-reference,0,-64,320,false,false,3465,256,family,coal,,256,272,0,0.000000000
20260903-vanilla-repeat-vanilla-reference-miny-m64-seed-0,vanilla-reference,0,-64,320,false,false,3465,256,block,coal,minecraft:coal_ore,256,272,0,0.000000000
20260903-vanilla-repeat-vanilla-reference-miny-m64-seed-0,vanilla-reference,0,-64,320,false,false,3465,256,block,coal,minecraft:deepslate_coal_ore,256,272,0,0.000000000
20260903-vanilla-repeat-vanilla-reference-miny-m64-seed-0,vanilla-reference,0,-64,320,false,false,3465,256,family,coal,,272,288,0,0.000000000
20260903-vanilla-repeat-vanilla-reference-miny-m64-seed-0,vanilla-reference,0,-64,320,false,false,3465,256,block,coal,minecraft:coal_ore,272,288,0,0.000000000
20260903-vanilla-repeat-vanilla-reference-miny-m64-seed-0,vanilla-reference,0,-64,320,false,false,3465,256,block,coal,minecraft:deepslate_coal_ore,272,288,0,0.000000000
20260903-vanilla-repeat-vanilla-reference-miny-m64-seed-0,vanilla-reference,0,-64,320,false,false,3465,256,family,coal,,288,304,0,0.000000000
20260903-vanilla-repeat-vanilla-reference-miny-m64-seed-0,vanilla-reference,0,-64,320,false,false,3465,256,block,coal,minecraft:coal_ore,288,304,0,0.000000000
20260903-vanilla-repeat-vanilla-reference-miny-m64-seed-0,vanilla-reference,0,-64,320,false,false,3465,256,block,coal,minecraft:deepslate_coal_ore,288,304,0,0.000000000
20260903-vanilla-repeat-vanilla-reference-miny-m64-seed-0,vanilla-reference,0,-64,320,false,false,3465,256,family,coal,,304,320,0,0.000000000
20260903-vanilla-repeat-vanilla-reference-miny-m64-seed-0,vanilla-reference,0,-64,320,false,false,3465,256,block,coal,minecraft:coal_ore,304,320,0,0.000000000
20260903-vanilla-repeat-vanilla-reference-miny-m64-seed-0,vanilla-reference,0,-64,320,false,false,3465,256,block,coal,minecraft:deepslate_coal_ore,304,320,0,0.000000000
20260903-vanilla-repeat-vanilla-reference-miny-m64-seed-0,vanilla-reference,0,-64,320,false,false,3465,256,family,iron,,-64,-48,1187,4.636718750
20260903-vanilla-repeat-vanilla-reference-miny-m64-seed-0,vanilla-reference,0,-64,320,false,false,3465,256,block,iron,minecraft:iron_ore,-64,-48,0,0.000000000
20260903-vanilla-repeat-vanilla-reference-miny-m64-seed-0,vanilla-reference,0,-64,320,false,false,3465,256,block,iron,minecraft:deepslate_iron_ore,-64,-48,1187,4.636718750
20260903-vanilla-repeat-vanilla-reference-miny-m64-seed-0,vanilla-reference,0,-64,320,false,false,3465,256,family,iron,,-48,-32,1657,6.472656250
20260903-vanilla-repeat-vanilla-reference-miny-m64-seed-0,vanilla-reference,0,-64,320,false,false,3465,256,block,iron,minecraft:iron_ore,-48,-32,0,0.000000000
20260903-vanilla-repeat-vanilla-reference-miny-m64-seed-0,vanilla-reference,0,-64,320,false,false,3465,256,block,iron,minecraft:deepslate_iron_ore,-48,-32,1657,6.472656250
20260903-vanilla-repeat-vanilla-reference-miny-m64-seed-0,vanilla-reference,0,-64,320,false,false,3465,256,family,iron,,-32,-16,1521,5.941406250
20260903-vanilla-repeat-vanilla-reference-miny-m64-seed-0,vanilla-reference,0,-64,320,false,false,3465,256,block,iron,minecraft:iron_ore,-32,-16,0,0.000000000
20260903-vanilla-repeat-vanilla-reference-miny-m64-seed-0,vanilla-reference,0,-64,320,false,false,3465,256,block,iron,minecraft:deepslate_iron_ore,-32,-16,1521,5.941406250
20260903-vanilla-repeat-vanilla-reference-miny-m64-seed-0,vanilla-reference,0,-64,320,false,false,3465,256,family,iron,,-16,0,2827,11.042968750
20260903-vanilla-repeat-vanilla-reference-miny-m64-seed-0,vanilla-reference,0,-64,320,false,false,3465,256,block,iron,minecraft:iron_ore,-16,0,86,0.335937500
20260903-vanilla-repeat-vanilla-reference-miny-m64-seed-0,vanilla-reference,0,-64,320,false,false,3465,256,block,iron,minecraft:deepslate_iron_ore,-16,0,2741,10.707031250
20260903-vanilla-repeat-vanilla-reference-miny-m64-seed-0,vanilla-reference,0,-64,320,false,false,3465,256,family,iron,,0,16,4836,18.890625000
20260903-vanilla-repeat-vanilla-reference-miny-m64-seed-0,vanilla-reference,0,-64,320,false,false,3465,256,block,iron,minecraft:iron_ore,0,16,3865,15.097656250
20260903-vanilla-repeat-vanilla-reference-miny-m64-seed-0,vanilla-reference,0,-64,320,false,false,3465,256,block,iron,minecraft:deepslate_iron_ore,0,16,971,3.792968750
20260903-vanilla-repeat-vanilla-reference-miny-m64-seed-0,vanilla-reference,0,-64,320,false,false,3465,256,family,iron,,16,32,4757,18.582031250
20260903-vanilla-repeat-vanilla-reference-miny-m64-seed-0,vanilla-reference,0,-64,320,false,false,3465,256,block,iron,minecraft:iron_ore,16,32,4757,18.582031250
20260903-vanilla-repeat-vanilla-reference-miny-m64-seed-0,vanilla-reference,0,-64,320,false,false,3465,256,block,iron,minecraft:deepslate_iron_ore,16,32,0,0.000000000
20260903-vanilla-repeat-vanilla-reference-miny-m64-seed-0,vanilla-reference,0,-64,320,false,false,3465,256,family,iron,,32,48,2966,11.585937500
20260903-vanilla-repeat-vanilla-reference-miny-m64-seed-0,vanilla-reference,0,-64,320,false,false,3465,256,block,iron,minecraft:iron_ore,32,48,2966,11.585937500
20260903-vanilla-repeat-vanilla-reference-miny-m64-seed-0,vanilla-reference,0,-64,320,false,false,3465,256,block,iron,minecraft:deepslate_iron_ore,32,48,0,0.000000000
20260903-vanilla-repeat-vanilla-reference-miny-m64-seed-0,vanilla-reference,0,-64,320,false,false,3465,256,family,iron,,48,64,780,3.046875000
20260903-vanilla-repeat-vanilla-reference-miny-m64-seed-0,vanilla-reference,0,-64,320,false,false,3465,256,block,iron,minecraft:iron_ore,48,64,780,3.046875000
20260903-vanilla-repeat-vanilla-reference-miny-m64-seed-0,vanilla-reference,0,-64,320,false,false,3465,256,block,iron,minecraft:deepslate_iron_ore,48,64,0,0.000000000
20260903-vanilla-repeat-vanilla-reference-miny-m64-seed-0,vanilla-reference,0,-64,320,false,false,3465,256,family,iron,,64,80,153,0.597656250
20260903-vanilla-repeat-vanilla-reference-miny-m64-seed-0,vanilla-reference,0,-64,320,false,false,3465,256,block,iron,minecraft:iron_ore,64,80,153,0.597656250
20260903-vanilla-repeat-vanilla-reference-miny-m64-seed-0,vanilla-reference,0,-64,320,false,false,3465,256,block,iron,minecraft:deepslate_iron_ore,64,80,0,0.000000000
20260903-vanilla-repeat-vanilla-reference-miny-m64-seed-0,vanilla-reference,0,-64,320,false,false,3465,256,family,iron,,80,96,71,0.277343750
20260903-vanilla-repeat-vanilla-reference-miny-m64-seed-0,vanilla-reference,0,-64,320,false,false,3465,256,block,iron,minecraft:iron_ore,80,96,71,0.277343750
20260903-vanilla-repeat-vanilla-reference-miny-m64-seed-0,vanilla-reference,0,-64,320,false,false,3465,256,block,iron,minecraft:deepslate_iron_ore,80,96,0,0.000000000
20260903-vanilla-repeat-vanilla-reference-miny-m64-seed-0,vanilla-reference,0,-64,320,false,false,3465,256,family,iron,,96,112,107,0.417968750
20260903-vanilla-repeat-vanilla-reference-miny-m64-seed-0,vanilla-reference,0,-64,320,false,false,3465,256,block,iron,minecraft:iron_ore,96,112,107,0.417968750
20260903-vanilla-repeat-vanilla-reference-miny-m64-seed-0,vanilla-reference,0,-64,320,false,false,3465,256,block,iron,minecraft:deepslate_iron_ore,96,112,0,0.000000000
20260903-vanilla-repeat-vanilla-reference-miny-m64-seed-0,vanilla-reference,0,-64,320,false,false,3465,256,family,iron,,112,128,0,0.000000000
20260903-vanilla-repeat-vanilla-reference-miny-m64-seed-0,vanilla-reference,0,-64,320,false,false,3465,256,block,iron,minecraft:iron_ore,112,128,0,0.000000000
20260903-vanilla-repeat-vanilla-reference-miny-m64-seed-0,vanilla-reference,0,-64,320,false,false,3465,256,block,iron,minecraft:deepslate_iron_ore,112,128,0,0.000000000
20260903-vanilla-repeat-vanilla-reference-miny-m64-seed-0,vanilla-reference,0,-64,320,false,false,3465,256,family,iron,,128,144,0,0.000000000
20260903-vanilla-repeat-vanilla-reference-miny-m64-seed-0,vanilla-reference,0,-64,320,false,false,3465,256,block,iron,minecraft:iron_ore,128,144,0,0.000000000
20260903-vanilla-repeat-vanilla-reference-miny-m64-seed-0,vanilla-reference,0,-64,320,false,false,3465,256,block,iron,minecraft:deepslate_iron_ore,128,144,0,0.000000000
20260903-vanilla-repeat-vanilla-reference-miny-m64-seed-0,vanilla-reference,0,-64,320,false,false,3465,256,family,iron,,144,160,0,0.000000000
20260903-vanilla-repeat-vanilla-reference-miny-m64-seed-0,vanilla-reference,0,-64,320,false,false,3465,256,block,iron,minecraft:iron_ore,144,160,0,0.000000000
20260903-vanilla-repeat-vanilla-reference-miny-m64-seed-0,vanilla-reference,0,-64,320,false,false,3465,256,block,iron,minecraft:deepslate_iron_ore,144,160,0,0.000000000
20260903-vanilla-repeat-vanilla-reference-miny-m64-seed-0,vanilla-reference,0,-64,320,false,false,3465,256,family,iron,,160,176,0,0.000000000
20260903-vanilla-repeat-vanilla-reference-miny-m64-seed-0,vanilla-reference,0,-64,320,false,false,3465,256,block,iron,minecraft:iron_ore,160,176,0,0.000000000
20260903-vanilla-repeat-vanilla-reference-miny-m64-seed-0,vanilla-reference,0,-64,320,false,false,3465,256,block,iron,minecraft:deepslate_iron_ore,160,176,0,0.000000000
20260903-vanilla-repeat-vanilla-reference-miny-m64-seed-0,vanilla-reference,0,-64,320,false,false,3465,256,family,iron,,176,192,0,0.000000000
20260903-vanilla-repeat-vanilla-reference-miny-m64-seed-0,vanilla-reference,0,-64,320,false,false,3465,256,block,iron,minecraft:iron_ore,176,192,0,0.000000000
20260903-vanilla-repeat-vanilla-reference-miny-m64-seed-0,vanilla-reference,0,-64,320,false,false,3465,256,block,iron,minecraft:deepslate_iron_ore,176,192,0,0.000000000
20260903-vanilla-repeat-vanilla-reference-miny-m64-seed-0,vanilla-reference,0,-64,320,false,false,3465,256,family,iron,,192,208,0,0.000000000
20260903-vanilla-repeat-vanilla-reference-miny-m64-seed-0,vanilla-reference,0,-64,320,false,false,3465,256,block,iron,minecraft:iron_ore,192,208,0,0.000000000
20260903-vanilla-repeat-vanilla-reference-miny-m64-seed-0,vanilla-reference,0,-64,320,false,false,3465,256,block,iron,minecraft:deepslate_iron_ore,192,208,0,0.000000000
20260903-vanilla-repeat-vanilla-reference-miny-m64-seed-0,vanilla-reference,0,-64,320,false,false,3465,256,family,iron,,208,224,0,0.000000000
20260903-vanilla-repeat-vanilla-reference-miny-m64-seed-0,vanilla-reference,0,-64,320,false,false,3465,256,block,iron,minecraft:iron_ore,208,224,0,0.000000000
20260903-vanilla-repeat-vanilla-reference-miny-m64-seed-0,vanilla-reference,0,-64,320,false,false,3465,256,block,iron,minecraft:deepslate_iron_ore,208,224,0,0.000000000
20260903-vanilla-repeat-vanilla-reference-miny-m64-seed-0,vanilla-reference,0,-64,320,false,false,3465,256,family,iron,,224,240,0,0.000000000
20260903-vanilla-repeat-vanilla-reference-miny-m64-seed-0,vanilla-reference,0,-64,320,false,false,3465,256,block,iron,minecraft:iron_ore,224,240,0,0.000000000
20260903-vanilla-repeat-vanilla-reference-miny-m64-seed-0,vanilla-reference,0,-64,320,false,false,3465,256,block,iron,minecraft:deepslate_iron_ore,224,240,0,0.000000000
20260903-vanilla-repeat-vanilla-reference-miny-m64-seed-0,vanilla-reference,0,-64,320,false,false,3465,256,family,iron,,240,256,0,0.000000000
20260903-vanilla-repeat-vanilla-reference-miny-m64-seed-0,vanilla-reference,0,-64,320,false,false,3465,256,block,iron,minecraft:iron_ore,240,256,0,0.000000000
20260903-vanilla-repeat-vanilla-reference-miny-m64-seed-0,vanilla-reference,0,-64,320,false,false,3465,256,block,iron,minecraft:deepslate_iron_ore,240,256,0,0.000000000
20260903-vanilla-repeat-vanilla-reference-miny-m64-seed-0,vanilla-reference,0,-64,320,false,false,3465,256,family,iron,,256,272,0,0.000000000
20260903-vanilla-repeat-vanilla-reference-miny-m64-seed-0,vanilla-reference,0,-64,320,false,false,3465,256,block,iron,minecraft:iron_ore,256,272,0,0.000000000
20260903-vanilla-repeat-vanilla-reference-miny-m64-seed-0,vanilla-reference,0,-64,320,false,false,3465,256,block,iron,minecraft:deepslate_iron_ore,256,272,0,0.000000000
20260903-vanilla-repeat-vanilla-reference-miny-m64-seed-0,vanilla-reference,0,-64,320,false,false,3465,256,family,iron,,272,288,0,0.000000000
20260903-vanilla-repeat-vanilla-reference-miny-m64-seed-0,vanilla-reference,0,-64,320,false,false,3465,256,block,iron,minecraft:iron_ore,272,288,0,0.000000000
20260903-vanilla-repeat-vanilla-reference-miny-m64-seed-0,vanilla-reference,0,-64,320,false,false,3465,256,block,iron,minecraft:deepslate_iron_ore,272,288,0,0.000000000
20260903-vanilla-repeat-vanilla-reference-miny-m64-seed-0,vanilla-reference,0,-64,320,false,false,3465,256,family,iron,,288,304,0,0.000000000
20260903-vanilla-repeat-vanilla-reference-miny-m64-seed-0,vanilla-reference,0,-64,320,false,false,3465,256,block,iron,minecraft:iron_ore,288,304,0,0.000000000
20260903-vanilla-repeat-vanilla-reference-miny-m64-seed-0,vanilla-reference,0,-64,320,false,false,3465,256,block,iron,minecraft:deepslate_iron_ore,288,304,0,0.000000000
20260903-vanilla-repeat-vanilla-reference-miny-m64-seed-0,vanilla-reference,0,-64,320,false,false,3465,256,family,iron,,304,320,0,0.000000000
20260903-vanilla-repeat-vanilla-reference-miny-m64-seed-0,vanilla-reference,0,-64,320,false,false,3465,256,block,iron,minecraft:iron_ore,304,320,0,0.000000000
20260903-vanilla-repeat-vanilla-reference-miny-m64-seed-0,vanilla-reference,0,-64,320,false,false,3465,256,block,iron,minecraft:deepslate_iron_ore,304,320,0,0.000000000
20260903-vanilla-repeat-vanilla-reference-miny-m64-seed-0,vanilla-reference,0,-64,320,false,false,3465,256,family,copper,,-64,-48,0,0.000000000
20260903-vanilla-repeat-vanilla-reference-miny-m64-seed-0,vanilla-reference,0,-64,320,false,false,3465,256,block,copper,minecraft:copper_ore,-64,-48,0,0.000000000
20260903-vanilla-repeat-vanilla-reference-miny-m64-seed-0,vanilla-reference,0,-64,320,false,false,3465,256,block,copper,minecraft:deepslate_copper_ore,-64,-48,0,0.000000000
20260903-vanilla-repeat-vanilla-reference-miny-m64-seed-0,vanilla-reference,0,-64,320,false,false,3465,256,family,copper,,-48,-32,0,0.000000000
20260903-vanilla-repeat-vanilla-reference-miny-m64-seed-0,vanilla-reference,0,-64,320,false,false,3465,256,block,copper,minecraft:copper_ore,-48,-32,0,0.000000000
20260903-vanilla-repeat-vanilla-reference-miny-m64-seed-0,vanilla-reference,0,-64,320,false,false,3465,256,block,copper,minecraft:deepslate_copper_ore,-48,-32,0,0.000000000
20260903-vanilla-repeat-vanilla-reference-miny-m64-seed-0,vanilla-reference,0,-64,320,false,false,3465,256,family,copper,,-32,-16,12,0.046875000
20260903-vanilla-repeat-vanilla-reference-miny-m64-seed-0,vanilla-reference,0,-64,320,false,false,3465,256,block,copper,minecraft:copper_ore,-32,-16,0,0.000000000
20260903-vanilla-repeat-vanilla-reference-miny-m64-seed-0,vanilla-reference,0,-64,320,false,false,3465,256,block,copper,minecraft:deepslate_copper_ore,-32,-16,12,0.046875000
20260903-vanilla-repeat-vanilla-reference-miny-m64-seed-0,vanilla-reference,0,-64,320,false,false,3465,256,family,copper,,-16,0,1086,4.242187500
20260903-vanilla-repeat-vanilla-reference-miny-m64-seed-0,vanilla-reference,0,-64,320,false,false,3465,256,block,copper,minecraft:copper_ore,-16,0,39,0.152343750
20260903-vanilla-repeat-vanilla-reference-miny-m64-seed-0,vanilla-reference,0,-64,320,false,false,3465,256,block,copper,minecraft:deepslate_copper_ore,-16,0,1047,4.089843750
20260903-vanilla-repeat-vanilla-reference-miny-m64-seed-0,vanilla-reference,0,-64,320,false,false,3465,256,family,copper,,0,16,2743,10.714843750
20260903-vanilla-repeat-vanilla-reference-miny-m64-seed-0,vanilla-reference,0,-64,320,false,false,3465,256,block,copper,minecraft:copper_ore,0,16,2351,9.183593750
20260903-vanilla-repeat-vanilla-reference-miny-m64-seed-0,vanilla-reference,0,-64,320,false,false,3465,256,block,copper,minecraft:deepslate_copper_ore,0,16,392,1.531250000
20260903-vanilla-repeat-vanilla-reference-miny-m64-seed-0,vanilla-reference,0,-64,320,false,false,3465,256,family,copper,,16,32,5035,19.667968750
20260903-vanilla-repeat-vanilla-reference-miny-m64-seed-0,vanilla-reference,0,-64,320,false,false,3465,256,block,copper,minecraft:copper_ore,16,32,5035,19.667968750
20260903-vanilla-repeat-vanilla-reference-miny-m64-seed-0,vanilla-reference,0,-64,320,false,false,3465,256,block,copper,minecraft:deepslate_copper_ore,16,32,0,0.000000000
20260903-vanilla-repeat-vanilla-reference-miny-m64-seed-0,vanilla-reference,0,-64,320,false,false,3465,256,family,copper,,32,48,7396,28.890625000
20260903-vanilla-repeat-vanilla-reference-miny-m64-seed-0,vanilla-reference,0,-64,320,false,false,3465,256,block,copper,minecraft:copper_ore,32,48,7396,28.890625000
20260903-vanilla-repeat-vanilla-reference-miny-m64-seed-0,vanilla-reference,0,-64,320,false,false,3465,256,block,copper,minecraft:deepslate_copper_ore,32,48,0,0.000000000
20260903-vanilla-repeat-vanilla-reference-miny-m64-seed-0,vanilla-reference,0,-64,320,false,false,3465,256,family,copper,,48,64,5719,22.339843750
20260903-vanilla-repeat-vanilla-reference-miny-m64-seed-0,vanilla-reference,0,-64,320,false,false,3465,256,block,copper,minecraft:copper_ore,48,64,5719,22.339843750
20260903-vanilla-repeat-vanilla-reference-miny-m64-seed-0,vanilla-reference,0,-64,320,false,false,3465,256,block,copper,minecraft:deepslate_copper_ore,48,64,0,0.000000000
20260903-vanilla-repeat-vanilla-reference-miny-m64-seed-0,vanilla-reference,0,-64,320,false,false,3465,256,family,copper,,64,80,1994,7.789062500
20260903-vanilla-repeat-vanilla-reference-miny-m64-seed-0,vanilla-reference,0,-64,320,false,false,3465,256,block,copper,minecraft:copper_ore,64,80,1994,7.789062500
20260903-vanilla-repeat-vanilla-reference-miny-m64-seed-0,vanilla-reference,0,-64,320,false,false,3465,256,block,copper,minecraft:deepslate_copper_ore,64,80,0,0.000000000
20260903-vanilla-repeat-vanilla-reference-miny-m64-seed-0,vanilla-reference,0,-64,320,false,false,3465,256,family,copper,,80,96,329,1.285156250
20260903-vanilla-repeat-vanilla-reference-miny-m64-seed-0,vanilla-reference,0,-64,320,false,false,3465,256,block,copper,minecraft:copper_ore,80,96,329,1.285156250
20260903-vanilla-repeat-vanilla-reference-miny-m64-seed-0,vanilla-reference,0,-64,320,false,false,3465,256,block,copper,minecraft:deepslate_copper_ore,80,96,0,0.000000000
20260903-vanilla-repeat-vanilla-reference-miny-m64-seed-0,vanilla-reference,0,-64,320,false,false,3465,256,family,copper,,96,112,62,0.242187500
20260903-vanilla-repeat-vanilla-reference-miny-m64-seed-0,vanilla-reference,0,-64,320,false,false,3465,256,block,copper,minecraft:copper_ore,96,112,62,0.242187500
20260903-vanilla-repeat-vanilla-reference-miny-m64-seed-0,vanilla-reference,0,-64,320,false,false,3465,256,block,copper,minecraft:deepslate_copper_ore,96,112,0,0.000000000
20260903-vanilla-repeat-vanilla-reference-miny-m64-seed-0,vanilla-reference,0,-64,320,false,false,3465,256,family,copper,,112,128,0,0.000000000
20260903-vanilla-repeat-vanilla-reference-miny-m64-seed-0,vanilla-reference,0,-64,320,false,false,3465,256,block,copper,minecraft:copper_ore,112,128,0,0.000000000
20260903-vanilla-repeat-vanilla-reference-miny-m64-seed-0,vanilla-reference,0,-64,320,false,false,3465,256,block,copper,minecraft:deepslate_copper_ore,112,128,0,0.000000000
20260903-vanilla-repeat-vanilla-reference-miny-m64-seed-0,vanilla-reference,0,-64,320,false,false,3465,256,family,copper,,128,144,0,0.000000000
20260903-vanilla-repeat-vanilla-reference-miny-m64-seed-0,vanilla-reference,0,-64,320,false,false,3465,256,block,copper,minecraft:copper_ore,128,144,0,0.000000000
20260903-vanilla-repeat-vanilla-reference-miny-m64-seed-0,vanilla-reference,0,-64,320,false,false,3465,256,block,copper,minecraft:deepslate_copper_ore,128,144,0,0.000000000
20260903-vanilla-repeat-vanilla-reference-miny-m64-seed-0,vanilla-reference,0,-64,320,false,false,3465,256,family,copper,,144,160,0,0.000000000
20260903-vanilla-repeat-vanilla-reference-miny-m64-seed-0,vanilla-reference,0,-64,320,false,false,3465,256,block,copper,minecraft:copper_ore,144,160,0,0.000000000
20260903-vanilla-repeat-vanilla-reference-miny-m64-seed-0,vanilla-reference,0,-64,320,false,false,3465,256,block,copper,minecraft:deepslate_copper_ore,144,160,0,0.000000000
20260903-vanilla-repeat-vanilla-reference-miny-m64-seed-0,vanilla-reference,0,-64,320,false,false,3465,256,family,copper,,160,176,0,0.000000000
20260903-vanilla-repeat-vanilla-reference-miny-m64-seed-0,vanilla-reference,0,-64,320,false,false,3465,256,block,copper,minecraft:copper_ore,160,176,0,0.000000000
20260903-vanilla-repeat-vanilla-reference-miny-m64-seed-0,vanilla-reference,0,-64,320,false,false,3465,256,block,copper,minecraft:deepslate_copper_ore,160,176,0,0.000000000
20260903-vanilla-repeat-vanilla-reference-miny-m64-seed-0,vanilla-reference,0,-64,320,false,false,3465,256,family,copper,,176,192,0,0.000000000
20260903-vanilla-repeat-vanilla-reference-miny-m64-seed-0,vanilla-reference,0,-64,320,false,false,3465,256,block,copper,minecraft:copper_ore,176,192,0,0.000000000
20260903-vanilla-repeat-vanilla-reference-miny-m64-seed-0,vanilla-reference,0,-64,320,false,false,3465,256,block,copper,minecraft:deepslate_copper_ore,176,192,0,0.000000000
20260903-vanilla-repeat-vanilla-reference-miny-m64-seed-0,vanilla-reference,0,-64,320,false,false,3465,256,family,copper,,192,208,0,0.000000000
20260903-vanilla-repeat-vanilla-reference-miny-m64-seed-0,vanilla-reference,0,-64,320,false,false,3465,256,block,copper,minecraft:copper_ore,192,208,0,0.000000000
20260903-vanilla-repeat-vanilla-reference-miny-m64-seed-0,vanilla-reference,0,-64,320,false,false,3465,256,block,copper,minecraft:deepslate_copper_ore,192,208,0,0.000000000
20260903-vanilla-repeat-vanilla-reference-miny-m64-seed-0,vanilla-reference,0,-64,320,false,false,3465,256,family,copper,,208,224,0,0.000000000
20260903-vanilla-repeat-vanilla-reference-miny-m64-seed-0,vanilla-reference,0,-64,320,false,false,3465,256,block,copper,minecraft:copper_ore,208,224,0,0.000000000
20260903-vanilla-repeat-vanilla-reference-miny-m64-seed-0,vanilla-reference,0,-64,320,false,false,3465,256,block,copper,minecraft:deepslate_copper_ore,208,224,0,0.000000000
20260903-vanilla-repeat-vanilla-reference-miny-m64-seed-0,vanilla-reference,0,-64,320,false,false,3465,256,family,copper,,224,240,0,0.000000000
20260903-vanilla-repeat-vanilla-reference-miny-m64-seed-0,vanilla-reference,0,-64,320,false,false,3465,256,block,copper,minecraft:copper_ore,224,240,0,0.000000000
20260903-vanilla-repeat-vanilla-reference-miny-m64-seed-0,vanilla-reference,0,-64,320,false,false,3465,256,block,copper,minecraft:deepslate_copper_ore,224,240,0,0.000000000
20260903-vanilla-repeat-vanilla-reference-miny-m64-seed-0,vanilla-reference,0,-64,320,false,false,3465,256,family,copper,,240,256,0,0.000000000
20260903-vanilla-repeat-vanilla-reference-miny-m64-seed-0,vanilla-reference,0,-64,320,false,false,3465,256,block,copper,minecraft:copper_ore,240,256,0,0.000000000
20260903-vanilla-repeat-vanilla-reference-miny-m64-seed-0,vanilla-reference,0,-64,320,false,false,3465,256,block,copper,minecraft:deepslate_copper_ore,240,256,0,0.000000000
20260903-vanilla-repeat-vanilla-reference-miny-m64-seed-0,vanilla-reference,0,-64,320,false,false,3465,256,family,copper,,256,272,0,0.000000000
20260903-vanilla-repeat-vanilla-reference-miny-m64-seed-0,vanilla-reference,0,-64,320,false,false,3465,256,block,copper,minecraft:copper_ore,256,272,0,0.000000000
20260903-vanilla-repeat-vanilla-reference-miny-m64-seed-0,vanilla-reference,0,-64,320,false,false,3465,256,block,copper,minecraft:deepslate_copper_ore,256,272,0,0.000000000
20260903-vanilla-repeat-vanilla-reference-miny-m64-seed-0,vanilla-reference,0,-64,320,false,false,3465,256,family,copper,,272,288,0,0.000000000
20260903-vanilla-repeat-vanilla-reference-miny-m64-seed-0,vanilla-reference,0,-64,320,false,false,3465,256,block,copper,minecraft:copper_ore,272,288,0,0.000000000
20260903-vanilla-repeat-vanilla-reference-miny-m64-seed-0,vanilla-reference,0,-64,320,false,false,3465,256,block,copper,minecraft:deepslate_copper_ore,272,288,0,0.000000000
20260903-vanilla-repeat-vanilla-reference-miny-m64-seed-0,vanilla-reference,0,-64,320,false,false,3465,256,family,copper,,288,304,0,0.000000000
20260903-vanilla-repeat-vanilla-reference-miny-m64-seed-0,vanilla-reference,0,-64,320,false,false,3465,256,block,copper,minecraft:copper_ore,288,304,0,0.000000000
20260903-vanilla-repeat-vanilla-reference-miny-m64-seed-0,vanilla-reference,0,-64,320,false,false,3465,256,block,copper,minecraft:deepslate_copper_ore,288,304,0,0.000000000
20260903-vanilla-repeat-vanilla-reference-miny-m64-seed-0,vanilla-reference,0,-64,320,false,false,3465,256,family,copper,,304,320,0,0.000000000
20260903-vanilla-repeat-vanilla-reference-miny-m64-seed-0,vanilla-reference,0,-64,320,false,false,3465,256,block,copper,minecraft:copper_ore,304,320,0,0.000000000
20260903-vanilla-repeat-vanilla-reference-miny-m64-seed-0,vanilla-reference,0,-64,320,false,false,3465,256,block,copper,minecraft:deepslate_copper_ore,304,320,0,0.000000000
20260903-vanilla-repeat-vanilla-reference-miny-m64-seed-0,vanilla-reference,0,-64,320,false,false,3465,256,family,gold,,-64,-48,974,3.804687500
20260903-vanilla-repeat-vanilla-reference-miny-m64-seed-0,vanilla-reference,0,-64,320,false,false,3465,256,block,gold,minecraft:gold_ore,-64,-48,0,0.000000000
20260903-vanilla-repeat-vanilla-reference-miny-m64-seed-0,vanilla-reference,0,-64,320,false,false,3465,256,block,gold,minecraft:deepslate_gold_ore,-64,-48,974,3.804687500
20260903-vanilla-repeat-vanilla-reference-miny-m64-seed-0,vanilla-reference,0,-64,320,false,false,3465,256,family,gold,,-48,-32,907,3.542968750
20260903-vanilla-repeat-vanilla-reference-miny-m64-seed-0,vanilla-reference,0,-64,320,false,false,3465,256,block,gold,minecraft:gold_ore,-48,-32,0,0.000000000
20260903-vanilla-repeat-vanilla-reference-miny-m64-seed-0,vanilla-reference,0,-64,320,false,false,3465,256,block,gold,minecraft:deepslate_gold_ore,-48,-32,907,3.542968750
20260903-vanilla-repeat-vanilla-reference-miny-m64-seed-0,vanilla-reference,0,-64,320,false,false,3465,256,family,gold,,-32,-16,1575,6.152343750
20260903-vanilla-repeat-vanilla-reference-miny-m64-seed-0,vanilla-reference,0,-64,320,false,false,3465,256,block,gold,minecraft:gold_ore,-32,-16,0,0.000000000
20260903-vanilla-repeat-vanilla-reference-miny-m64-seed-0,vanilla-reference,0,-64,320,false,false,3465,256,block,gold,minecraft:deepslate_gold_ore,-32,-16,1575,6.152343750
20260903-vanilla-repeat-vanilla-reference-miny-m64-seed-0,vanilla-reference,0,-64,320,false,false,3465,256,family,gold,,-16,0,1416,5.531250000
20260903-vanilla-repeat-vanilla-reference-miny-m64-seed-0,vanilla-reference,0,-64,320,false,false,3465,256,block,gold,minecraft:gold_ore,-16,0,16,0.062500000
20260903-vanilla-repeat-vanilla-reference-miny-m64-seed-0,vanilla-reference,0,-64,320,false,false,3465,256,block,gold,minecraft:deepslate_gold_ore,-16,0,1400,5.468750000
20260903-vanilla-repeat-vanilla-reference-miny-m64-seed-0,vanilla-reference,0,-64,320,false,false,3465,256,family,gold,,0,16,822,3.210937500
20260903-vanilla-repeat-vanilla-reference-miny-m64-seed-0,vanilla-reference,0,-64,320,false,false,3465,256,block,gold,minecraft:gold_ore,0,16,611,2.386718750
20260903-vanilla-repeat-vanilla-reference-miny-m64-seed-0,vanilla-reference,0,-64,320,false,false,3465,256,block,gold,minecraft:deepslate_gold_ore,0,16,211,0.824218750
20260903-vanilla-repeat-vanilla-reference-miny-m64-seed-0,vanilla-reference,0,-64,320,false,false,3465,256,family,gold,,16,32,323,1.261718750
20260903-vanilla-repeat-vanilla-reference-miny-m64-seed-0,vanilla-reference,0,-64,320,false,false,3465,256,block,gold,minecraft:gold_ore,16,32,323,1.261718750
20260903-vanilla-repeat-vanilla-reference-miny-m64-seed-0,vanilla-reference,0,-64,320,false,false,3465,256,block,gold,minecraft:deepslate_gold_ore,16,32,0,0.000000000
20260903-vanilla-repeat-vanilla-reference-miny-m64-seed-0,vanilla-reference,0,-64,320,false,false,3465,256,family,gold,,32,48,0,0.000000000
20260903-vanilla-repeat-vanilla-reference-miny-m64-seed-0,vanilla-reference,0,-64,320,false,false,3465,256,block,gold,minecraft:gold_ore,32,48,0,0.000000000
20260903-vanilla-repeat-vanilla-reference-miny-m64-seed-0,vanilla-reference,0,-64,320,false,false,3465,256,block,gold,minecraft:deepslate_gold_ore,32,48,0,0.000000000
20260903-vanilla-repeat-vanilla-reference-miny-m64-seed-0,vanilla-reference,0,-64,320,false,false,3465,256,family,gold,,48,64,0,0.000000000
20260903-vanilla-repeat-vanilla-reference-miny-m64-seed-0,vanilla-reference,0,-64,320,false,false,3465,256,block,gold,minecraft:gold_ore,48,64,0,0.000000000
20260903-vanilla-repeat-vanilla-reference-miny-m64-seed-0,vanilla-reference,0,-64,320,false,false,3465,256,block,gold,minecraft:deepslate_gold_ore,48,64,0,0.000000000
20260903-vanilla-repeat-vanilla-reference-miny-m64-seed-0,vanilla-reference,0,-64,320,false,false,3465,256,family,gold,,64,80,0,0.000000000
20260903-vanilla-repeat-vanilla-reference-miny-m64-seed-0,vanilla-reference,0,-64,320,false,false,3465,256,block,gold,minecraft:gold_ore,64,80,0,0.000000000
20260903-vanilla-repeat-vanilla-reference-miny-m64-seed-0,vanilla-reference,0,-64,320,false,false,3465,256,block,gold,minecraft:deepslate_gold_ore,64,80,0,0.000000000
20260903-vanilla-repeat-vanilla-reference-miny-m64-seed-0,vanilla-reference,0,-64,320,false,false,3465,256,family,gold,,80,96,0,0.000000000
20260903-vanilla-repeat-vanilla-reference-miny-m64-seed-0,vanilla-reference,0,-64,320,false,false,3465,256,block,gold,minecraft:gold_ore,80,96,0,0.000000000
20260903-vanilla-repeat-vanilla-reference-miny-m64-seed-0,vanilla-reference,0,-64,320,false,false,3465,256,block,gold,minecraft:deepslate_gold_ore,80,96,0,0.000000000
20260903-vanilla-repeat-vanilla-reference-miny-m64-seed-0,vanilla-reference,0,-64,320,false,false,3465,256,family,gold,,96,112,0,0.000000000
20260903-vanilla-repeat-vanilla-reference-miny-m64-seed-0,vanilla-reference,0,-64,320,false,false,3465,256,block,gold,minecraft:gold_ore,96,112,0,0.000000000
20260903-vanilla-repeat-vanilla-reference-miny-m64-seed-0,vanilla-reference,0,-64,320,false,false,3465,256,block,gold,minecraft:deepslate_gold_ore,96,112,0,0.000000000
20260903-vanilla-repeat-vanilla-reference-miny-m64-seed-0,vanilla-reference,0,-64,320,false,false,3465,256,family,gold,,112,128,0,0.000000000
20260903-vanilla-repeat-vanilla-reference-miny-m64-seed-0,vanilla-reference,0,-64,320,false,false,3465,256,block,gold,minecraft:gold_ore,112,128,0,0.000000000
20260903-vanilla-repeat-vanilla-reference-miny-m64-seed-0,vanilla-reference,0,-64,320,false,false,3465,256,block,gold,minecraft:deepslate_gold_ore,112,128,0,0.000000000
20260903-vanilla-repeat-vanilla-reference-miny-m64-seed-0,vanilla-reference,0,-64,320,false,false,3465,256,family,gold,,128,144,0,0.000000000
20260903-vanilla-repeat-vanilla-reference-miny-m64-seed-0,vanilla-reference,0,-64,320,false,false,3465,256,block,gold,minecraft:gold_ore,128,144,0,0.000000000
20260903-vanilla-repeat-vanilla-reference-miny-m64-seed-0,vanilla-reference,0,-64,320,false,false,3465,256,block,gold,minecraft:deepslate_gold_ore,128,144,0,0.000000000
20260903-vanilla-repeat-vanilla-reference-miny-m64-seed-0,vanilla-reference,0,-64,320,false,false,3465,256,family,gold,,144,160,0,0.000000000
20260903-vanilla-repeat-vanilla-reference-miny-m64-seed-0,vanilla-reference,0,-64,320,false,false,3465,256,block,gold,minecraft:gold_ore,144,160,0,0.000000000
20260903-vanilla-repeat-vanilla-reference-miny-m64-seed-0,vanilla-reference,0,-64,320,false,false,3465,256,block,gold,minecraft:deepslate_gold_ore,144,160,0,0.000000000
20260903-vanilla-repeat-vanilla-reference-miny-m64-seed-0,vanilla-reference,0,-64,320,false,false,3465,256,family,gold,,160,176,0,0.000000000
20260903-vanilla-repeat-vanilla-reference-miny-m64-seed-0,vanilla-reference,0,-64,320,false,false,3465,256,block,gold,minecraft:gold_ore,160,176,0,0.000000000
20260903-vanilla-repeat-vanilla-reference-miny-m64-seed-0,vanilla-reference,0,-64,320,false,false,3465,256,block,gold,minecraft:deepslate_gold_ore,160,176,0,0.000000000
20260903-vanilla-repeat-vanilla-reference-miny-m64-seed-0,vanilla-reference,0,-64,320,false,false,3465,256,family,gold,,176,192,0,0.000000000
20260903-vanilla-repeat-vanilla-reference-miny-m64-seed-0,vanilla-reference,0,-64,320,false,false,3465,256,block,gold,minecraft:gold_ore,176,192,0,0.000000000
20260903-vanilla-repeat-vanilla-reference-miny-m64-seed-0,vanilla-reference,0,-64,320,false,false,3465,256,block,gold,minecraft:deepslate_gold_ore,176,192,0,0.000000000
20260903-vanilla-repeat-vanilla-reference-miny-m64-seed-0,vanilla-reference,0,-64,320,false,false,3465,256,family,gold,,192,208,0,0.000000000
20260903-vanilla-repeat-vanilla-reference-miny-m64-seed-0,vanilla-reference,0,-64,320,false,false,3465,256,block,gold,minecraft:gold_ore,192,208,0,0.000000000
20260903-vanilla-repeat-vanilla-reference-miny-m64-seed-0,vanilla-reference,0,-64,320,false,false,3465,256,block,gold,minecraft:deepslate_gold_ore,192,208,0,0.000000000
20260903-vanilla-repeat-vanilla-reference-miny-m64-seed-0,vanilla-reference,0,-64,320,false,false,3465,256,family,gold,,208,224,0,0.000000000
20260903-vanilla-repeat-vanilla-reference-miny-m64-seed-0,vanilla-reference,0,-64,320,false,false,3465,256,block,gold,minecraft:gold_ore,208,224,0,0.000000000
20260903-vanilla-repeat-vanilla-reference-miny-m64-seed-0,vanilla-reference,0,-64,320,false,false,3465,256,block,gold,minecraft:deepslate_gold_ore,208,224,0,0.000000000
20260903-vanilla-repeat-vanilla-reference-miny-m64-seed-0,vanilla-reference,0,-64,320,false,false,3465,256,family,gold,,224,240,0,0.000000000
20260903-vanilla-repeat-vanilla-reference-miny-m64-seed-0,vanilla-reference,0,-64,320,false,false,3465,256,block,gold,minecraft:gold_ore,224,240,0,0.000000000
20260903-vanilla-repeat-vanilla-reference-miny-m64-seed-0,vanilla-reference,0,-64,320,false,false,3465,256,block,gold,minecraft:deepslate_gold_ore,224,240,0,0.000000000
20260903-vanilla-repeat-vanilla-reference-miny-m64-seed-0,vanilla-reference,0,-64,320,false,false,3465,256,family,gold,,240,256,0,0.000000000
20260903-vanilla-repeat-vanilla-reference-miny-m64-seed-0,vanilla-reference,0,-64,320,false,false,3465,256,block,gold,minecraft:gold_ore,240,256,0,0.000000000
20260903-vanilla-repeat-vanilla-reference-miny-m64-seed-0,vanilla-reference,0,-64,320,false,false,3465,256,block,gold,minecraft:deepslate_gold_ore,240,256,0,0.000000000
20260903-vanilla-repeat-vanilla-reference-miny-m64-seed-0,vanilla-reference,0,-64,320,false,false,3465,256,family,gold,,256,272,0,0.000000000
20260903-vanilla-repeat-vanilla-reference-miny-m64-seed-0,vanilla-reference,0,-64,320,false,false,3465,256,block,gold,minecraft:gold_ore,256,272,0,0.000000000
20260903-vanilla-repeat-vanilla-reference-miny-m64-seed-0,vanilla-reference,0,-64,320,false,false,3465,256,block,gold,minecraft:deepslate_gold_ore,256,272,0,0.000000000
20260903-vanilla-repeat-vanilla-reference-miny-m64-seed-0,vanilla-reference,0,-64,320,false,false,3465,256,family,gold,,272,288,0,0.000000000
20260903-vanilla-repeat-vanilla-reference-miny-m64-seed-0,vanilla-reference,0,-64,320,false,false,3465,256,block,gold,minecraft:gold_ore,272,288,0,0.000000000
20260903-vanilla-repeat-vanilla-reference-miny-m64-seed-0,vanilla-reference,0,-64,320,false,false,3465,256,block,gold,minecraft:deepslate_gold_ore,272,288,0,0.000000000
20260903-vanilla-repeat-vanilla-reference-miny-m64-seed-0,vanilla-reference,0,-64,320,false,false,3465,256,family,gold,,288,304,0,0.000000000
20260903-vanilla-repeat-vanilla-reference-miny-m64-seed-0,vanilla-reference,0,-64,320,false,false,3465,256,block,gold,minecraft:gold_ore,288,304,0,0.000000000
20260903-vanilla-repeat-vanilla-reference-miny-m64-seed-0,vanilla-reference,0,-64,320,false,false,3465,256,block,gold,minecraft:deepslate_gold_ore,288,304,0,0.000000000
20260903-vanilla-repeat-vanilla-reference-miny-m64-seed-0,vanilla-reference,0,-64,320,false,false,3465,256,family,gold,,304,320,0,0.000000000
20260903-vanilla-repeat-vanilla-reference-miny-m64-seed-0,vanilla-reference,0,-64,320,false,false,3465,256,block,gold,minecraft:gold_ore,304,320,0,0.000000000
20260903-vanilla-repeat-vanilla-reference-miny-m64-seed-0,vanilla-reference,0,-64,320,false,false,3465,256,block,gold,minecraft:deepslate_gold_ore,304,320,0,0.000000000
20260903-vanilla-repeat-vanilla-reference-miny-m64-seed-0,vanilla-reference,0,-64,320,false,false,3465,256,family,redstone,,-64,-48,4010,15.664062500
20260903-vanilla-repeat-vanilla-reference-miny-m64-seed-0,vanilla-reference,0,-64,320,false,false,3465,256,block,redstone,minecraft:redstone_ore,-64,-48,0,0.000000000
20260903-vanilla-repeat-vanilla-reference-miny-m64-seed-0,vanilla-reference,0,-64,320,false,false,3465,256,block,redstone,minecraft:deepslate_redstone_ore,-64,-48,4010,15.664062500
20260903-vanilla-repeat-vanilla-reference-miny-m64-seed-0,vanilla-reference,0,-64,320,false,false,3465,256,family,redstone,,-48,-32,2023,7.902343750
20260903-vanilla-repeat-vanilla-reference-miny-m64-seed-0,vanilla-reference,0,-64,320,false,false,3465,256,block,redstone,minecraft:redstone_ore,-48,-32,0,0.000000000
20260903-vanilla-repeat-vanilla-reference-miny-m64-seed-0,vanilla-reference,0,-64,320,false,false,3465,256,block,redstone,minecraft:deepslate_redstone_ore,-48,-32,2023,7.902343750
20260903-vanilla-repeat-vanilla-reference-miny-m64-seed-0,vanilla-reference,0,-64,320,false,false,3465,256,family,redstone,,-32,-16,858,3.351562500
20260903-vanilla-repeat-vanilla-reference-miny-m64-seed-0,vanilla-reference,0,-64,320,false,false,3465,256,block,redstone,minecraft:redstone_ore,-32,-16,0,0.000000000
20260903-vanilla-repeat-vanilla-reference-miny-m64-seed-0,vanilla-reference,0,-64,320,false,false,3465,256,block,redstone,minecraft:deepslate_redstone_ore,-32,-16,858,3.351562500
20260903-vanilla-repeat-vanilla-reference-miny-m64-seed-0,vanilla-reference,0,-64,320,false,false,3465,256,family,redstone,,-16,0,962,3.757812500
20260903-vanilla-repeat-vanilla-reference-miny-m64-seed-0,vanilla-reference,0,-64,320,false,false,3465,256,block,redstone,minecraft:redstone_ore,-16,0,11,0.042968750
20260903-vanilla-repeat-vanilla-reference-miny-m64-seed-0,vanilla-reference,0,-64,320,false,false,3465,256,block,redstone,minecraft:deepslate_redstone_ore,-16,0,951,3.714843750
20260903-vanilla-repeat-vanilla-reference-miny-m64-seed-0,vanilla-reference,0,-64,320,false,false,3465,256,family,redstone,,0,16,828,3.234375000
20260903-vanilla-repeat-vanilla-reference-miny-m64-seed-0,vanilla-reference,0,-64,320,false,false,3465,256,block,redstone,minecraft:redstone_ore,0,16,640,2.500000000
20260903-vanilla-repeat-vanilla-reference-miny-m64-seed-0,vanilla-reference,0,-64,320,false,false,3465,256,block,redstone,minecraft:deepslate_redstone_ore,0,16,188,0.734375000
20260903-vanilla-repeat-vanilla-reference-miny-m64-seed-0,vanilla-reference,0,-64,320,false,false,3465,256,family,redstone,,16,32,0,0.000000000
20260903-vanilla-repeat-vanilla-reference-miny-m64-seed-0,vanilla-reference,0,-64,320,false,false,3465,256,block,redstone,minecraft:redstone_ore,16,32,0,0.000000000
20260903-vanilla-repeat-vanilla-reference-miny-m64-seed-0,vanilla-reference,0,-64,320,false,false,3465,256,block,redstone,minecraft:deepslate_redstone_ore,16,32,0,0.000000000
20260903-vanilla-repeat-vanilla-reference-miny-m64-seed-0,vanilla-reference,0,-64,320,false,false,3465,256,family,redstone,,32,48,0,0.000000000
20260903-vanilla-repeat-vanilla-reference-miny-m64-seed-0,vanilla-reference,0,-64,320,false,false,3465,256,block,redstone,minecraft:redstone_ore,32,48,0,0.000000000
20260903-vanilla-repeat-vanilla-reference-miny-m64-seed-0,vanilla-reference,0,-64,320,false,false,3465,256,block,redstone,minecraft:deepslate_redstone_ore,32,48,0,0.000000000
20260903-vanilla-repeat-vanilla-reference-miny-m64-seed-0,vanilla-reference,0,-64,320,false,false,3465,256,family,redstone,,48,64,0,0.000000000
20260903-vanilla-repeat-vanilla-reference-miny-m64-seed-0,vanilla-reference,0,-64,320,false,false,3465,256,block,redstone,minecraft:redstone_ore,48,64,0,0.000000000
20260903-vanilla-repeat-vanilla-reference-miny-m64-seed-0,vanilla-reference,0,-64,320,false,false,3465,256,block,redstone,minecraft:deepslate_redstone_ore,48,64,0,0.000000000
20260903-vanilla-repeat-vanilla-reference-miny-m64-seed-0,vanilla-reference,0,-64,320,false,false,3465,256,family,redstone,,64,80,0,0.000000000
20260903-vanilla-repeat-vanilla-reference-miny-m64-seed-0,vanilla-reference,0,-64,320,false,false,3465,256,block,redstone,minecraft:redstone_ore,64,80,0,0.000000000
20260903-vanilla-repeat-vanilla-reference-miny-m64-seed-0,vanilla-reference,0,-64,320,false,false,3465,256,block,redstone,minecraft:deepslate_redstone_ore,64,80,0,0.000000000
20260903-vanilla-repeat-vanilla-reference-miny-m64-seed-0,vanilla-reference,0,-64,320,false,false,3465,256,family,redstone,,80,96,0,0.000000000
20260903-vanilla-repeat-vanilla-reference-miny-m64-seed-0,vanilla-reference,0,-64,320,false,false,3465,256,block,redstone,minecraft:redstone_ore,80,96,0,0.000000000
20260903-vanilla-repeat-vanilla-reference-miny-m64-seed-0,vanilla-reference,0,-64,320,false,false,3465,256,block,redstone,minecraft:deepslate_redstone_ore,80,96,0,0.000000000
20260903-vanilla-repeat-vanilla-reference-miny-m64-seed-0,vanilla-reference,0,-64,320,false,false,3465,256,family,redstone,,96,112,0,0.000000000
20260903-vanilla-repeat-vanilla-reference-miny-m64-seed-0,vanilla-reference,0,-64,320,false,false,3465,256,block,redstone,minecraft:redstone_ore,96,112,0,0.000000000
20260903-vanilla-repeat-vanilla-reference-miny-m64-seed-0,vanilla-reference,0,-64,320,false,false,3465,256,block,redstone,minecraft:deepslate_redstone_ore,96,112,0,0.000000000
20260903-vanilla-repeat-vanilla-reference-miny-m64-seed-0,vanilla-reference,0,-64,320,false,false,3465,256,family,redstone,,112,128,0,0.000000000
20260903-vanilla-repeat-vanilla-reference-miny-m64-seed-0,vanilla-reference,0,-64,320,false,false,3465,256,block,redstone,minecraft:redstone_ore,112,128,0,0.000000000
20260903-vanilla-repeat-vanilla-reference-miny-m64-seed-0,vanilla-reference,0,-64,320,false,false,3465,256,block,redstone,minecraft:deepslate_redstone_ore,112,128,0,0.000000000
20260903-vanilla-repeat-vanilla-reference-miny-m64-seed-0,vanilla-reference,0,-64,320,false,false,3465,256,family,redstone,,128,144,0,0.000000000
20260903-vanilla-repeat-vanilla-reference-miny-m64-seed-0,vanilla-reference,0,-64,320,false,false,3465,256,block,redstone,minecraft:redstone_ore,128,144,0,0.000000000
20260903-vanilla-repeat-vanilla-reference-miny-m64-seed-0,vanilla-reference,0,-64,320,false,false,3465,256,block,redstone,minecraft:deepslate_redstone_ore,128,144,0,0.000000000
20260903-vanilla-repeat-vanilla-reference-miny-m64-seed-0,vanilla-reference,0,-64,320,false,false,3465,256,family,redstone,,144,160,0,0.000000000
20260903-vanilla-repeat-vanilla-reference-miny-m64-seed-0,vanilla-reference,0,-64,320,false,false,3465,256,block,redstone,minecraft:redstone_ore,144,160,0,0.000000000
20260903-vanilla-repeat-vanilla-reference-miny-m64-seed-0,vanilla-reference,0,-64,320,false,false,3465,256,block,redstone,minecraft:deepslate_redstone_ore,144,160,0,0.000000000
20260903-vanilla-repeat-vanilla-reference-miny-m64-seed-0,vanilla-reference,0,-64,320,false,false,3465,256,family,redstone,,160,176,0,0.000000000
20260903-vanilla-repeat-vanilla-reference-miny-m64-seed-0,vanilla-reference,0,-64,320,false,false,3465,256,block,redstone,minecraft:redstone_ore,160,176,0,0.000000000
20260903-vanilla-repeat-vanilla-reference-miny-m64-seed-0,vanilla-reference,0,-64,320,false,false,3465,256,block,redstone,minecraft:deepslate_redstone_ore,160,176,0,0.000000000
20260903-vanilla-repeat-vanilla-reference-miny-m64-seed-0,vanilla-reference,0,-64,320,false,false,3465,256,family,redstone,,176,192,0,0.000000000
20260903-vanilla-repeat-vanilla-reference-miny-m64-seed-0,vanilla-reference,0,-64,320,false,false,3465,256,block,redstone,minecraft:redstone_ore,176,192,0,0.000000000
20260903-vanilla-repeat-vanilla-reference-miny-m64-seed-0,vanilla-reference,0,-64,320,false,false,3465,256,block,redstone,minecraft:deepslate_redstone_ore,176,192,0,0.000000000
20260903-vanilla-repeat-vanilla-reference-miny-m64-seed-0,vanilla-reference,0,-64,320,false,false,3465,256,family,redstone,,192,208,0,0.000000000
20260903-vanilla-repeat-vanilla-reference-miny-m64-seed-0,vanilla-reference,0,-64,320,false,false,3465,256,block,redstone,minecraft:redstone_ore,192,208,0,0.000000000
20260903-vanilla-repeat-vanilla-reference-miny-m64-seed-0,vanilla-reference,0,-64,320,false,false,3465,256,block,redstone,minecraft:deepslate_redstone_ore,192,208,0,0.000000000
20260903-vanilla-repeat-vanilla-reference-miny-m64-seed-0,vanilla-reference,0,-64,320,false,false,3465,256,family,redstone,,208,224,0,0.000000000
20260903-vanilla-repeat-vanilla-reference-miny-m64-seed-0,vanilla-reference,0,-64,320,false,false,3465,256,block,redstone,minecraft:redstone_ore,208,224,0,0.000000000
20260903-vanilla-repeat-vanilla-reference-miny-m64-seed-0,vanilla-reference,0,-64,320,false,false,3465,256,block,redstone,minecraft:deepslate_redstone_ore,208,224,0,0.000000000
20260903-vanilla-repeat-vanilla-reference-miny-m64-seed-0,vanilla-reference,0,-64,320,false,false,3465,256,family,redstone,,224,240,0,0.000000000
20260903-vanilla-repeat-vanilla-reference-miny-m64-seed-0,vanilla-reference,0,-64,320,false,false,3465,256,block,redstone,minecraft:redstone_ore,224,240,0,0.000000000
20260903-vanilla-repeat-vanilla-reference-miny-m64-seed-0,vanilla-reference,0,-64,320,false,false,3465,256,block,redstone,minecraft:deepslate_redstone_ore,224,240,0,0.000000000
20260903-vanilla-repeat-vanilla-reference-miny-m64-seed-0,vanilla-reference,0,-64,320,false,false,3465,256,family,redstone,,240,256,0,0.000000000
20260903-vanilla-repeat-vanilla-reference-miny-m64-seed-0,vanilla-reference,0,-64,320,false,false,3465,256,block,redstone,minecraft:redstone_ore,240,256,0,0.000000000
20260903-vanilla-repeat-vanilla-reference-miny-m64-seed-0,vanilla-reference,0,-64,320,false,false,3465,256,block,redstone,minecraft:deepslate_redstone_ore,240,256,0,0.000000000
20260903-vanilla-repeat-vanilla-reference-miny-m64-seed-0,vanilla-reference,0,-64,320,false,false,3465,256,family,redstone,,256,272,0,0.000000000
20260903-vanilla-repeat-vanilla-reference-miny-m64-seed-0,vanilla-reference,0,-64,320,false,false,3465,256,block,redstone,minecraft:redstone_ore,256,272,0,0.000000000
20260903-vanilla-repeat-vanilla-reference-miny-m64-seed-0,vanilla-reference,0,-64,320,false,false,3465,256,block,redstone,minecraft:deepslate_redstone_ore,256,272,0,0.000000000
20260903-vanilla-repeat-vanilla-reference-miny-m64-seed-0,vanilla-reference,0,-64,320,false,false,3465,256,family,redstone,,272,288,0,0.000000000
20260903-vanilla-repeat-vanilla-reference-miny-m64-seed-0,vanilla-reference,0,-64,320,false,false,3465,256,block,redstone,minecraft:redstone_ore,272,288,0,0.000000000
20260903-vanilla-repeat-vanilla-reference-miny-m64-seed-0,vanilla-reference,0,-64,320,false,false,3465,256,block,redstone,minecraft:deepslate_redstone_ore,272,288,0,0.000000000
20260903-vanilla-repeat-vanilla-reference-miny-m64-seed-0,vanilla-reference,0,-64,320,false,false,3465,256,family,redstone,,288,304,0,0.000000000
20260903-vanilla-repeat-vanilla-reference-miny-m64-seed-0,vanilla-reference,0,-64,320,false,false,3465,256,block,redstone,minecraft:redstone_ore,288,304,0,0.000000000
20260903-vanilla-repeat-vanilla-reference-miny-m64-seed-0,vanilla-reference,0,-64,320,false,false,3465,256,block,redstone,minecraft:deepslate_redstone_ore,288,304,0,0.000000000
20260903-vanilla-repeat-vanilla-reference-miny-m64-seed-0,vanilla-reference,0,-64,320,false,false,3465,256,family,redstone,,304,320,0,0.000000000
20260903-vanilla-repeat-vanilla-reference-miny-m64-seed-0,vanilla-reference,0,-64,320,false,false,3465,256,block,redstone,minecraft:redstone_ore,304,320,0,0.000000000
20260903-vanilla-repeat-vanilla-reference-miny-m64-seed-0,vanilla-reference,0,-64,320,false,false,3465,256,block,redstone,minecraft:deepslate_redstone_ore,304,320,0,0.000000000
20260903-vanilla-repeat-vanilla-reference-miny-m64-seed-0,vanilla-reference,0,-64,320,false,false,3465,256,family,lapis,,-64,-48,460,1.796875000
20260903-vanilla-repeat-vanilla-reference-miny-m64-seed-0,vanilla-reference,0,-64,320,false,false,3465,256,block,lapis,minecraft:lapis_ore,-64,-48,0,0.000000000
20260903-vanilla-repeat-vanilla-reference-miny-m64-seed-0,vanilla-reference,0,-64,320,false,false,3465,256,block,lapis,minecraft:deepslate_lapis_ore,-64,-48,460,1.796875000
20260903-vanilla-repeat-vanilla-reference-miny-m64-seed-0,vanilla-reference,0,-64,320,false,false,3465,256,family,lapis,,-48,-32,476,1.859375000
20260903-vanilla-repeat-vanilla-reference-miny-m64-seed-0,vanilla-reference,0,-64,320,false,false,3465,256,block,lapis,minecraft:lapis_ore,-48,-32,0,0.000000000
20260903-vanilla-repeat-vanilla-reference-miny-m64-seed-0,vanilla-reference,0,-64,320,false,false,3465,256,block,lapis,minecraft:deepslate_lapis_ore,-48,-32,476,1.859375000
20260903-vanilla-repeat-vanilla-reference-miny-m64-seed-0,vanilla-reference,0,-64,320,false,false,3465,256,family,lapis,,-32,-16,830,3.242187500
20260903-vanilla-repeat-vanilla-reference-miny-m64-seed-0,vanilla-reference,0,-64,320,false,false,3465,256,block,lapis,minecraft:lapis_ore,-32,-16,0,0.000000000
20260903-vanilla-repeat-vanilla-reference-miny-m64-seed-0,vanilla-reference,0,-64,320,false,false,3465,256,block,lapis,minecraft:deepslate_lapis_ore,-32,-16,830,3.242187500
20260903-vanilla-repeat-vanilla-reference-miny-m64-seed-0,vanilla-reference,0,-64,320,false,false,3465,256,family,lapis,,-16,0,1136,4.437500000
20260903-vanilla-repeat-vanilla-reference-miny-m64-seed-0,vanilla-reference,0,-64,320,false,false,3465,256,block,lapis,minecraft:lapis_ore,-16,0,20,0.078125000
20260903-vanilla-repeat-vanilla-reference-miny-m64-seed-0,vanilla-reference,0,-64,320,false,false,3465,256,block,lapis,minecraft:deepslate_lapis_ore,-16,0,1116,4.359375000
20260903-vanilla-repeat-vanilla-reference-miny-m64-seed-0,vanilla-reference,0,-64,320,false,false,3465,256,family,lapis,,0,16,1101,4.300781250
20260903-vanilla-repeat-vanilla-reference-miny-m64-seed-0,vanilla-reference,0,-64,320,false,false,3465,256,block,lapis,minecraft:lapis_ore,0,16,889,3.472656250
20260903-vanilla-repeat-vanilla-reference-miny-m64-seed-0,vanilla-reference,0,-64,320,false,false,3465,256,block,lapis,minecraft:deepslate_lapis_ore,0,16,212,0.828125000
20260903-vanilla-repeat-vanilla-reference-miny-m64-seed-0,vanilla-reference,0,-64,320,false,false,3465,256,family,lapis,,16,32,810,3.164062500
20260903-vanilla-repeat-vanilla-reference-miny-m64-seed-0,vanilla-reference,0,-64,320,false,false,3465,256,block,lapis,minecraft:lapis_ore,16,32,810,3.164062500
20260903-vanilla-repeat-vanilla-reference-miny-m64-seed-0,vanilla-reference,0,-64,320,false,false,3465,256,block,lapis,minecraft:deepslate_lapis_ore,16,32,0,0.000000000
20260903-vanilla-repeat-vanilla-reference-miny-m64-seed-0,vanilla-reference,0,-64,320,false,false,3465,256,family,lapis,,32,48,529,2.066406250
20260903-vanilla-repeat-vanilla-reference-miny-m64-seed-0,vanilla-reference,0,-64,320,false,false,3465,256,block,lapis,minecraft:lapis_ore,32,48,529,2.066406250
20260903-vanilla-repeat-vanilla-reference-miny-m64-seed-0,vanilla-reference,0,-64,320,false,false,3465,256,block,lapis,minecraft:deepslate_lapis_ore,32,48,0,0.000000000
20260903-vanilla-repeat-vanilla-reference-miny-m64-seed-0,vanilla-reference,0,-64,320,false,false,3465,256,family,lapis,,48,64,483,1.886718750
20260903-vanilla-repeat-vanilla-reference-miny-m64-seed-0,vanilla-reference,0,-64,320,false,false,3465,256,block,lapis,minecraft:lapis_ore,48,64,483,1.886718750
20260903-vanilla-repeat-vanilla-reference-miny-m64-seed-0,vanilla-reference,0,-64,320,false,false,3465,256,block,lapis,minecraft:deepslate_lapis_ore,48,64,0,0.000000000
20260903-vanilla-repeat-vanilla-reference-miny-m64-seed-0,vanilla-reference,0,-64,320,false,false,3465,256,family,lapis,,64,80,0,0.000000000
20260903-vanilla-repeat-vanilla-reference-miny-m64-seed-0,vanilla-reference,0,-64,320,false,false,3465,256,block,lapis,minecraft:lapis_ore,64,80,0,0.000000000
20260903-vanilla-repeat-vanilla-reference-miny-m64-seed-0,vanilla-reference,0,-64,320,false,false,3465,256,block,lapis,minecraft:deepslate_lapis_ore,64,80,0,0.000000000
20260903-vanilla-repeat-vanilla-reference-miny-m64-seed-0,vanilla-reference,0,-64,320,false,false,3465,256,family,lapis,,80,96,0,0.000000000
20260903-vanilla-repeat-vanilla-reference-miny-m64-seed-0,vanilla-reference,0,-64,320,false,false,3465,256,block,lapis,minecraft:lapis_ore,80,96,0,0.000000000
20260903-vanilla-repeat-vanilla-reference-miny-m64-seed-0,vanilla-reference,0,-64,320,false,false,3465,256,block,lapis,minecraft:deepslate_lapis_ore,80,96,0,0.000000000
20260903-vanilla-repeat-vanilla-reference-miny-m64-seed-0,vanilla-reference,0,-64,320,false,false,3465,256,family,lapis,,96,112,0,0.000000000
20260903-vanilla-repeat-vanilla-reference-miny-m64-seed-0,vanilla-reference,0,-64,320,false,false,3465,256,block,lapis,minecraft:lapis_ore,96,112,0,0.000000000
20260903-vanilla-repeat-vanilla-reference-miny-m64-seed-0,vanilla-reference,0,-64,320,false,false,3465,256,block,lapis,minecraft:deepslate_lapis_ore,96,112,0,0.000000000
20260903-vanilla-repeat-vanilla-reference-miny-m64-seed-0,vanilla-reference,0,-64,320,false,false,3465,256,family,lapis,,112,128,0,0.000000000
20260903-vanilla-repeat-vanilla-reference-miny-m64-seed-0,vanilla-reference,0,-64,320,false,false,3465,256,block,lapis,minecraft:lapis_ore,112,128,0,0.000000000
20260903-vanilla-repeat-vanilla-reference-miny-m64-seed-0,vanilla-reference,0,-64,320,false,false,3465,256,block,lapis,minecraft:deepslate_lapis_ore,112,128,0,0.000000000
20260903-vanilla-repeat-vanilla-reference-miny-m64-seed-0,vanilla-reference,0,-64,320,false,false,3465,256,family,lapis,,128,144,0,0.000000000
20260903-vanilla-repeat-vanilla-reference-miny-m64-seed-0,vanilla-reference,0,-64,320,false,false,3465,256,block,lapis,minecraft:lapis_ore,128,144,0,0.000000000
20260903-vanilla-repeat-vanilla-reference-miny-m64-seed-0,vanilla-reference,0,-64,320,false,false,3465,256,block,lapis,minecraft:deepslate_lapis_ore,128,144,0,0.000000000
20260903-vanilla-repeat-vanilla-reference-miny-m64-seed-0,vanilla-reference,0,-64,320,false,false,3465,256,family,lapis,,144,160,0,0.000000000
20260903-vanilla-repeat-vanilla-reference-miny-m64-seed-0,vanilla-reference,0,-64,320,false,false,3465,256,block,lapis,minecraft:lapis_ore,144,160,0,0.000000000
20260903-vanilla-repeat-vanilla-reference-miny-m64-seed-0,vanilla-reference,0,-64,320,false,false,3465,256,block,lapis,minecraft:deepslate_lapis_ore,144,160,0,0.000000000
20260903-vanilla-repeat-vanilla-reference-miny-m64-seed-0,vanilla-reference,0,-64,320,false,false,3465,256,family,lapis,,160,176,0,0.000000000
20260903-vanilla-repeat-vanilla-reference-miny-m64-seed-0,vanilla-reference,0,-64,320,false,false,3465,256,block,lapis,minecraft:lapis_ore,160,176,0,0.000000000
20260903-vanilla-repeat-vanilla-reference-miny-m64-seed-0,vanilla-reference,0,-64,320,false,false,3465,256,block,lapis,minecraft:deepslate_lapis_ore,160,176,0,0.000000000
20260903-vanilla-repeat-vanilla-reference-miny-m64-seed-0,vanilla-reference,0,-64,320,false,false,3465,256,family,lapis,,176,192,0,0.000000000
20260903-vanilla-repeat-vanilla-reference-miny-m64-seed-0,vanilla-reference,0,-64,320,false,false,3465,256,block,lapis,minecraft:lapis_ore,176,192,0,0.000000000
20260903-vanilla-repeat-vanilla-reference-miny-m64-seed-0,vanilla-reference,0,-64,320,false,false,3465,256,block,lapis,minecraft:deepslate_lapis_ore,176,192,0,0.000000000
20260903-vanilla-repeat-vanilla-reference-miny-m64-seed-0,vanilla-reference,0,-64,320,false,false,3465,256,family,lapis,,192,208,0,0.000000000
20260903-vanilla-repeat-vanilla-reference-miny-m64-seed-0,vanilla-reference,0,-64,320,false,false,3465,256,block,lapis,minecraft:lapis_ore,192,208,0,0.000000000
20260903-vanilla-repeat-vanilla-reference-miny-m64-seed-0,vanilla-reference,0,-64,320,false,false,3465,256,block,lapis,minecraft:deepslate_lapis_ore,192,208,0,0.000000000
20260903-vanilla-repeat-vanilla-reference-miny-m64-seed-0,vanilla-reference,0,-64,320,false,false,3465,256,family,lapis,,208,224,0,0.000000000
20260903-vanilla-repeat-vanilla-reference-miny-m64-seed-0,vanilla-reference,0,-64,320,false,false,3465,256,block,lapis,minecraft:lapis_ore,208,224,0,0.000000000
20260903-vanilla-repeat-vanilla-reference-miny-m64-seed-0,vanilla-reference,0,-64,320,false,false,3465,256,block,lapis,minecraft:deepslate_lapis_ore,208,224,0,0.000000000
20260903-vanilla-repeat-vanilla-reference-miny-m64-seed-0,vanilla-reference,0,-64,320,false,false,3465,256,family,lapis,,224,240,0,0.000000000
20260903-vanilla-repeat-vanilla-reference-miny-m64-seed-0,vanilla-reference,0,-64,320,false,false,3465,256,block,lapis,minecraft:lapis_ore,224,240,0,0.000000000
20260903-vanilla-repeat-vanilla-reference-miny-m64-seed-0,vanilla-reference,0,-64,320,false,false,3465,256,block,lapis,minecraft:deepslate_lapis_ore,224,240,0,0.000000000
20260903-vanilla-repeat-vanilla-reference-miny-m64-seed-0,vanilla-reference,0,-64,320,false,false,3465,256,family,lapis,,240,256,0,0.000000000
20260903-vanilla-repeat-vanilla-reference-miny-m64-seed-0,vanilla-reference,0,-64,320,false,false,3465,256,block,lapis,minecraft:lapis_ore,240,256,0,0.000000000
20260903-vanilla-repeat-vanilla-reference-miny-m64-seed-0,vanilla-reference,0,-64,320,false,false,3465,256,block,lapis,minecraft:deepslate_lapis_ore,240,256,0,0.000000000
20260903-vanilla-repeat-vanilla-reference-miny-m64-seed-0,vanilla-reference,0,-64,320,false,false,3465,256,family,lapis,,256,272,0,0.000000000
20260903-vanilla-repeat-vanilla-reference-miny-m64-seed-0,vanilla-reference,0,-64,320,false,false,3465,256,block,lapis,minecraft:lapis_ore,256,272,0,0.000000000
20260903-vanilla-repeat-vanilla-reference-miny-m64-seed-0,vanilla-reference,0,-64,320,false,false,3465,256,block,lapis,minecraft:deepslate_lapis_ore,256,272,0,0.000000000
20260903-vanilla-repeat-vanilla-reference-miny-m64-seed-0,vanilla-reference,0,-64,320,false,false,3465,256,family,lapis,,272,288,0,0.000000000
20260903-vanilla-repeat-vanilla-reference-miny-m64-seed-0,vanilla-reference,0,-64,320,false,false,3465,256,block,lapis,minecraft:lapis_ore,272,288,0,0.000000000
20260903-vanilla-repeat-vanilla-reference-miny-m64-seed-0,vanilla-reference,0,-64,320,false,false,3465,256,block,lapis,minecraft:deepslate_lapis_ore,272,288,0,0.000000000
20260903-vanilla-repeat-vanilla-reference-miny-m64-seed-0,vanilla-reference,0,-64,320,false,false,3465,256,family,lapis,,288,304,0,0.000000000
20260903-vanilla-repeat-vanilla-reference-miny-m64-seed-0,vanilla-reference,0,-64,320,false,false,3465,256,block,lapis,minecraft:lapis_ore,288,304,0,0.000000000
20260903-vanilla-repeat-vanilla-reference-miny-m64-seed-0,vanilla-reference,0,-64,320,false,false,3465,256,block,lapis,minecraft:deepslate_lapis_ore,288,304,0,0.000000000
20260903-vanilla-repeat-vanilla-reference-miny-m64-seed-0,vanilla-reference,0,-64,320,false,false,3465,256,family,lapis,,304,320,0,0.000000000
20260903-vanilla-repeat-vanilla-reference-miny-m64-seed-0,vanilla-reference,0,-64,320,false,false,3465,256,block,lapis,minecraft:lapis_ore,304,320,0,0.000000000
20260903-vanilla-repeat-vanilla-reference-miny-m64-seed-0,vanilla-reference,0,-64,320,false,false,3465,256,block,lapis,minecraft:deepslate_lapis_ore,304,320,0,0.000000000
20260903-vanilla-repeat-vanilla-reference-miny-m64-seed-0,vanilla-reference,0,-64,320,false,false,3465,256,family,diamond,,-64,-48,1330,5.195312500
20260903-vanilla-repeat-vanilla-reference-miny-m64-seed-0,vanilla-reference,0,-64,320,false,false,3465,256,block,diamond,minecraft:diamond_ore,-64,-48,0,0.000000000
20260903-vanilla-repeat-vanilla-reference-miny-m64-seed-0,vanilla-reference,0,-64,320,false,false,3465,256,block,diamond,minecraft:deepslate_diamond_ore,-64,-48,1330,5.195312500
20260903-vanilla-repeat-vanilla-reference-miny-m64-seed-0,vanilla-reference,0,-64,320,false,false,3465,256,family,diamond,,-48,-32,1090,4.257812500
20260903-vanilla-repeat-vanilla-reference-miny-m64-seed-0,vanilla-reference,0,-64,320,false,false,3465,256,block,diamond,minecraft:diamond_ore,-48,-32,0,0.000000000
20260903-vanilla-repeat-vanilla-reference-miny-m64-seed-0,vanilla-reference,0,-64,320,false,false,3465,256,block,diamond,minecraft:deepslate_diamond_ore,-48,-32,1090,4.257812500
20260903-vanilla-repeat-vanilla-reference-miny-m64-seed-0,vanilla-reference,0,-64,320,false,false,3465,256,family,diamond,,-32,-16,743,2.902343750
20260903-vanilla-repeat-vanilla-reference-miny-m64-seed-0,vanilla-reference,0,-64,320,false,false,3465,256,block,diamond,minecraft:diamond_ore,-32,-16,0,0.000000000
20260903-vanilla-repeat-vanilla-reference-miny-m64-seed-0,vanilla-reference,0,-64,320,false,false,3465,256,block,diamond,minecraft:deepslate_diamond_ore,-32,-16,743,2.902343750
20260903-vanilla-repeat-vanilla-reference-miny-m64-seed-0,vanilla-reference,0,-64,320,false,false,3465,256,family,diamond,,-16,0,383,1.496093750
20260903-vanilla-repeat-vanilla-reference-miny-m64-seed-0,vanilla-reference,0,-64,320,false,false,3465,256,block,diamond,minecraft:diamond_ore,-16,0,3,0.011718750
20260903-vanilla-repeat-vanilla-reference-miny-m64-seed-0,vanilla-reference,0,-64,320,false,false,3465,256,block,diamond,minecraft:deepslate_diamond_ore,-16,0,380,1.484375000
20260903-vanilla-repeat-vanilla-reference-miny-m64-seed-0,vanilla-reference,0,-64,320,false,false,3465,256,family,diamond,,0,16,91,0.355468750
20260903-vanilla-repeat-vanilla-reference-miny-m64-seed-0,vanilla-reference,0,-64,320,false,false,3465,256,block,diamond,minecraft:diamond_ore,0,16,51,0.199218750
20260903-vanilla-repeat-vanilla-reference-miny-m64-seed-0,vanilla-reference,0,-64,320,false,false,3465,256,block,diamond,minecraft:deepslate_diamond_ore,0,16,40,0.156250000
20260903-vanilla-repeat-vanilla-reference-miny-m64-seed-0,vanilla-reference,0,-64,320,false,false,3465,256,family,diamond,,16,32,0,0.000000000
20260903-vanilla-repeat-vanilla-reference-miny-m64-seed-0,vanilla-reference,0,-64,320,false,false,3465,256,block,diamond,minecraft:diamond_ore,16,32,0,0.000000000
20260903-vanilla-repeat-vanilla-reference-miny-m64-seed-0,vanilla-reference,0,-64,320,false,false,3465,256,block,diamond,minecraft:deepslate_diamond_ore,16,32,0,0.000000000
20260903-vanilla-repeat-vanilla-reference-miny-m64-seed-0,vanilla-reference,0,-64,320,false,false,3465,256,family,diamond,,32,48,0,0.000000000
20260903-vanilla-repeat-vanilla-reference-miny-m64-seed-0,vanilla-reference,0,-64,320,false,false,3465,256,block,diamond,minecraft:diamond_ore,32,48,0,0.000000000
20260903-vanilla-repeat-vanilla-reference-miny-m64-seed-0,vanilla-reference,0,-64,320,false,false,3465,256,block,diamond,minecraft:deepslate_diamond_ore,32,48,0,0.000000000
20260903-vanilla-repeat-vanilla-reference-miny-m64-seed-0,vanilla-reference,0,-64,320,false,false,3465,256,family,diamond,,48,64,0,0.000000000
20260903-vanilla-repeat-vanilla-reference-miny-m64-seed-0,vanilla-reference,0,-64,320,false,false,3465,256,block,diamond,minecraft:diamond_ore,48,64,0,0.000000000
20260903-vanilla-repeat-vanilla-reference-miny-m64-seed-0,vanilla-reference,0,-64,320,false,false,3465,256,block,diamond,minecraft:deepslate_diamond_ore,48,64,0,0.000000000
20260903-vanilla-repeat-vanilla-reference-miny-m64-seed-0,vanilla-reference,0,-64,320,false,false,3465,256,family,diamond,,64,80,0,0.000000000
20260903-vanilla-repeat-vanilla-reference-miny-m64-seed-0,vanilla-reference,0,-64,320,false,false,3465,256,block,diamond,minecraft:diamond_ore,64,80,0,0.000000000
20260903-vanilla-repeat-vanilla-reference-miny-m64-seed-0,vanilla-reference,0,-64,320,false,false,3465,256,block,diamond,minecraft:deepslate_diamond_ore,64,80,0,0.000000000
20260903-vanilla-repeat-vanilla-reference-miny-m64-seed-0,vanilla-reference,0,-64,320,false,false,3465,256,family,diamond,,80,96,0,0.000000000
20260903-vanilla-repeat-vanilla-reference-miny-m64-seed-0,vanilla-reference,0,-64,320,false,false,3465,256,block,diamond,minecraft:diamond_ore,80,96,0,0.000000000
20260903-vanilla-repeat-vanilla-reference-miny-m64-seed-0,vanilla-reference,0,-64,320,false,false,3465,256,block,diamond,minecraft:deepslate_diamond_ore,80,96,0,0.000000000
20260903-vanilla-repeat-vanilla-reference-miny-m64-seed-0,vanilla-reference,0,-64,320,false,false,3465,256,family,diamond,,96,112,0,0.000000000
20260903-vanilla-repeat-vanilla-reference-miny-m64-seed-0,vanilla-reference,0,-64,320,false,false,3465,256,block,diamond,minecraft:diamond_ore,96,112,0,0.000000000
20260903-vanilla-repeat-vanilla-reference-miny-m64-seed-0,vanilla-reference,0,-64,320,false,false,3465,256,block,diamond,minecraft:deepslate_diamond_ore,96,112,0,0.000000000
20260903-vanilla-repeat-vanilla-reference-miny-m64-seed-0,vanilla-reference,0,-64,320,false,false,3465,256,family,diamond,,112,128,0,0.000000000
20260903-vanilla-repeat-vanilla-reference-miny-m64-seed-0,vanilla-reference,0,-64,320,false,false,3465,256,block,diamond,minecraft:diamond_ore,112,128,0,0.000000000
20260903-vanilla-repeat-vanilla-reference-miny-m64-seed-0,vanilla-reference,0,-64,320,false,false,3465,256,block,diamond,minecraft:deepslate_diamond_ore,112,128,0,0.000000000
20260903-vanilla-repeat-vanilla-reference-miny-m64-seed-0,vanilla-reference,0,-64,320,false,false,3465,256,family,diamond,,128,144,0,0.000000000
20260903-vanilla-repeat-vanilla-reference-miny-m64-seed-0,vanilla-reference,0,-64,320,false,false,3465,256,block,diamond,minecraft:diamond_ore,128,144,0,0.000000000
20260903-vanilla-repeat-vanilla-reference-miny-m64-seed-0,vanilla-reference,0,-64,320,false,false,3465,256,block,diamond,minecraft:deepslate_diamond_ore,128,144,0,0.000000000
20260903-vanilla-repeat-vanilla-reference-miny-m64-seed-0,vanilla-reference,0,-64,320,false,false,3465,256,family,diamond,,144,160,0,0.000000000
20260903-vanilla-repeat-vanilla-reference-miny-m64-seed-0,vanilla-reference,0,-64,320,false,false,3465,256,block,diamond,minecraft:diamond_ore,144,160,0,0.000000000
20260903-vanilla-repeat-vanilla-reference-miny-m64-seed-0,vanilla-reference,0,-64,320,false,false,3465,256,block,diamond,minecraft:deepslate_diamond_ore,144,160,0,0.000000000
20260903-vanilla-repeat-vanilla-reference-miny-m64-seed-0,vanilla-reference,0,-64,320,false,false,3465,256,family,diamond,,160,176,0,0.000000000
20260903-vanilla-repeat-vanilla-reference-miny-m64-seed-0,vanilla-reference,0,-64,320,false,false,3465,256,block,diamond,minecraft:diamond_ore,160,176,0,0.000000000
20260903-vanilla-repeat-vanilla-reference-miny-m64-seed-0,vanilla-reference,0,-64,320,false,false,3465,256,block,diamond,minecraft:deepslate_diamond_ore,160,176,0,0.000000000
20260903-vanilla-repeat-vanilla-reference-miny-m64-seed-0,vanilla-reference,0,-64,320,false,false,3465,256,family,diamond,,176,192,0,0.000000000
20260903-vanilla-repeat-vanilla-reference-miny-m64-seed-0,vanilla-reference,0,-64,320,false,false,3465,256,block,diamond,minecraft:diamond_ore,176,192,0,0.000000000
20260903-vanilla-repeat-vanilla-reference-miny-m64-seed-0,vanilla-reference,0,-64,320,false,false,3465,256,block,diamond,minecraft:deepslate_diamond_ore,176,192,0,0.000000000
20260903-vanilla-repeat-vanilla-reference-miny-m64-seed-0,vanilla-reference,0,-64,320,false,false,3465,256,family,diamond,,192,208,0,0.000000000
20260903-vanilla-repeat-vanilla-reference-miny-m64-seed-0,vanilla-reference,0,-64,320,false,false,3465,256,block,diamond,minecraft:diamond_ore,192,208,0,0.000000000
20260903-vanilla-repeat-vanilla-reference-miny-m64-seed-0,vanilla-reference,0,-64,320,false,false,3465,256,block,diamond,minecraft:deepslate_diamond_ore,192,208,0,0.000000000
20260903-vanilla-repeat-vanilla-reference-miny-m64-seed-0,vanilla-reference,0,-64,320,false,false,3465,256,family,diamond,,208,224,0,0.000000000
20260903-vanilla-repeat-vanilla-reference-miny-m64-seed-0,vanilla-reference,0,-64,320,false,false,3465,256,block,diamond,minecraft:diamond_ore,208,224,0,0.000000000
20260903-vanilla-repeat-vanilla-reference-miny-m64-seed-0,vanilla-reference,0,-64,320,false,false,3465,256,block,diamond,minecraft:deepslate_diamond_ore,208,224,0,0.000000000
20260903-vanilla-repeat-vanilla-reference-miny-m64-seed-0,vanilla-reference,0,-64,320,false,false,3465,256,family,diamond,,224,240,0,0.000000000
20260903-vanilla-repeat-vanilla-reference-miny-m64-seed-0,vanilla-reference,0,-64,320,false,false,3465,256,block,diamond,minecraft:diamond_ore,224,240,0,0.000000000
20260903-vanilla-repeat-vanilla-reference-miny-m64-seed-0,vanilla-reference,0,-64,320,false,false,3465,256,block,diamond,minecraft:deepslate_diamond_ore,224,240,0,0.000000000
20260903-vanilla-repeat-vanilla-reference-miny-m64-seed-0,vanilla-reference,0,-64,320,false,false,3465,256,family,diamond,,240,256,0,0.000000000
20260903-vanilla-repeat-vanilla-reference-miny-m64-seed-0,vanilla-reference,0,-64,320,false,false,3465,256,block,diamond,minecraft:diamond_ore,240,256,0,0.000000000
20260903-vanilla-repeat-vanilla-reference-miny-m64-seed-0,vanilla-reference,0,-64,320,false,false,3465,256,block,diamond,minecraft:deepslate_diamond_ore,240,256,0,0.000000000
20260903-vanilla-repeat-vanilla-reference-miny-m64-seed-0,vanilla-reference,0,-64,320,false,false,3465,256,family,diamond,,256,272,0,0.000000000
20260903-vanilla-repeat-vanilla-reference-miny-m64-seed-0,vanilla-reference,0,-64,320,false,false,3465,256,block,diamond,minecraft:diamond_ore,256,272,0,0.000000000
20260903-vanilla-repeat-vanilla-reference-miny-m64-seed-0,vanilla-reference,0,-64,320,false,false,3465,256,block,diamond,minecraft:deepslate_diamond_ore,256,272,0,0.000000000
20260903-vanilla-repeat-vanilla-reference-miny-m64-seed-0,vanilla-reference,0,-64,320,false,false,3465,256,family,diamond,,272,288,0,0.000000000
20260903-vanilla-repeat-vanilla-reference-miny-m64-seed-0,vanilla-reference,0,-64,320,false,false,3465,256,block,diamond,minecraft:diamond_ore,272,288,0,0.000000000
20260903-vanilla-repeat-vanilla-reference-miny-m64-seed-0,vanilla-reference,0,-64,320,false,false,3465,256,block,diamond,minecraft:deepslate_diamond_ore,272,288,0,0.000000000
20260903-vanilla-repeat-vanilla-reference-miny-m64-seed-0,vanilla-reference,0,-64,320,false,false,3465,256,family,diamond,,288,304,0,0.000000000
20260903-vanilla-repeat-vanilla-reference-miny-m64-seed-0,vanilla-reference,0,-64,320,false,false,3465,256,block,diamond,minecraft:diamond_ore,288,304,0,0.000000000
20260903-vanilla-repeat-vanilla-reference-miny-m64-seed-0,vanilla-reference,0,-64,320,false,false,3465,256,block,diamond,minecraft:deepslate_diamond_ore,288,304,0,0.000000000
20260903-vanilla-repeat-vanilla-reference-miny-m64-seed-0,vanilla-reference,0,-64,320,false,false,3465,256,family,diamond,,304,320,0,0.000000000
20260903-vanilla-repeat-vanilla-reference-miny-m64-seed-0,vanilla-reference,0,-64,320,false,false,3465,256,block,diamond,minecraft:diamond_ore,304,320,0,0.000000000
20260903-vanilla-repeat-vanilla-reference-miny-m64-seed-0,vanilla-reference,0,-64,320,false,false,3465,256,block,diamond,minecraft:deepslate_diamond_ore,304,320,0,0.000000000
20260903-vanilla-repeat-vanilla-reference-miny-m64-seed-0,vanilla-reference,0,-64,320,false,false,3465,256,family,emerald,,-64,-48,0,0.000000000
20260903-vanilla-repeat-vanilla-reference-miny-m64-seed-0,vanilla-reference,0,-64,320,false,false,3465,256,block,emerald,minecraft:emerald_ore,-64,-48,0,0.000000000
20260903-vanilla-repeat-vanilla-reference-miny-m64-seed-0,vanilla-reference,0,-64,320,false,false,3465,256,block,emerald,minecraft:deepslate_emerald_ore,-64,-48,0,0.000000000
20260903-vanilla-repeat-vanilla-reference-miny-m64-seed-0,vanilla-reference,0,-64,320,false,false,3465,256,family,emerald,,-48,-32,0,0.000000000
20260903-vanilla-repeat-vanilla-reference-miny-m64-seed-0,vanilla-reference,0,-64,320,false,false,3465,256,block,emerald,minecraft:emerald_ore,-48,-32,0,0.000000000
20260903-vanilla-repeat-vanilla-reference-miny-m64-seed-0,vanilla-reference,0,-64,320,false,false,3465,256,block,emerald,minecraft:deepslate_emerald_ore,-48,-32,0,0.000000000
20260903-vanilla-repeat-vanilla-reference-miny-m64-seed-0,vanilla-reference,0,-64,320,false,false,3465,256,family,emerald,,-32,-16,0,0.000000000
20260903-vanilla-repeat-vanilla-reference-miny-m64-seed-0,vanilla-reference,0,-64,320,false,false,3465,256,block,emerald,minecraft:emerald_ore,-32,-16,0,0.000000000
20260903-vanilla-repeat-vanilla-reference-miny-m64-seed-0,vanilla-reference,0,-64,320,false,false,3465,256,block,emerald,minecraft:deepslate_emerald_ore,-32,-16,0,0.000000000
20260903-vanilla-repeat-vanilla-reference-miny-m64-seed-0,vanilla-reference,0,-64,320,false,false,3465,256,family,emerald,,-16,0,0,0.000000000
20260903-vanilla-repeat-vanilla-reference-miny-m64-seed-0,vanilla-reference,0,-64,320,false,false,3465,256,block,emerald,minecraft:emerald_ore,-16,0,0,0.000000000
20260903-vanilla-repeat-vanilla-reference-miny-m64-seed-0,vanilla-reference,0,-64,320,false,false,3465,256,block,emerald,minecraft:deepslate_emerald_ore,-16,0,0,0.000000000
20260903-vanilla-repeat-vanilla-reference-miny-m64-seed-0,vanilla-reference,0,-64,320,false,false,3465,256,family,emerald,,0,16,0,0.000000000
20260903-vanilla-repeat-vanilla-reference-miny-m64-seed-0,vanilla-reference,0,-64,320,false,false,3465,256,block,emerald,minecraft:emerald_ore,0,16,0,0.000000000
20260903-vanilla-repeat-vanilla-reference-miny-m64-seed-0,vanilla-reference,0,-64,320,false,false,3465,256,block,emerald,minecraft:deepslate_emerald_ore,0,16,0,0.000000000
20260903-vanilla-repeat-vanilla-reference-miny-m64-seed-0,vanilla-reference,0,-64,320,false,false,3465,256,family,emerald,,16,32,0,0.000000000
20260903-vanilla-repeat-vanilla-reference-miny-m64-seed-0,vanilla-reference,0,-64,320,false,false,3465,256,block,emerald,minecraft:emerald_ore,16,32,0,0.000000000
20260903-vanilla-repeat-vanilla-reference-miny-m64-seed-0,vanilla-reference,0,-64,320,false,false,3465,256,block,emerald,minecraft:deepslate_emerald_ore,16,32,0,0.000000000
20260903-vanilla-repeat-vanilla-reference-miny-m64-seed-0,vanilla-reference,0,-64,320,false,false,3465,256,family,emerald,,32,48,0,0.000000000
20260903-vanilla-repeat-vanilla-reference-miny-m64-seed-0,vanilla-reference,0,-64,320,false,false,3465,256,block,emerald,minecraft:emerald_ore,32,48,0,0.000000000
20260903-vanilla-repeat-vanilla-reference-miny-m64-seed-0,vanilla-reference,0,-64,320,false,false,3465,256,block,emerald,minecraft:deepslate_emerald_ore,32,48,0,0.000000000
20260903-vanilla-repeat-vanilla-reference-miny-m64-seed-0,vanilla-reference,0,-64,320,false,false,3465,256,family,emerald,,48,64,0,0.000000000
20260903-vanilla-repeat-vanilla-reference-miny-m64-seed-0,vanilla-reference,0,-64,320,false,false,3465,256,block,emerald,minecraft:emerald_ore,48,64,0,0.000000000
20260903-vanilla-repeat-vanilla-reference-miny-m64-seed-0,vanilla-reference,0,-64,320,false,false,3465,256,block,emerald,minecraft:deepslate_emerald_ore,48,64,0,0.000000000
20260903-vanilla-repeat-vanilla-reference-miny-m64-seed-0,vanilla-reference,0,-64,320,false,false,3465,256,family,emerald,,64,80,0,0.000000000
20260903-vanilla-repeat-vanilla-reference-miny-m64-seed-0,vanilla-reference,0,-64,320,false,false,3465,256,block,emerald,minecraft:emerald_ore,64,80,0,0.000000000
20260903-vanilla-repeat-vanilla-reference-miny-m64-seed-0,vanilla-reference,0,-64,320,false,false,3465,256,block,emerald,minecraft:deepslate_emerald_ore,64,80,0,0.000000000
20260903-vanilla-repeat-vanilla-reference-miny-m64-seed-0,vanilla-reference,0,-64,320,false,false,3465,256,family,emerald,,80,96,0,0.000000000
20260903-vanilla-repeat-vanilla-reference-miny-m64-seed-0,vanilla-reference,0,-64,320,false,false,3465,256,block,emerald,minecraft:emerald_ore,80,96,0,0.000000000
20260903-vanilla-repeat-vanilla-reference-miny-m64-seed-0,vanilla-reference,0,-64,320,false,false,3465,256,block,emerald,minecraft:deepslate_emerald_ore,80,96,0,0.000000000
20260903-vanilla-repeat-vanilla-reference-miny-m64-seed-0,vanilla-reference,0,-64,320,false,false,3465,256,family,emerald,,96,112,0,0.000000000
20260903-vanilla-repeat-vanilla-reference-miny-m64-seed-0,vanilla-reference,0,-64,320,false,false,3465,256,block,emerald,minecraft:emerald_ore,96,112,0,0.000000000
20260903-vanilla-repeat-vanilla-reference-miny-m64-seed-0,vanilla-reference,0,-64,320,false,false,3465,256,block,emerald,minecraft:deepslate_emerald_ore,96,112,0,0.000000000
20260903-vanilla-repeat-vanilla-reference-miny-m64-seed-0,vanilla-reference,0,-64,320,false,false,3465,256,family,emerald,,112,128,0,0.000000000
20260903-vanilla-repeat-vanilla-reference-miny-m64-seed-0,vanilla-reference,0,-64,320,false,false,3465,256,block,emerald,minecraft:emerald_ore,112,128,0,0.000000000
20260903-vanilla-repeat-vanilla-reference-miny-m64-seed-0,vanilla-reference,0,-64,320,false,false,3465,256,block,emerald,minecraft:deepslate_emerald_ore,112,128,0,0.000000000
20260903-vanilla-repeat-vanilla-reference-miny-m64-seed-0,vanilla-reference,0,-64,320,false,false,3465,256,family,emerald,,128,144,0,0.000000000
20260903-vanilla-repeat-vanilla-reference-miny-m64-seed-0,vanilla-reference,0,-64,320,false,false,3465,256,block,emerald,minecraft:emerald_ore,128,144,0,0.000000000
20260903-vanilla-repeat-vanilla-reference-miny-m64-seed-0,vanilla-reference,0,-64,320,false,false,3465,256,block,emerald,minecraft:deepslate_emerald_ore,128,144,0,0.000000000
20260903-vanilla-repeat-vanilla-reference-miny-m64-seed-0,vanilla-reference,0,-64,320,false,false,3465,256,family,emerald,,144,160,0,0.000000000
20260903-vanilla-repeat-vanilla-reference-miny-m64-seed-0,vanilla-reference,0,-64,320,false,false,3465,256,block,emerald,minecraft:emerald_ore,144,160,0,0.000000000
20260903-vanilla-repeat-vanilla-reference-miny-m64-seed-0,vanilla-reference,0,-64,320,false,false,3465,256,block,emerald,minecraft:deepslate_emerald_ore,144,160,0,0.000000000
20260903-vanilla-repeat-vanilla-reference-miny-m64-seed-0,vanilla-reference,0,-64,320,false,false,3465,256,family,emerald,,160,176,0,0.000000000
20260903-vanilla-repeat-vanilla-reference-miny-m64-seed-0,vanilla-reference,0,-64,320,false,false,3465,256,block,emerald,minecraft:emerald_ore,160,176,0,0.000000000
20260903-vanilla-repeat-vanilla-reference-miny-m64-seed-0,vanilla-reference,0,-64,320,false,false,3465,256,block,emerald,minecraft:deepslate_emerald_ore,160,176,0,0.000000000
20260903-vanilla-repeat-vanilla-reference-miny-m64-seed-0,vanilla-reference,0,-64,320,false,false,3465,256,family,emerald,,176,192,0,0.000000000
20260903-vanilla-repeat-vanilla-reference-miny-m64-seed-0,vanilla-reference,0,-64,320,false,false,3465,256,block,emerald,minecraft:emerald_ore,176,192,0,0.000000000
20260903-vanilla-repeat-vanilla-reference-miny-m64-seed-0,vanilla-reference,0,-64,320,false,false,3465,256,block,emerald,minecraft:deepslate_emerald_ore,176,192,0,0.000000000
20260903-vanilla-repeat-vanilla-reference-miny-m64-seed-0,vanilla-reference,0,-64,320,false,false,3465,256,family,emerald,,192,208,0,0.000000000
20260903-vanilla-repeat-vanilla-reference-miny-m64-seed-0,vanilla-reference,0,-64,320,false,false,3465,256,block,emerald,minecraft:emerald_ore,192,208,0,0.000000000
20260903-vanilla-repeat-vanilla-reference-miny-m64-seed-0,vanilla-reference,0,-64,320,false,false,3465,256,block,emerald,minecraft:deepslate_emerald_ore,192,208,0,0.000000000
20260903-vanilla-repeat-vanilla-reference-miny-m64-seed-0,vanilla-reference,0,-64,320,false,false,3465,256,family,emerald,,208,224,0,0.000000000
20260903-vanilla-repeat-vanilla-reference-miny-m64-seed-0,vanilla-reference,0,-64,320,false,false,3465,256,block,emerald,minecraft:emerald_ore,208,224,0,0.000000000
20260903-vanilla-repeat-vanilla-reference-miny-m64-seed-0,vanilla-reference,0,-64,320,false,false,3465,256,block,emerald,minecraft:deepslate_emerald_ore,208,224,0,0.000000000
20260903-vanilla-repeat-vanilla-reference-miny-m64-seed-0,vanilla-reference,0,-64,320,false,false,3465,256,family,emerald,,224,240,0,0.000000000
20260903-vanilla-repeat-vanilla-reference-miny-m64-seed-0,vanilla-reference,0,-64,320,false,false,3465,256,block,emerald,minecraft:emerald_ore,224,240,0,0.000000000
20260903-vanilla-repeat-vanilla-reference-miny-m64-seed-0,vanilla-reference,0,-64,320,false,false,3465,256,block,emerald,minecraft:deepslate_emerald_ore,224,240,0,0.000000000
20260903-vanilla-repeat-vanilla-reference-miny-m64-seed-0,vanilla-reference,0,-64,320,false,false,3465,256,family,emerald,,240,256,0,0.000000000
20260903-vanilla-repeat-vanilla-reference-miny-m64-seed-0,vanilla-reference,0,-64,320,false,false,3465,256,block,emerald,minecraft:emerald_ore,240,256,0,0.000000000
20260903-vanilla-repeat-vanilla-reference-miny-m64-seed-0,vanilla-reference,0,-64,320,false,false,3465,256,block,emerald,minecraft:deepslate_emerald_ore,240,256,0,0.000000000
20260903-vanilla-repeat-vanilla-reference-miny-m64-seed-0,vanilla-reference,0,-64,320,false,false,3465,256,family,emerald,,256,272,0,0.000000000
20260903-vanilla-repeat-vanilla-reference-miny-m64-seed-0,vanilla-reference,0,-64,320,false,false,3465,256,block,emerald,minecraft:emerald_ore,256,272,0,0.000000000
20260903-vanilla-repeat-vanilla-reference-miny-m64-seed-0,vanilla-reference,0,-64,320,false,false,3465,256,block,emerald,minecraft:deepslate_emerald_ore,256,272,0,0.000000000
20260903-vanilla-repeat-vanilla-reference-miny-m64-seed-0,vanilla-reference,0,-64,320,false,false,3465,256,family,emerald,,272,288,0,0.000000000
20260903-vanilla-repeat-vanilla-reference-miny-m64-seed-0,vanilla-reference,0,-64,320,false,false,3465,256,block,emerald,minecraft:emerald_ore,272,288,0,0.000000000
20260903-vanilla-repeat-vanilla-reference-miny-m64-seed-0,vanilla-reference,0,-64,320,false,false,3465,256,block,emerald,minecraft:deepslate_emerald_ore,272,288,0,0.000000000
20260903-vanilla-repeat-vanilla-reference-miny-m64-seed-0,vanilla-reference,0,-64,320,false,false,3465,256,family,emerald,,288,304,0,0.000000000
20260903-vanilla-repeat-vanilla-reference-miny-m64-seed-0,vanilla-reference,0,-64,320,false,false,3465,256,block,emerald,minecraft:emerald_ore,288,304,0,0.000000000
20260903-vanilla-repeat-vanilla-reference-miny-m64-seed-0,vanilla-reference,0,-64,320,false,false,3465,256,block,emerald,minecraft:deepslate_emerald_ore,288,304,0,0.000000000
20260903-vanilla-repeat-vanilla-reference-miny-m64-seed-0,vanilla-reference,0,-64,320,false,false,3465,256,family,emerald,,304,320,0,0.000000000
20260903-vanilla-repeat-vanilla-reference-miny-m64-seed-0,vanilla-reference,0,-64,320,false,false,3465,256,block,emerald,minecraft:emerald_ore,304,320,0,0.000000000
20260903-vanilla-repeat-vanilla-reference-miny-m64-seed-0,vanilla-reference,0,-64,320,false,false,3465,256,block,emerald,minecraft:deepslate_emerald_ore,304,320,0,0.000000000
20260903-vanilla-repeat-vanilla-reference-miny-m64-seed-0,vanilla-reference,0,-64,320,false,false,3465,256,family,gravel,,-64,-48,12286,47.992187500
20260903-vanilla-repeat-vanilla-reference-miny-m64-seed-0,vanilla-reference,0,-64,320,false,false,3465,256,block,gravel,minecraft:gravel,-64,-48,12286,47.992187500
20260903-vanilla-repeat-vanilla-reference-miny-m64-seed-0,vanilla-reference,0,-64,320,false,false,3465,256,family,gravel,,-48,-32,12750,49.804687500
20260903-vanilla-repeat-vanilla-reference-miny-m64-seed-0,vanilla-reference,0,-64,320,false,false,3465,256,block,gravel,minecraft:gravel,-48,-32,12750,49.804687500
20260903-vanilla-repeat-vanilla-reference-miny-m64-seed-0,vanilla-reference,0,-64,320,false,false,3465,256,family,gravel,,-32,-16,14271,55.746093750
20260903-vanilla-repeat-vanilla-reference-miny-m64-seed-0,vanilla-reference,0,-64,320,false,false,3465,256,block,gravel,minecraft:gravel,-32,-16,14271,55.746093750
20260903-vanilla-repeat-vanilla-reference-miny-m64-seed-0,vanilla-reference,0,-64,320,false,false,3465,256,family,gravel,,-16,0,12338,48.195312500
20260903-vanilla-repeat-vanilla-reference-miny-m64-seed-0,vanilla-reference,0,-64,320,false,false,3465,256,block,gravel,minecraft:gravel,-16,0,12338,48.195312500
20260903-vanilla-repeat-vanilla-reference-miny-m64-seed-0,vanilla-reference,0,-64,320,false,false,3465,256,family,gravel,,0,16,14532,56.765625000
20260903-vanilla-repeat-vanilla-reference-miny-m64-seed-0,vanilla-reference,0,-64,320,false,false,3465,256,block,gravel,minecraft:gravel,0,16,14532,56.765625000
20260903-vanilla-repeat-vanilla-reference-miny-m64-seed-0,vanilla-reference,0,-64,320,false,false,3465,256,family,gravel,,16,32,16696,65.218750000
20260903-vanilla-repeat-vanilla-reference-miny-m64-seed-0,vanilla-reference,0,-64,320,false,false,3465,256,block,gravel,minecraft:gravel,16,32,16696,65.218750000
20260903-vanilla-repeat-vanilla-reference-miny-m64-seed-0,vanilla-reference,0,-64,320,false,false,3465,256,family,gravel,,32,48,16595,64.824218750
20260903-vanilla-repeat-vanilla-reference-miny-m64-seed-0,vanilla-reference,0,-64,320,false,false,3465,256,block,gravel,minecraft:gravel,32,48,16595,64.824218750
20260903-vanilla-repeat-vanilla-reference-miny-m64-seed-0,vanilla-reference,0,-64,320,false,false,3465,256,family,gravel,,48,64,16603,64.855468750
20260903-vanilla-repeat-vanilla-reference-miny-m64-seed-0,vanilla-reference,0,-64,320,false,false,3465,256,block,gravel,minecraft:gravel,48,64,16603,64.855468750
20260903-vanilla-repeat-vanilla-reference-miny-m64-seed-0,vanilla-reference,0,-64,320,false,false,3465,256,family,gravel,,64,80,4291,16.761718750
20260903-vanilla-repeat-vanilla-reference-miny-m64-seed-0,vanilla-reference,0,-64,320,false,false,3465,256,block,gravel,minecraft:gravel,64,80,4291,16.761718750
20260903-vanilla-repeat-vanilla-reference-miny-m64-seed-0,vanilla-reference,0,-64,320,false,false,3465,256,family,gravel,,80,96,1966,7.679687500
20260903-vanilla-repeat-vanilla-reference-miny-m64-seed-0,vanilla-reference,0,-64,320,false,false,3465,256,block,gravel,minecraft:gravel,80,96,1966,7.679687500
20260903-vanilla-repeat-vanilla-reference-miny-m64-seed-0,vanilla-reference,0,-64,320,false,false,3465,256,family,gravel,,96,112,543,2.121093750
20260903-vanilla-repeat-vanilla-reference-miny-m64-seed-0,vanilla-reference,0,-64,320,false,false,3465,256,block,gravel,minecraft:gravel,96,112,543,2.121093750
20260903-vanilla-repeat-vanilla-reference-miny-m64-seed-0,vanilla-reference,0,-64,320,false,false,3465,256,family,gravel,,112,128,0,0.000000000
20260903-vanilla-repeat-vanilla-reference-miny-m64-seed-0,vanilla-reference,0,-64,320,false,false,3465,256,block,gravel,minecraft:gravel,112,128,0,0.000000000
20260903-vanilla-repeat-vanilla-reference-miny-m64-seed-0,vanilla-reference,0,-64,320,false,false,3465,256,family,gravel,,128,144,0,0.000000000
20260903-vanilla-repeat-vanilla-reference-miny-m64-seed-0,vanilla-reference,0,-64,320,false,false,3465,256,block,gravel,minecraft:gravel,128,144,0,0.000000000
20260903-vanilla-repeat-vanilla-reference-miny-m64-seed-0,vanilla-reference,0,-64,320,false,false,3465,256,family,gravel,,144,160,0,0.000000000
20260903-vanilla-repeat-vanilla-reference-miny-m64-seed-0,vanilla-reference,0,-64,320,false,false,3465,256,block,gravel,minecraft:gravel,144,160,0,0.000000000
20260903-vanilla-repeat-vanilla-reference-miny-m64-seed-0,vanilla-reference,0,-64,320,false,false,3465,256,family,gravel,,160,176,0,0.000000000
20260903-vanilla-repeat-vanilla-reference-miny-m64-seed-0,vanilla-reference,0,-64,320,false,false,3465,256,block,gravel,minecraft:gravel,160,176,0,0.000000000
20260903-vanilla-repeat-vanilla-reference-miny-m64-seed-0,vanilla-reference,0,-64,320,false,false,3465,256,family,gravel,,176,192,0,0.000000000
20260903-vanilla-repeat-vanilla-reference-miny-m64-seed-0,vanilla-reference,0,-64,320,false,false,3465,256,block,gravel,minecraft:gravel,176,192,0,0.000000000
20260903-vanilla-repeat-vanilla-reference-miny-m64-seed-0,vanilla-reference,0,-64,320,false,false,3465,256,family,gravel,,192,208,0,0.000000000
20260903-vanilla-repeat-vanilla-reference-miny-m64-seed-0,vanilla-reference,0,-64,320,false,false,3465,256,block,gravel,minecraft:gravel,192,208,0,0.000000000
20260903-vanilla-repeat-vanilla-reference-miny-m64-seed-0,vanilla-reference,0,-64,320,false,false,3465,256,family,gravel,,208,224,0,0.000000000
20260903-vanilla-repeat-vanilla-reference-miny-m64-seed-0,vanilla-reference,0,-64,320,false,false,3465,256,block,gravel,minecraft:gravel,208,224,0,0.000000000
20260903-vanilla-repeat-vanilla-reference-miny-m64-seed-0,vanilla-reference,0,-64,320,false,false,3465,256,family,gravel,,224,240,0,0.000000000
20260903-vanilla-repeat-vanilla-reference-miny-m64-seed-0,vanilla-reference,0,-64,320,false,false,3465,256,block,gravel,minecraft:gravel,224,240,0,0.000000000
20260903-vanilla-repeat-vanilla-reference-miny-m64-seed-0,vanilla-reference,0,-64,320,false,false,3465,256,family,gravel,,240,256,0,0.000000000
20260903-vanilla-repeat-vanilla-reference-miny-m64-seed-0,vanilla-reference,0,-64,320,false,false,3465,256,block,gravel,minecraft:gravel,240,256,0,0.000000000
20260903-vanilla-repeat-vanilla-reference-miny-m64-seed-0,vanilla-reference,0,-64,320,false,false,3465,256,family,gravel,,256,272,0,0.000000000
20260903-vanilla-repeat-vanilla-reference-miny-m64-seed-0,vanilla-reference,0,-64,320,false,false,3465,256,block,gravel,minecraft:gravel,256,272,0,0.000000000
20260903-vanilla-repeat-vanilla-reference-miny-m64-seed-0,vanilla-reference,0,-64,320,false,false,3465,256,family,gravel,,272,288,0,0.000000000
20260903-vanilla-repeat-vanilla-reference-miny-m64-seed-0,vanilla-reference,0,-64,320,false,false,3465,256,block,gravel,minecraft:gravel,272,288,0,0.000000000
20260903-vanilla-repeat-vanilla-reference-miny-m64-seed-0,vanilla-reference,0,-64,320,false,false,3465,256,family,gravel,,288,304,0,0.000000000
20260903-vanilla-repeat-vanilla-reference-miny-m64-seed-0,vanilla-reference,0,-64,320,false,false,3465,256,block,gravel,minecraft:gravel,288,304,0,0.000000000
20260903-vanilla-repeat-vanilla-reference-miny-m64-seed-0,vanilla-reference,0,-64,320,false,false,3465,256,family,gravel,,304,320,0,0.000000000
20260903-vanilla-repeat-vanilla-reference-miny-m64-seed-0,vanilla-reference,0,-64,320,false,false,3465,256,block,gravel,minecraft:gravel,304,320,0,0.000000000
20260903-vanilla-repeat-vanilla-reference-miny-m64-seed-0,vanilla-reference,0,-64,320,false,false,3465,256,family,tuff,,-64,-48,66977,261.628906250
20260903-vanilla-repeat-vanilla-reference-miny-m64-seed-0,vanilla-reference,0,-64,320,false,false,3465,256,block,tuff,minecraft:tuff,-64,-48,66977,261.628906250
20260903-vanilla-repeat-vanilla-reference-miny-m64-seed-0,vanilla-reference,0,-64,320,false,false,3465,256,family,tuff,,-48,-32,72839,284.527343750
20260903-vanilla-repeat-vanilla-reference-miny-m64-seed-0,vanilla-reference,0,-64,320,false,false,3465,256,block,tuff,minecraft:tuff,-48,-32,72839,284.527343750
20260903-vanilla-repeat-vanilla-reference-miny-m64-seed-0,vanilla-reference,0,-64,320,false,false,3465,256,family,tuff,,-32,-16,66464,259.625000000
20260903-vanilla-repeat-vanilla-reference-miny-m64-seed-0,vanilla-reference,0,-64,320,false,false,3465,256,block,tuff,minecraft:tuff,-32,-16,66464,259.625000000
20260903-vanilla-repeat-vanilla-reference-miny-m64-seed-0,vanilla-reference,0,-64,320,false,false,3465,256,family,tuff,,-16,0,59580,232.734375000
20260903-vanilla-repeat-vanilla-reference-miny-m64-seed-0,vanilla-reference,0,-64,320,false,false,3465,256,block,tuff,minecraft:tuff,-16,0,59580,232.734375000
20260903-vanilla-repeat-vanilla-reference-miny-m64-seed-0,vanilla-reference,0,-64,320,false,false,3465,256,family,tuff,,0,16,1909,7.457031250
20260903-vanilla-repeat-vanilla-reference-miny-m64-seed-0,vanilla-reference,0,-64,320,false,false,3465,256,block,tuff,minecraft:tuff,0,16,1909,7.457031250
20260903-vanilla-repeat-vanilla-reference-miny-m64-seed-0,vanilla-reference,0,-64,320,false,false,3465,256,family,tuff,,16,32,0,0.000000000
20260903-vanilla-repeat-vanilla-reference-miny-m64-seed-0,vanilla-reference,0,-64,320,false,false,3465,256,block,tuff,minecraft:tuff,16,32,0,0.000000000
20260903-vanilla-repeat-vanilla-reference-miny-m64-seed-0,vanilla-reference,0,-64,320,false,false,3465,256,family,tuff,,32,48,0,0.000000000
20260903-vanilla-repeat-vanilla-reference-miny-m64-seed-0,vanilla-reference,0,-64,320,false,false,3465,256,block,tuff,minecraft:tuff,32,48,0,0.000000000
20260903-vanilla-repeat-vanilla-reference-miny-m64-seed-0,vanilla-reference,0,-64,320,false,false,3465,256,family,tuff,,48,64,0,0.000000000
20260903-vanilla-repeat-vanilla-reference-miny-m64-seed-0,vanilla-reference,0,-64,320,false,false,3465,256,block,tuff,minecraft:tuff,48,64,0,0.000000000
20260903-vanilla-repeat-vanilla-reference-miny-m64-seed-0,vanilla-reference,0,-64,320,false,false,3465,256,family,tuff,,64,80,0,0.000000000
20260903-vanilla-repeat-vanilla-reference-miny-m64-seed-0,vanilla-reference,0,-64,320,false,false,3465,256,block,tuff,minecraft:tuff,64,80,0,0.000000000
20260903-vanilla-repeat-vanilla-reference-miny-m64-seed-0,vanilla-reference,0,-64,320,false,false,3465,256,family,tuff,,80,96,0,0.000000000
20260903-vanilla-repeat-vanilla-reference-miny-m64-seed-0,vanilla-reference,0,-64,320,false,false,3465,256,block,tuff,minecraft:tuff,80,96,0,0.000000000
20260903-vanilla-repeat-vanilla-reference-miny-m64-seed-0,vanilla-reference,0,-64,320,false,false,3465,256,family,tuff,,96,112,0,0.000000000
20260903-vanilla-repeat-vanilla-reference-miny-m64-seed-0,vanilla-reference,0,-64,320,false,false,3465,256,block,tuff,minecraft:tuff,96,112,0,0.000000000
20260903-vanilla-repeat-vanilla-reference-miny-m64-seed-0,vanilla-reference,0,-64,320,false,false,3465,256,family,tuff,,112,128,0,0.000000000
20260903-vanilla-repeat-vanilla-reference-miny-m64-seed-0,vanilla-reference,0,-64,320,false,false,3465,256,block,tuff,minecraft:tuff,112,128,0,0.000000000
20260903-vanilla-repeat-vanilla-reference-miny-m64-seed-0,vanilla-reference,0,-64,320,false,false,3465,256,family,tuff,,128,144,0,0.000000000
20260903-vanilla-repeat-vanilla-reference-miny-m64-seed-0,vanilla-reference,0,-64,320,false,false,3465,256,block,tuff,minecraft:tuff,128,144,0,0.000000000
20260903-vanilla-repeat-vanilla-reference-miny-m64-seed-0,vanilla-reference,0,-64,320,false,false,3465,256,family,tuff,,144,160,0,0.000000000
20260903-vanilla-repeat-vanilla-reference-miny-m64-seed-0,vanilla-reference,0,-64,320,false,false,3465,256,block,tuff,minecraft:tuff,144,160,0,0.000000000
20260903-vanilla-repeat-vanilla-reference-miny-m64-seed-0,vanilla-reference,0,-64,320,false,false,3465,256,family,tuff,,160,176,0,0.000000000
20260903-vanilla-repeat-vanilla-reference-miny-m64-seed-0,vanilla-reference,0,-64,320,false,false,3465,256,block,tuff,minecraft:tuff,160,176,0,0.000000000
20260903-vanilla-repeat-vanilla-reference-miny-m64-seed-0,vanilla-reference,0,-64,320,false,false,3465,256,family,tuff,,176,192,0,0.000000000
20260903-vanilla-repeat-vanilla-reference-miny-m64-seed-0,vanilla-reference,0,-64,320,false,false,3465,256,block,tuff,minecraft:tuff,176,192,0,0.000000000
20260903-vanilla-repeat-vanilla-reference-miny-m64-seed-0,vanilla-reference,0,-64,320,false,false,3465,256,family,tuff,,192,208,0,0.000000000
20260903-vanilla-repeat-vanilla-reference-miny-m64-seed-0,vanilla-reference,0,-64,320,false,false,3465,256,block,tuff,minecraft:tuff,192,208,0,0.000000000
20260903-vanilla-repeat-vanilla-reference-miny-m64-seed-0,vanilla-reference,0,-64,320,false,false,3465,256,family,tuff,,208,224,0,0.000000000
20260903-vanilla-repeat-vanilla-reference-miny-m64-seed-0,vanilla-reference,0,-64,320,false,false,3465,256,block,tuff,minecraft:tuff,208,224,0,0.000000000
20260903-vanilla-repeat-vanilla-reference-miny-m64-seed-0,vanilla-reference,0,-64,320,false,false,3465,256,family,tuff,,224,240,0,0.000000000
20260903-vanilla-repeat-vanilla-reference-miny-m64-seed-0,vanilla-reference,0,-64,320,false,false,3465,256,block,tuff,minecraft:tuff,224,240,0,0.000000000
20260903-vanilla-repeat-vanilla-reference-miny-m64-seed-0,vanilla-reference,0,-64,320,false,false,3465,256,family,tuff,,240,256,0,0.000000000
20260903-vanilla-repeat-vanilla-reference-miny-m64-seed-0,vanilla-reference,0,-64,320,false,false,3465,256,block,tuff,minecraft:tuff,240,256,0,0.000000000
20260903-vanilla-repeat-vanilla-reference-miny-m64-seed-0,vanilla-reference,0,-64,320,false,false,3465,256,family,tuff,,256,272,0,0.000000000
20260903-vanilla-repeat-vanilla-reference-miny-m64-seed-0,vanilla-reference,0,-64,320,false,false,3465,256,block,tuff,minecraft:tuff,256,272,0,0.000000000
20260903-vanilla-repeat-vanilla-reference-miny-m64-seed-0,vanilla-reference,0,-64,320,false,false,3465,256,family,tuff,,272,288,0,0.000000000
20260903-vanilla-repeat-vanilla-reference-miny-m64-seed-0,vanilla-reference,0,-64,320,false,false,3465,256,block,tuff,minecraft:tuff,272,288,0,0.000000000
20260903-vanilla-repeat-vanilla-reference-miny-m64-seed-0,vanilla-reference,0,-64,320,false,false,3465,256,family,tuff,,288,304,0,0.000000000
20260903-vanilla-repeat-vanilla-reference-miny-m64-seed-0,vanilla-reference,0,-64,320,false,false,3465,256,block,tuff,minecraft:tuff,288,304,0,0.000000000
20260903-vanilla-repeat-vanilla-reference-miny-m64-seed-0,vanilla-reference,0,-64,320,false,false,3465,256,family,tuff,,304,320,0,0.000000000
20260903-vanilla-repeat-vanilla-reference-miny-m64-seed-0,vanilla-reference,0,-64,320,false,false,3465,256,block,tuff,minecraft:tuff,304,320,0,0.000000000
