scenario,min_y,family,y_min,y_max_exclusive,samples,mean_count_per_chunk,min_count_per_chunk,max_count_per_chunk
community-off,-320,coal,-320,-304,5,0.000000000,0.000000000,0.000000000
community-off,-320,coal,-304,-288,5,0.000000000,0.000000000,0.000000000
community-off,-320,coal,-288,-272,5,0.000000000,0.000000000,0.000000000
community-off,-320,coal,-272,-256,5,0.000000000,0.000000000,0.000000000
community-off,-320,coal,-256,-240,5,0.000000000,0.000000000,0.000000000
community-off,-320,coal,-240,-224,5,0.000000000,0.000000000,0.000000000
community-off,-320,coal,-224,-208,5,0.000000000,0.000000000,0.000000000
community-off,-320,coal,-208,-192,5,0.000000000,0.000000000,0.000000000
community-off,-320,coal,-192,-176,5,0.000000000,0.000000000,0.000000000
community-off,-320,coal,-176,-160,5,0.000000000,0.000000000,0.000000000
community-off,-320,coal,-160,-144,5,0.000000000,0.000000000,0.000000000
community-off,-320,coal,-144,-128,5,0.000000000,0.000000000,0.000000000
community-off,-320,coal,-128,-112,5,0.000000000,0.000000000,0.000000000
community-off,-320,coal,-112,-96,5,0.000000000,0.000000000,0.000000000
community-off,-320,coal,-96,-80,5,0.000000000,0.000000000,0.000000000
community-off,-320,coal,-80,-64,5,0.000000000,0.000000000,0.000000000
community-off,-320,coal,-64,-48,5,0.000000000,0.000000000,0.000000000
community-off,-320,coal,-48,-32,5,0.000000000,0.000000000,0.000000000
community-off,-320,coal,-32,-16,5,0.000000000,0.000000000,0.000000000
community-off,-320,coal,-16,0,5,0.101562500,0.031250000,0.277343750
community-off,-320,coal,0,16,5,5.978906250,3.917968750,8.496093750
community-off,-320,coal,16,32,5,13.595312500,6.011718750,19.046875000
community-off,-320,coal,32,48,5,14.235156250,2.582031250,28.468750000
community-off,-320,coal,48,64,5,6.942968750,0.070312500,18.531250000
community-off,-320,coal,64,80,5,0.001562500,0.000000000,0.007812500
community-off,-320,coal,80,96,5,0.000000000,0.000000000,0.000000000
community-off,-320,coal,96,112,5,0.000000000,0.000000000,0.000000000
community-off,-320,coal,112,128,5,0.000000000,0.000000000,0.000000000
community-off,-320,coal,128,144,5,0.000000000,0.000000000,0.000000000
community-off,-320,coal,144,160,5,0.000000000,0.000000000,0.000000000
community-off,-320,coal,160,176,5,0.000000000,0.000000000,0.000000000
community-off,-320,coal,176,192,5,0.000000000,0.000000000,0.000000000
community-off,-320,coal,192,208,5,0.000000000,0.000000000,0.000000000
community-off,-320,coal,208,224,5,0.000000000,0.000000000,0.000000000
community-off,-320,coal,224,240,5,0.000000000,0.000000000,0.000000000
community-off,-320,coal,240,256,5,0.000000000,0.000000000,0.000000000
community-off,-320,coal,256,272,5,0.000000000,0.000000000,0.000000000
community-off,-320,coal,272,288,5,0.000000000,0.000000000,0.000000000
community-off,-320,coal,288,304,5,0.000000000,0.000000000,0.000000000
community-off,-320,coal,304,320,5,0.000000000,0.000000000,0.000000000
community-off,-320,copper,-320,-304,5,0.000000000,0.000000000,0.000000000
community-off,-320,copper,-304,-288,5,0.000000000,0.000000000,0.000000000
community-off,-320,copper,-288,-272,5,0.000000000,0.000000000,0.000000000
community-off,-320,copper,-272,-256,5,0.000000000,0.000000000,0.000000000
community-off,-320,copper,-256,-240,5,0.000000000,0.000000000,0.000000000
community-off,-320,copper,-240,-224,5,0.000000000,0.000000000,0.000000000
community-off,-320,copper,-224,-208,5,0.000000000,0.000000000,0.000000000
community-off,-320,copper,-208,-192,5,0.000000000,0.000000000,0.000000000
community-off,-320,copper,-192,-176,5,0.000000000,0.000000000,0.000000000
community-off,-320,copper,-176,-160,5,0.000000000,0.000000000,0.000000000
community-off,-320,copper,-160,-144,5,0.000000000,0.000000000,0.000000000
community-off,-320,copper,-144,-128,5,0.000000000,0.000000000,0.000000000
community-off,-320,copper,-128,-112,5,0.000000000,0.000000000,0.000000000
community-off,-320,copper,-112,-96,5,0.000000000,0.000000000,0.000000000
community-off,-320,copper,-96,-80,5,0.000000000,0.000000000,0.000000000
community-off,-320,copper,-80,-64,5,0.000000000,0.000000000,0.000000000
community-off,-320,copper,-64,-48,5,0.000000000,0.000000000,0.000000000
community-off,-320,copper,-48,-32,5,0.000000000,0.000000000,0.000000000
community-off,-320,copper,-32,-16,5,0.067187500,0.019531250,0.125000000
community-off,-320,copper,-16,0,5,4.503125000,3.496093750,4.972656250
community-off,-320,copper,0,16,5,11.729687500,7.933593750,17.046875000
community-off,-320,copper,16,32,5,15.675000000,6.535156250,19.945312500
community-off,-320,copper,32,48,5,14.118750000,3.128906250,27.414062500
community-off,-320,copper,48,64,5,4.953906250,0.128906250,13.160156250
community-off,-320,copper,64,80,5,0.001562500,0.000000000,0.007812500
community-off,-320,copper,80,96,5,0.000000000,0.000000000,0.000000000
community-off,-320,copper,96,112,5,0.000000000,0.000000000,0.000000000
community-off,-320,copper,112,128,5,0.000000000,0.000000000,0.000000000
community-off,-320,copper,128,144,5,0.000000000,0.000000000,0.000000000
community-off,-320,copper,144,160,5,0.000000000,0.000000000,0.000000000
community-off,-320,copper,160,176,5,0.000000000,0.000000000,0.000000000
community-off,-320,copper,176,192,5,0.000000000,0.000000000,0.000000000
community-off,-320,copper,192,208,5,0.000000000,0.000000000,0.000000000
community-off,-320,copper,208,224,5,0.000000000,0.000000000,0.000000000
community-off,-320,copper,224,240,5,0.000000000,0.000000000,0.000000000
community-off,-320,copper,240,256,5,0.000000000,0.000000000,0.000000000
community-off,-320,copper,256,272,5,0.000000000,0.000000000,0.000000000
community-off,-320,copper,272,288,5,0.000000000,0.000000000,0.000000000
community-off,-320,copper,288,304,5,0.000000000,0.000000000,0.000000000
community-off,-320,copper,304,320,5,0.000000000,0.000000000,0.000000000
community-off,-320,diamond,-320,-304,5,5.054687500,4.738281250,5.316406250
community-off,-320,diamond,-304,-288,5,4.439843750,4.214843750,4.722656250
community-off,-320,diamond,-288,-272,5,3.321093750,3.136718750,3.464843750
community-off,-320,diamond,-272,-256,5,1.954687500,1.718750000,2.121093750
community-off,-320,diamond,-256,-240,5,0.623437500,0.363281250,0.742187500
community-off,-320,diamond,-240,-224,5,0.000781250,0.000000000,0.003906250
community-off,-320,diamond,-224,-208,5,0.000000000,0.000000000,0.000000000
community-off,-320,diamond,-208,-192,5,0.000000000,0.000000000,0.000000000
community-off,-320,diamond,-192,-176,5,0.000000000,0.000000000,0.000000000
community-off,-320,diamond,-176,-160,5,0.000000000,0.000000000,0.000000000
community-off,-320,diamond,-160,-144,5,0.000000000,0.000000000,0.000000000
community-off,-320,diamond,-144,-128,5,0.000000000,0.000000000,0.000000000
community-off,-320,diamond,-128,-112,5,0.000000000,0.000000000,0.000000000
community-off,-320,diamond,-112,-96,5,0.000000000,0.000000000,0.000000000
community-off,-320,diamond,-96,-80,5,0.000000000,0.000000000,0.000000000
community-off,-320,diamond,-80,-64,5,0.000000000,0.000000000,0.000000000
community-off,-320,diamond,-64,-48,5,0.000000000,0.000000000,0.000000000
community-off,-320,diamond,-48,-32,5,0.000000000,0.000000000,0.000000000
community-off,-320,diamond,-32,-16,5,0.000000000,0.000000000,0.000000000
community-off,-320,diamond,-16,0,5,0.000000000,0.000000000,0.000000000
community-off,-320,diamond,0,16,5,0.000000000,0.000000000,0.000000000
community-off,-320,diamond,16,32,5,0.000000000,0.000000000,0.000000000
community-off,-320,diamond,32,48,5,0.000000000,0.000000000,0.000000000
community-off,-320,diamond,48,64,5,0.000000000,0.000000000,0.000000000
community-off,-320,diamond,64,80,5,0.000000000,0.000000000,0.000000000
community-off,-320,diamond,80,96,5,0.000000000,0.000000000,0.000000000
community-off,-320,diamond,96,112,5,0.000000000,0.000000000,0.000000000
community-off,-320,diamond,112,128,5,0.000000000,0.000000000,0.000000000
community-off,-320,diamond,128,144,5,0.000000000,0.000000000,0.000000000
community-off,-320,diamond,144,160,5,0.000000000,0.000000000,0.000000000
community-off,-320,diamond,160,176,5,0.000000000,0.000000000,0.000000000
community-off,-320,diamond,176,192,5,0.000000000,0.000000000,0.000000000
community-off,-320,diamond,192,208,5,0.000000000,0.000000000,0.000000000
community-off,-320,diamond,208,224,5,0.000000000,0.000000000,0.000000000
community-off,-320,diamond,224,240,5,0.000000000,0.000000000,0.000000000
community-off,-320,diamond,240,256,5,0.000000000,0.000000000,0.000000000
community-off,-320,diamond,256,272,5,0.000000000,0.000000000,0.000000000
community-off,-320,diamond,272,288,5,0.000000000,0.000000000,0.000000000
community-off,-320,diamond,288,304,5,0.000000000,0.000000000,0.000000000
community-off,-320,diamond,304,320,5,0.000000000,0.000000000,0.000000000
community-off,-320,emerald,-320,-304,5,0.000000000,0.000000000,0.000000000
community-off,-320,emerald,-304,-288,5,0.000000000,0.000000000,0.000000000
community-off,-320,emerald,-288,-272,5,0.000000000,0.000000000,0.000000000
community-off,-320,emerald,-272,-256,5,0.000000000,0.000000000,0.000000000
community-off,-320,emerald,-256,-240,5,0.000000000,0.000000000,0.000000000
community-off,-320,emerald,-240,-224,5,0.000000000,0.000000000,0.000000000
community-off,-320,emerald,-224,-208,5,0.000000000,0.000000000,0.000000000
community-off,-320,emerald,-208,-192,5,0.000000000,0.000000000,0.000000000
community-off,-320,emerald,-192,-176,5,0.000000000,0.000000000,0.000000000
community-off,-320,emerald,-176,-160,5,0.000000000,0.000000000,0.000000000
community-off,-320,emerald,-160,-144,5,0.000000000,0.000000000,0.000000000
community-off,-320,emerald,-144,-128,5,0.000000000,0.000000000,0.000000000
community-off,-320,emerald,-128,-112,5,0.000000000,0.000000000,0.000000000
community-off,-320,emerald,-112,-96,5,0.000000000,0.000000000,0.000000000
community-off,-320,emerald,-96,-80,5,0.000000000,0.000000000,0.000000000
community-off,-320,emerald,-80,-64,5,0.000000000,0.000000000,0.000000000
community-off,-320,emerald,-64,-48,5,0.000000000,0.000000000,0.000000000
community-off,-320,emerald,-48,-32,5,0.000000000,0.000000000,0.000000000
community-off,-320,emerald,-32,-16,5,0.000000000,0.000000000,0.000000000
community-off,-320,emerald,-16,0,5,0.000000000,0.000000000,0.000000000
community-off,-320,emerald,0,16,5,0.000000000,0.000000000,0.000000000
community-off,-320,emerald,16,32,5,0.000000000,0.000000000,0.000000000
community-off,-320,emerald,32,48,5,0.000000000,0.000000000,0.000000000
community-off,-320,emerald,48,64,5,0.000000000,0.000000000,0.000000000
community-off,-320,emerald,64,80,5,0.000000000,0.000000000,0.000000000
community-off,-320,emerald,80,96,5,0.000000000,0.000000000,0.000000000
community-off,-320,emerald,96,112,5,0.000000000,0.000000000,0.000000000
community-off,-320,emerald,112,128,5,0.000000000,0.000000000,0.000000000
community-off,-320,emerald,128,144,5,0.000000000,0.000000000,0.000000000
community-off,-320,emerald,144,160,5,0.000000000,0.000000000,0.000000000
community-off,-320,emerald,160,176,5,0.000000000,0.000000000,0.000000000
community-off,-320,emerald,176,192,5,0.000000000,0.000000000,0.000000000
community-off,-320,emerald,192,208,5,0.000000000,0.000000000,0.000000000
community-off,-320,emerald,208,224,5,0.000000000,0.000000000,0.000000000
community-off,-320,emerald,224,240,5,0.000000000,0.000000000,0.000000000
community-off,-320,emerald,240,256,5,0.000000000,0.000000000,0.000000000
community-off,-320,emerald,256,272,5,0.000000000,0.000000000,0.000000000
community-off,-320,emerald,272,288,5,0.000000000,0.000000000,0.000000000
community-off,-320,emerald,288,304,5,0.000000000,0.000000000,0.000000000
community-off,-320,emerald,304,320,5,0.000000000,0.000000000,0.000000000
community-off,-320,gold,-320,-304,5,0.000000000,0.000000000,0.000000000
community-off,-320,gold,-304,-288,5,0.000000000,0.000000000,0.000000000
community-off,-320,gold,-288,-272,5,0.000000000,0.000000000,0.000000000
community-off,-320,gold,-272,-256,5,0.000000000,0.000000000,0.000000000
community-off,-320,gold,-256,-240,5,0.000000000,0.000000000,0.000000000
community-off,-320,gold,-240,-224,5,0.000000000,0.000000000,0.000000000
community-off,-320,gold,-224,-208,5,0.000000000,0.000000000,0.000000000
community-off,-320,gold,-208,-192,5,0.000000000,0.000000000,0.000000000
community-off,-320,gold,-192,-176,5,0.000000000,0.000000000,0.000000000
community-off,-320,gold,-176,-160,5,0.000000000,0.000000000,0.000000000
community-off,-320,gold,-160,-144,5,0.000000000,0.000000000,0.000000000
community-off,-320,gold,-144,-128,5,0.000000000,0.000000000,0.000000000
community-off,-320,gold,-128,-112,5,0.000000000,0.000000000,0.000000000
community-off,-320,gold,-112,-96,5,0.000000000,0.000000000,0.000000000
community-off,-320,gold,-96,-80,5,0.000000000,0.000000000,0.000000000
community-off,-320,gold,-80,-64,5,0.264843750,0.144531250,0.394531250
community-off,-320,gold,-64,-48,5,4.540625000,4.031250000,5.054687500
community-off,-320,gold,-48,-32,5,4.312500000,4.000000000,4.718750000
community-off,-320,gold,-32,-16,5,6.949218750,6.347656250,7.296875000
community-off,-320,gold,-16,0,5,6.512500000,6.128906250,7.054687500
community-off,-320,gold,0,16,5,3.526562500,3.261718750,3.726562500
community-off,-320,gold,16,32,5,1.071875000,0.214843750,1.519531250
community-off,-320,gold,32,48,5,0.000000000,0.000000000,0.000000000
community-off,-320,gold,48,64,5,0.000000000,0.000000000,0.000000000
community-off,-320,gold,64,80,5,0.000000000,0.000000000,0.000000000
community-off,-320,gold,80,96,5,0.000000000,0.000000000,0.000000000
community-off,-320,gold,96,112,5,0.000000000,0.000000000,0.000000000
community-off,-320,gold,112,128,5,0.000000000,0.000000000,0.000000000
community-off,-320,gold,128,144,5,0.000000000,0.000000000,0.000000000
community-off,-320,gold,144,160,5,0.000000000,0.000000000,0.000000000
community-off,-320,gold,160,176,5,0.000000000,0.000000000,0.000000000
community-off,-320,gold,176,192,5,0.000000000,0.000000000,0.000000000
community-off,-320,gold,192,208,5,0.000000000,0.000000000,0.000000000
community-off,-320,gold,208,224,5,0.000000000,0.000000000,0.000000000
community-off,-320,gold,224,240,5,0.000000000,0.000000000,0.000000000
community-off,-320,gold,240,256,5,0.000000000,0.000000000,0.000000000
community-off,-320,gold,256,272,5,0.000000000,0.000000000,0.000000000
community-off,-320,gold,272,288,5,0.000000000,0.000000000,0.000000000
community-off,-320,gold,288,304,5,0.000000000,0.000000000,0.000000000
community-off,-320,gold,304,320,5,0.000000000,0.000000000,0.000000000
community-off,-320,gravel,-320,-304,5,29.892968750,24.890625000,32.015625000
community-off,-320,gravel,-304,-288,5,34.528125000,30.644531250,39.734375000
community-off,-320,gravel,-288,-272,5,37.025000000,33.593750000,44.515625000
community-off,-320,gravel,-272,-256,5,36.204687500,32.074218750,39.808593750
community-off,-320,gravel,-256,-240,5,38.249218750,33.144531250,43.566406250
community-off,-320,gravel,-240,-224,5,35.494531250,29.367187500,37.964843750
community-off,-320,gravel,-224,-208,5,36.726562500,32.074218750,44.847656250
community-off,-320,gravel,-208,-192,5,36.601562500,32.902343750,41.671875000
community-off,-320,gravel,-192,-176,5,33.832812500,30.183593750,36.019531250
community-off,-320,gravel,-176,-160,5,32.519531250,29.894531250,35.152343750
community-off,-320,gravel,-160,-144,5,38.744531250,29.093750000,46.953125000
community-off,-320,gravel,-144,-128,5,35.485156250,24.320312500,39.851562500
community-off,-320,gravel,-128,-112,5,37.899218750,31.429687500,40.437500000
community-off,-320,gravel,-112,-96,5,35.228125000,33.515625000,37.816406250
community-off,-320,gravel,-96,-80,5,37.565625000,32.843750000,42.585937500
community-off,-320,gravel,-80,-64,5,35.884375000,31.875000000,38.968750000
community-off,-320,gravel,-64,-48,5,35.551562500,30.859375000,41.777343750
community-off,-320,gravel,-48,-32,5,33.486718750,30.046875000,34.699218750
community-off,-320,gravel,-32,-16,5,37.042968750,34.726562500,39.828125000
community-off,-320,gravel,-16,0,5,39.113281250,31.425781250,55.234375000
community-off,-320,gravel,0,16,5,57.586718750,29.617187500,112.570312500
community-off,-320,gravel,16,32,5,65.885937500,30.070312500,126.957031250
community-off,-320,gravel,32,48,5,62.414843750,7.527343750,113.371093750
community-off,-320,gravel,48,64,5,21.369531250,0.175781250,66.378906250
community-off,-320,gravel,64,80,5,0.011718750,0.000000000,0.058593750
community-off,-320,gravel,80,96,5,0.000000000,0.000000000,0.000000000
community-off,-320,gravel,96,112,5,0.000000000,0.000000000,0.000000000
community-off,-320,gravel,112,128,5,0.000000000,0.000000000,0.000000000
community-off,-320,gravel,128,144,5,0.000000000,0.000000000,0.000000000
community-off,-320,gravel,144,160,5,0.000000000,0.000000000,0.000000000
community-off,-320,gravel,160,176,5,0.000000000,0.000000000,0.000000000
community-off,-320,gravel,176,192,5,0.000000000,0.000000000,0.000000000
community-off,-320,gravel,192,208,5,0.000000000,0.000000000,0.000000000
community-off,-320,gravel,208,224,5,0.000000000,0.000000000,0.000000000
community-off,-320,gravel,224,240,5,0.000000000,0.000000000,0.000000000
community-off,-320,gravel,240,256,5,0.000000000,0.000000000,0.000000000
community-off,-320,gravel,256,272,5,0.000000000,0.000000000,0.000000000
community-off,-320,gravel,272,288,5,0.000000000,0.000000000,0.000000000
community-off,-320,gravel,288,304,5,0.000000000,0.000000000,0.000000000
community-off,-320,gravel,304,320,5,0.000000000,0.000000000,0.000000000
community-off,-320,iron,-320,-304,5,0.623437500,0.492187500,0.765625000
community-off,-320,iron,-304,-288,5,0.691406250,0.582031250,0.824218750
community-off,-320,iron,-288,-272,5,0.811718750,0.660156250,0.917968750
community-off,-320,iron,-272,-256,5,0.769531250,0.519531250,1.003906250
community-off,-320,iron,-256,-240,5,0.657812500,0.480468750,0.851562500
community-off,-320,iron,-240,-224,5,0.740625000,0.480468750,0.839843750
community-off,-320,iron,-224,-208,5,0.722656250,0.656250000,0.781250000
community-off,-320,iron,-208,-192,5,0.807812500,0.769531250,0.871093750
community-off,-320,iron,-192,-176,5,0.722656250,0.675781250,0.820312500
community-off,-320,iron,-176,-160,5,0.735156250,0.679687500,0.781250000
community-off,-320,iron,-160,-144,5,0.807031250,0.621093750,0.941406250
community-off,-320,iron,-144,-128,5,0.673437500,0.511718750,0.816406250
community-off,-320,iron,-128,-112,5,0.733593750,0.699218750,0.800781250
community-off,-320,iron,-112,-96,5,0.816406250,0.781250000,0.875000000
community-off,-320,iron,-96,-80,5,0.753906250,0.652343750,0.832031250
community-off,-320,iron,-80,-64,5,0.789062500,0.750000000,0.863281250
community-off,-320,iron,-64,-48,5,1.546875000,0.660156250,3.199218750
community-off,-320,iron,-48,-32,5,2.121093750,0.648437500,5.218750000
community-off,-320,iron,-32,-16,5,3.837500000,2.222656250,6.734375000
community-off,-320,iron,-16,0,5,11.882812500,10.925781250,13.917968750
community-off,-320,iron,0,16,5,18.204687500,13.988281250,21.367187500
community-off,-320,iron,16,32,5,14.564843750,7.054687500,19.898437500
community-off,-320,iron,32,48,5,5.478125000,1.183593750,10.496093750
community-off,-320,iron,48,64,5,0.489843750,0.000000000,1.367187500
community-off,-320,iron,64,80,5,0.000000000,0.000000000,0.000000000
community-off,-320,iron,80,96,5,0.000000000,0.000000000,0.000000000
community-off,-320,iron,96,112,5,0.000000000,0.000000000,0.000000000
community-off,-320,iron,112,128,5,0.000000000,0.000000000,0.000000000
community-off,-320,iron,128,144,5,0.000000000,0.000000000,0.000000000
community-off,-320,iron,144,160,5,0.000000000,0.000000000,0.000000000
community-off,-320,iron,160,176,5,0.000000000,0.000000000,0.000000000
community-off,-320,iron,176,192,5,0.000000000,0.000000000,0.000000000
community-off,-320,iron,192,208,5,0.000000000,0.000000000,0.000000000
community-off,-320,iron,208,224,5,0.000000000,0.000000000,0.000000000
community-off,-320,iron,224,240,5,0.000000000,0.000000000,0.000000000
community-off,-320,iron,240,256,5,0.000000000,0.000000000,0.000000000
community-off,-320,iron,256,272,5,0.000000000,0.000000000,0.000000000
community-off,-320,iron,272,288,5,0.000000000,0.000000000,0.000000000
community-off,-320,iron,288,304,5,0.000000000,0.000000000,0.000000000
community-off,-320,iron,304,320,5,0.000000000,0.000000000,0.000000000
community-off,-320,lapis,-320,-304,5,0.517968750,0.417968750,0.718750000
community-off,-320,lapis,-304,-288,5,0.820312500,0.664062500,0.937500000
community-off,-320,lapis,-288,-272,5,0.801562500,0.648437500,0.941406250
community-off,-320,lapis,-272,-256,5,0.696093750,0.531250000,0.828125000
community-off,-320,lapis,-256,-240,5,0.729687500,0.488281250,0.878906250
community-off,-320,lapis,-240,-224,5,0.642968750,0.500000000,0.871093750
community-off,-320,lapis,-224,-208,5,0.707031250,0.527343750,0.773437500
community-off,-320,lapis,-208,-192,5,0.696875000,0.605468750,0.785156250
community-off,-320,lapis,-192,-176,5,0.704687500,0.664062500,0.773437500
community-off,-320,lapis,-176,-160,5,0.814062500,0.660156250,0.957031250
community-off,-320,lapis,-160,-144,5,0.699218750,0.531250000,0.835937500
community-off,-320,lapis,-144,-128,5,0.772656250,0.554687500,0.933593750
community-off,-320,lapis,-128,-112,5,0.783593750,0.710937500,0.937500000
community-off,-320,lapis,-112,-96,5,0.745312500,0.664062500,0.953125000
community-off,-320,lapis,-96,-80,5,0.766406250,0.597656250,0.941406250
community-off,-320,lapis,-80,-64,5,0.823437500,0.757812500,0.925781250
community-off,-320,lapis,-64,-48,5,0.732812500,0.621093750,0.875000000
community-off,-320,lapis,-48,-32,5,0.695312500,0.496093750,0.847656250
community-off,-320,lapis,-32,-16,5,2.043750000,1.828125000,2.531250000
community-off,-320,lapis,-16,0,5,4.240625000,3.632812500,4.636718750
community-off,-320,lapis,0,16,5,3.514843750,2.753906250,3.992187500
community-off,-320,lapis,16,32,5,1.402343750,0.777343750,1.917968750
community-off,-320,lapis,32,48,5,0.357812500,0.066406250,0.750000000
community-off,-320,lapis,48,64,5,0.135937500,0.000000000,0.359375000
community-off,-320,lapis,64,80,5,0.000000000,0.000000000,0.000000000
community-off,-320,lapis,80,96,5,0.000000000,0.000000000,0.000000000
community-off,-320,lapis,96,112,5,0.000000000,0.000000000,0.000000000
community-off,-320,lapis,112,128,5,0.000000000,0.000000000,0.000000000
community-off,-320,lapis,128,144,5,0.000000000,0.000000000,0.000000000
community-off,-320,lapis,144,160,5,0.000000000,0.000000000,0.000000000
community-off,-320,lapis,160,176,5,0.000000000,0.000000000,0.000000000
community-off,-320,lapis,176,192,5,0.000000000,0.000000000,0.000000000
community-off,-320,lapis,192,208,5,0.000000000,0.000000000,0.000000000
community-off,-320,lapis,208,224,5,0.000000000,0.000000000,0.000000000
community-off,-320,lapis,224,240,5,0.000000000,0.000000000,0.000000000
community-off,-320,lapis,240,256,5,0.000000000,0.000000000,0.000000000
community-off,-320,lapis,256,272,5,0.000000000,0.000000000,0.000000000
community-off,-320,lapis,272,288,5,0.000000000,0.000000000,0.000000000
community-off,-320,lapis,288,304,5,0.000000000,0.000000000,0.000000000
community-off,-320,lapis,304,320,5,0.000000000,0.000000000,0.000000000
community-off,-320,redstone,-320,-304,5,12.557031250,12.066406250,12.941406250
community-off,-320,redstone,-304,-288,5,5.792187500,5.117187500,6.167968750
community-off,-320,redstone,-288,-272,5,1.071875000,0.902343750,1.312500000
community-off,-320,redstone,-272,-256,5,1.090625000,0.863281250,1.339843750
community-off,-320,redstone,-256,-240,5,0.863281250,0.667968750,1.027343750
community-off,-320,redstone,-240,-224,5,1.010156250,0.863281250,1.179687500
community-off,-320,redstone,-224,-208,5,0.857031250,0.574218750,0.996093750
community-off,-320,redstone,-208,-192,5,0.948437500,0.800781250,1.156250000
community-off,-320,redstone,-192,-176,5,1.104687500,0.921875000,1.371093750
community-off,-320,redstone,-176,-160,5,0.971093750,0.847656250,1.171875000
community-off,-320,redstone,-160,-144,5,0.971875000,0.824218750,1.101562500
community-off,-320,redstone,-144,-128,5,0.903125000,0.847656250,1.007812500
community-off,-320,redstone,-128,-112,5,0.967968750,0.789062500,1.058593750
community-off,-320,redstone,-112,-96,5,1.008593750,0.929687500,1.089843750
community-off,-320,redstone,-96,-80,5,1.007812500,0.875000000,1.109375000
community-off,-320,redstone,-80,-64,5,1.179687500,1.003906250,1.273437500
community-off,-320,redstone,-64,-48,5,1.082812500,0.957031250,1.421875000
community-off,-320,redstone,-48,-32,5,0.884375000,0.753906250,1.019531250
community-off,-320,redstone,-32,-16,5,1.079687500,0.808593750,1.269531250
community-off,-320,redstone,-16,0,5,0.932812500,0.699218750,1.089843750
community-off,-320,redstone,0,16,5,0.764062500,0.656250000,0.851562500
community-off,-320,redstone,16,32,5,0.000000000,0.000000000,0.000000000
community-off,-320,redstone,32,48,5,0.000000000,0.000000000,0.000000000
community-off,-320,redstone,48,64,5,0.000000000,0.000000000,0.000000000
community-off,-320,redstone,64,80,5,0.000000000,0.000000000,0.000000000
community-off,-320,redstone,80,96,5,0.000000000,0.000000000,0.000000000
community-off,-320,redstone,96,112,5,0.000000000,0.000000000,0.000000000
community-off,-320,redstone,112,128,5,0.000000000,0.000000000,0.000000000
community-off,-320,redstone,128,144,5,0.000000000,0.000000000,0.000000000
community-off,-320,redstone,144,160,5,0.000000000,0.000000000,0.000000000
community-off,-320,redstone,160,176,5,0.000000000,0.000000000,0.000000000
community-off,-320,redstone,176,192,5,0.000000000,0.000000000,0.000000000
community-off,-320,redstone,192,208,5,0.000000000,0.000000000,0.000000000
community-off,-320,redstone,208,224,5,0.000000000,0.000000000,0.000000000
community-off,-320,redstone,224,240,5,0.000000000,0.000000000,0.000000000
community-off,-320,redstone,240,256,5,0.000000000,0.000000000,0.000000000
community-off,-320,redstone,256,272,5,0.000000000,0.000000000,0.000000000
community-off,-320,redstone,272,288,5,0.000000000,0.000000000,0.000000000
community-off,-320,redstone,288,304,5,0.000000000,0.000000000,0.000000000
community-off,-320,redstone,304,320,5,0.000000000,0.000000000,0.000000000
community-off,-320,tuff,-320,-304,5,55.921093750,46.675781250,67.972656250
community-off,-320,tuff,-304,-288,5,52.150000000,38.636718750,62.964843750
community-off,-320,tuff,-288,-272,5,54.747656250,44.628906250,59.351562500
community-off,-320,tuff,-272,-256,5,63.191406250,48.660156250,76.179687500
community-off,-320,tuff,-256,-240,5,66.217187500,53.906250000,81.132812500
community-off,-320,tuff,-240,-224,5,56.654687500,37.316406250,75.125000000
community-off,-320,tuff,-224,-208,5,55.004687500,42.726562500,77.015625000
community-off,-320,tuff,-208,-192,5,63.341406250,51.800781250,80.312500000
community-off,-320,tuff,-192,-176,5,61.891406250,50.839843750,73.929687500
community-off,-320,tuff,-176,-160,5,56.210156250,31.289062500,70.183593750
community-off,-320,tuff,-160,-144,5,61.307031250,52.910156250,68.468750000
community-off,-320,tuff,-144,-128,5,59.859375000,49.406250000,70.664062500
community-off,-320,tuff,-128,-112,5,62.299218750,36.394531250,91.878906250
community-off,-320,tuff,-112,-96,5,69.084375000,55.632812500,77.882812500
community-off,-320,tuff,-96,-80,5,74.589843750,65.093750000,90.023437500
community-off,-320,tuff,-80,-64,5,68.495312500,50.015625000,82.531250000
community-off,-320,tuff,-64,-48,5,65.183593750,43.761718750,76.843750000
community-off,-320,tuff,-48,-32,5,65.684375000,61.078125000,71.277343750
community-off,-320,tuff,-32,-16,5,70.357812500,50.953125000,82.597656250
community-off,-320,tuff,-16,0,5,54.228906250,48.906250000,58.636718750
community-off,-320,tuff,0,16,5,1.697656250,1.371093750,2.121093750
community-off,-320,tuff,16,32,5,0.000000000,0.000000000,0.000000000
community-off,-320,tuff,32,48,5,0.000000000,0.000000000,0.000000000
community-off,-320,tuff,48,64,5,0.000000000,0.000000000,0.000000000
community-off,-320,tuff,64,80,5,0.000000000,0.000000000,0.000000000
community-off,-320,tuff,80,96,5,0.000000000,0.000000000,0.000000000
community-off,-320,tuff,96,112,5,0.000000000,0.000000000,0.000000000
community-off,-320,tuff,112,128,5,0.000000000,0.000000000,0.000000000
community-off,-320,tuff,128,144,5,0.000000000,0.000000000,0.000000000
community-off,-320,tuff,144,160,5,0.000000000,0.000000000,0.000000000
community-off,-320,tuff,160,176,5,0.000000000,0.000000000,0.000000000
community-off,-320,tuff,176,192,5,0.000000000,0.000000000,0.000000000
community-off,-320,tuff,192,208,5,0.000000000,0.000000000,0.000000000
community-off,-320,tuff,208,224,5,0.000000000,0.000000000,0.000000000
community-off,-320,tuff,224,240,5,0.000000000,0.000000000,0.000000000
community-off,-320,tuff,240,256,5,0.000000000,0.000000000,0.000000000
community-off,-320,tuff,256,272,5,0.000000000,0.000000000,0.000000000
community-off,-320,tuff,272,288,5,0.000000000,0.000000000,0.000000000
community-off,-320,tuff,288,304,5,0.000000000,0.000000000,0.000000000
community-off,-320,tuff,304,320,5,0.000000000,0.000000000,0.000000000
community-off,-128,coal,-128,-112,5,0.000000000,0.000000000,0.000000000
community-off,-128,coal,-112,-96,5,0.000000000,0.000000000,0.000000000
community-off,-128,coal,-96,-80,5,0.000000000,0.000000000,0.000000000
community-off,-128,coal,-80,-64,5,0.000000000,0.000000000,0.000000000
community-off,-128,coal,-64,-48,5,0.000000000,0.000000000,0.000000000
community-off,-128,coal,-48,-32,5,0.000000000,0.000000000,0.000000000
community-off,-128,coal,-32,-16,5,0.000000000,0.000000000,0.000000000
community-off,-128,coal,-16,0,5,0.098437500,0.031250000,0.261718750
community-off,-128,coal,0,16,5,6.012500000,3.703125000,8.093750000
community-off,-128,coal,16,32,5,13.579687500,5.843750000,18.355468750
community-off,-128,coal,32,48,5,14.014843750,2.457031250,28.160156250
community-off,-128,coal,48,64,5,7.203125000,0.066406250,19.320312500
community-off,-128,coal,64,80,5,0.003906250,0.000000000,0.019531250
community-off,-128,coal,80,96,5,0.000000000,0.000000000,0.000000000
community-off,-128,coal,96,112,5,0.000000000,0.000000000,0.000000000
community-off,-128,coal,112,128,5,0.000000000,0.000000000,0.000000000
community-off,-128,coal,128,144,5,0.000000000,0.000000000,0.000000000
community-off,-128,coal,144,160,5,0.000000000,0.000000000,0.000000000
community-off,-128,coal,160,176,5,0.000000000,0.000000000,0.000000000
community-off,-128,coal,176,192,5,0.000000000,0.000000000,0.000000000
community-off,-128,coal,192,208,5,0.000000000,0.000000000,0.000000000
community-off,-128,coal,208,224,5,0.000000000,0.000000000,0.000000000
community-off,-128,coal,224,240,5,0.000000000,0.000000000,0.000000000
community-off,-128,coal,240,256,5,0.000000000,0.000000000,0.000000000
community-off,-128,coal,256,272,5,0.000000000,0.000000000,0.000000000
community-off,-128,coal,272,288,5,0.000000000,0.000000000,0.000000000
community-off,-128,coal,288,304,5,0.000000000,0.000000000,0.000000000
community-off,-128,coal,304,320,5,0.000000000,0.000000000,0.000000000
community-off,-128,copper,-128,-112,5,0.000000000,0.000000000,0.000000000
community-off,-128,copper,-112,-96,5,0.000000000,0.000000000,0.000000000
community-off,-128,copper,-96,-80,5,0.000000000,0.000000000,0.000000000
community-off,-128,copper,-80,-64,5,0.000000000,0.000000000,0.000000000
community-off,-128,copper,-64,-48,5,0.000000000,0.000000000,0.000000000
community-off,-128,copper,-48,-32,5,0.000000000,0.000000000,0.000000000
community-off,-128,copper,-32,-16,5,0.066406250,0.015625000,0.125000000
community-off,-128,copper,-16,0,5,4.389843750,3.421875000,4.722656250
community-off,-128,copper,0,16,5,11.591406250,7.941406250,16.839843750
community-off,-128,copper,16,32,5,15.521093750,6.714843750,19.718750000
community-off,-128,copper,32,48,5,14.046093750,3.171875000,27.402343750
community-off,-128,copper,48,64,5,4.913281250,0.113281250,12.988281250
community-off,-128,copper,64,80,5,0.001562500,0.000000000,0.007812500
community-off,-128,copper,80,96,5,0.000000000,0.000000000,0.000000000
community-off,-128,copper,96,112,5,0.000000000,0.000000000,0.000000000
community-off,-128,copper,112,128,5,0.000000000,0.000000000,0.000000000
community-off,-128,copper,128,144,5,0.000000000,0.000000000,0.000000000
community-off,-128,copper,144,160,5,0.000000000,0.000000000,0.000000000
community-off,-128,copper,160,176,5,0.000000000,0.000000000,0.000000000
community-off,-128,copper,176,192,5,0.000000000,0.000000000,0.000000000
community-off,-128,copper,192,208,5,0.000000000,0.000000000,0.000000000
community-off,-128,copper,208,224,5,0.000000000,0.000000000,0.000000000
community-off,-128,copper,224,240,5,0.000000000,0.000000000,0.000000000
community-off,-128,copper,240,256,5,0.000000000,0.000000000,0.000000000
community-off,-128,copper,256,272,5,0.000000000,0.000000000,0.000000000
community-off,-128,copper,272,288,5,0.000000000,0.000000000,0.000000000
community-off,-128,copper,288,304,5,0.000000000,0.000000000,0.000000000
community-off,-128,copper,304,320,5,0.000000000,0.000000000,0.000000000
community-off,-128,diamond,-128,-112,5,4.939062500,4.480468750,5.210937500
community-off,-128,diamond,-112,-96,5,4.301562500,3.925781250,4.535156250
community-off,-128,diamond,-96,-80,5,3.333593750,2.914062500,3.519531250
community-off,-128,diamond,-80,-64,5,1.904687500,1.394531250,2.203125000
community-off,-128,diamond,-64,-48,5,0.642968750,0.355468750,0.777343750
community-off,-128,diamond,-48,-32,5,0.000781250,0.000000000,0.003906250
community-off,-128,diamond,-32,-16,5,0.000000000,0.000000000,0.000000000
community-off,-128,diamond,-16,0,5,0.000000000,0.000000000,0.000000000
community-off,-128,diamond,0,16,5,0.000000000,0.000000000,0.000000000
community-off,-128,diamond,16,32,5,0.000000000,0.000000000,0.000000000
community-off,-128,diamond,32,48,5,0.000000000,0.000000000,0.000000000
community-off,-128,diamond,48,64,5,0.000000000,0.000000000,0.000000000
community-off,-128,diamond,64,80,5,0.000000000,0.000000000,0.000000000
community-off,-128,diamond,80,96,5,0.000000000,0.000000000,0.000000000
community-off,-128,diamond,96,112,5,0.000000000,0.000000000,0.000000000
community-off,-128,diamond,112,128,5,0.000000000,0.000000000,0.000000000
community-off,-128,diamond,128,144,5,0.000000000,0.000000000,0.000000000
community-off,-128,diamond,144,160,5,0.000000000,0.000000000,0.000000000
community-off,-128,diamond,160,176,5,0.000000000,0.000000000,0.000000000
community-off,-128,diamond,176,192,5,0.000000000,0.000000000,0.000000000
community-off,-128,diamond,192,208,5,0.000000000,0.000000000,0.000000000
community-off,-128,diamond,208,224,5,0.000000000,0.000000000,0.000000000
community-off,-128,diamond,224,240,5,0.000000000,0.000000000,0.000000000
community-off,-128,diamond,240,256,5,0.000000000,0.000000000,0.000000000
community-off,-128,diamond,256,272,5,0.000000000,0.000000000,0.000000000
community-off,-128,diamond,272,288,5,0.000000000,0.000000000,0.000000000
community-off,-128,diamond,288,304,5,0.000000000,0.000000000,0.000000000
community-off,-128,diamond,304,320,5,0.000000000,0.000000000,0.000000000
community-off,-128,emerald,-128,-112,5,0.000000000,0.000000000,0.000000000
community-off,-128,emerald,-112,-96,5,0.000000000,0.000000000,0.000000000
community-off,-128,emerald,-96,-80,5,0.000000000,0.000000000,0.000000000
community-off,-128,emerald,-80,-64,5,0.000000000,0.000000000,0.000000000
community-off,-128,emerald,-64,-48,5,0.000000000,0.000000000,0.000000000
community-off,-128,emerald,-48,-32,5,0.000000000,0.000000000,0.000000000
community-off,-128,emerald,-32,-16,5,0.000000000,0.000000000,0.000000000
community-off,-128,emerald,-16,0,5,0.000000000,0.000000000,0.000000000
community-off,-128,emerald,0,16,5,0.000000000,0.000000000,0.000000000
community-off,-128,emerald,16,32,5,0.000000000,0.000000000,0.000000000
community-off,-128,emerald,32,48,5,0.000000000,0.000000000,0.000000000
community-off,-128,emerald,48,64,5,0.000000000,0.000000000,0.000000000
community-off,-128,emerald,64,80,5,0.000000000,0.000000000,0.000000000
community-off,-128,emerald,80,96,5,0.000000000,0.000000000,0.000000000
community-off,-128,emerald,96,112,5,0.000000000,0.000000000,0.000000000
community-off,-128,emerald,112,128,5,0.000000000,0.000000000,0.000000000
community-off,-128,emerald,128,144,5,0.000000000,0.000000000,0.000000000
community-off,-128,emerald,144,160,5,0.000000000,0.000000000,0.000000000
community-off,-128,emerald,160,176,5,0.000000000,0.000000000,0.000000000
community-off,-128,emerald,176,192,5,0.000000000,0.000000000,0.000000000
community-off,-128,emerald,192,208,5,0.000000000,0.000000000,0.000000000
community-off,-128,emerald,208,224,5,0.000000000,0.000000000,0.000000000
community-off,-128,emerald,224,240,5,0.000000000,0.000000000,0.000000000
community-off,-128,emerald,240,256,5,0.000000000,0.000000000,0.000000000
community-off,-128,emerald,256,272,5,0.000000000,0.000000000,0.000000000
community-off,-128,emerald,272,288,5,0.000000000,0.000000000,0.000000000
community-off,-128,emerald,288,304,5,0.000000000,0.000000000,0.000000000
community-off,-128,emerald,304,320,5,0.000000000,0.000000000,0.000000000
community-off,-128,gold,-128,-112,5,0.000000000,0.000000000,0.000000000
community-off,-128,gold,-112,-96,5,0.000000000,0.000000000,0.000000000
community-off,-128,gold,-96,-80,5,0.000000000,0.000000000,0.000000000
community-off,-128,gold,-80,-64,5,0.271093750,0.175781250,0.363281250
community-off,-128,gold,-64,-48,5,4.381250000,3.691406250,4.898437500
community-off,-128,gold,-48,-32,5,4.187500000,3.996093750,4.433593750
community-off,-128,gold,-32,-16,5,6.867187500,6.441406250,7.238281250
community-off,-128,gold,-16,0,5,6.322656250,5.867187500,6.832031250
community-off,-128,gold,0,16,5,3.454687500,3.039062500,3.804687500
community-off,-128,gold,16,32,5,1.100781250,0.222656250,1.570312500
community-off,-128,gold,32,48,5,0.000000000,0.000000000,0.000000000
community-off,-128,gold,48,64,5,0.000000000,0.000000000,0.000000000
community-off,-128,gold,64,80,5,0.000000000,0.000000000,0.000000000
community-off,-128,gold,80,96,5,0.000000000,0.000000000,0.000000000
community-off,-128,gold,96,112,5,0.000000000,0.000000000,0.000000000
community-off,-128,gold,112,128,5,0.000000000,0.000000000,0.000000000
community-off,-128,gold,128,144,5,0.000000000,0.000000000,0.000000000
community-off,-128,gold,144,160,5,0.000000000,0.000000000,0.000000000
community-off,-128,gold,160,176,5,0.000000000,0.000000000,0.000000000
community-off,-128,gold,176,192,5,0.000000000,0.000000000,0.000000000
community-off,-128,gold,192,208,5,0.000000000,0.000000000,0.000000000
community-off,-128,gold,208,224,5,0.000000000,0.000000000,0.000000000
community-off,-128,gold,224,240,5,0.000000000,0.000000000,0.000000000
community-off,-128,gold,240,256,5,0.000000000,0.000000000,0.000000000
community-off,-128,gold,256,272,5,0.000000000,0.000000000,0.000000000
community-off,-128,gold,272,288,5,0.000000000,0.000000000,0.000000000
community-off,-128,gold,288,304,5,0.000000000,0.000000000,0.000000000
community-off,-128,gold,304,320,5,0.000000000,0.000000000,0.000000000
community-off,-128,gravel,-128,-112,5,44.042968750,39.664062500,47.304687500
community-off,-128,gravel,-112,-96,5,53.815625000,48.312500000,57.363281250
community-off,-128,gravel,-96,-80,5,50.557031250,48.593750000,52.605468750
community-off,-128,gravel,-80,-64,5,50.649218750,41.082031250,60.011718750
community-off,-128,gravel,-64,-48,5,51.176562500,46.617187500,57.277343750
community-off,-128,gravel,-48,-32,5,50.841406250,46.554687500,54.574218750
community-off,-128,gravel,-32,-16,5,54.511718750,52.441406250,57.140625000
community-off,-128,gravel,-16,0,5,57.810937500,41.593750000,71.210937500
community-off,-128,gravel,0,16,5,70.373437500,40.097656250,121.492187500
community-off,-128,gravel,16,32,5,77.135937500,36.785156250,142.941406250
community-off,-128,gravel,32,48,5,74.178125000,13.019531250,119.539062500
community-off,-128,gravel,48,64,5,24.633593750,0.226562500,68.218750000
community-off,-128,gravel,64,80,5,0.021093750,0.000000000,0.105468750
community-off,-128,gravel,80,96,5,0.000000000,0.000000000,0.000000000
community-off,-128,gravel,96,112,5,0.000000000,0.000000000,0.000000000
community-off,-128,gravel,112,128,5,0.000000000,0.000000000,0.000000000
community-off,-128,gravel,128,144,5,0.000000000,0.000000000,0.000000000
community-off,-128,gravel,144,160,5,0.000000000,0.000000000,0.000000000
community-off,-128,gravel,160,176,5,0.000000000,0.000000000,0.000000000
community-off,-128,gravel,176,192,5,0.000000000,0.000000000,0.000000000
community-off,-128,gravel,192,208,5,0.000000000,0.000000000,0.000000000
community-off,-128,gravel,208,224,5,0.000000000,0.000000000,0.000000000
community-off,-128,gravel,224,240,5,0.000000000,0.000000000,0.000000000
community-off,-128,gravel,240,256,5,0.000000000,0.000000000,0.000000000
community-off,-128,gravel,256,272,5,0.000000000,0.000000000,0.000000000
community-off,-128,gravel,272,288,5,0.000000000,0.000000000,0.000000000
community-off,-128,gravel,288,304,5,0.000000000,0.000000000,0.000000000
community-off,-128,gravel,304,320,5,0.000000000,0.000000000,0.000000000
community-off,-128,iron,-128,-112,5,1.216406250,1.097656250,1.292968750
community-off,-128,iron,-112,-96,5,1.358593750,1.003906250,1.609375000
community-off,-128,iron,-96,-80,5,1.414843750,1.343750000,1.519531250
community-off,-128,iron,-80,-64,5,1.348437500,1.246093750,1.480468750
community-off,-128,iron,-64,-48,5,2.239843750,1.378906250,3.554687500
community-off,-128,iron,-48,-32,5,2.840625000,1.445312500,5.667968750
community-off,-128,iron,-32,-16,5,4.403125000,2.746093750,7.316406250
community-off,-128,iron,-16,0,5,12.311718750,11.105468750,14.441406250
community-off,-128,iron,0,16,5,18.717968750,14.511718750,22.062500000
community-off,-128,iron,16,32,5,14.928125000,7.109375000,20.011718750
community-off,-128,iron,32,48,5,5.698437500,1.253906250,10.714843750
community-off,-128,iron,48,64,5,0.610937500,0.000000000,1.722656250
community-off,-128,iron,64,80,5,0.000000000,0.000000000,0.000000000
community-off,-128,iron,80,96,5,0.000000000,0.000000000,0.000000000
community-off,-128,iron,96,112,5,0.000000000,0.000000000,0.000000000
community-off,-128,iron,112,128,5,0.000000000,0.000000000,0.000000000
community-off,-128,iron,128,144,5,0.000000000,0.000000000,0.000000000
community-off,-128,iron,144,160,5,0.000000000,0.000000000,0.000000000
community-off,-128,iron,160,176,5,0.000000000,0.000000000,0.000000000
community-off,-128,iron,176,192,5,0.000000000,0.000000000,0.000000000
community-off,-128,iron,192,208,5,0.000000000,0.000000000,0.000000000
community-off,-128,iron,208,224,5,0.000000000,0.000000000,0.000000000
community-off,-128,iron,224,240,5,0.000000000,0.000000000,0.000000000
community-off,-128,iron,240,256,5,0.000000000,0.000000000,0.000000000
community-off,-128,iron,256,272,5,0.000000000,0.000000000,0.000000000
community-off,-128,iron,272,288,5,0.000000000,0.000000000,0.000000000
community-off,-128,iron,288,304,5,0.000000000,0.000000000,0.000000000
community-off,-128,iron,304,320,5,0.000000000,0.000000000,0.000000000
community-off,-128,lapis,-128,-112,5,1.259375000,1.187500000,1.343750000
community-off,-128,lapis,-112,-96,5,1.277343750,1.011718750,1.617187500
community-off,-128,lapis,-96,-80,5,1.475000000,1.332031250,1.558593750
community-off,-128,lapis,-80,-64,5,1.482812500,1.304687500,1.593750000
community-off,-128,lapis,-64,-48,5,1.394531250,1.097656250,1.675781250
community-off,-128,lapis,-48,-32,5,1.514062500,1.207031250,2.062500000
community-off,-128,lapis,-32,-16,5,2.813281250,2.371093750,3.171875000
community-off,-128,lapis,-16,0,5,4.738281250,3.914062500,5.476562500
community-off,-128,lapis,0,16,5,4.065625000,3.296875000,4.812500000
community-off,-128,lapis,16,32,5,1.872656250,0.906250000,2.519531250
community-off,-128,lapis,32,48,5,0.719531250,0.171875000,1.390625000
community-off,-128,lapis,48,64,5,0.285937500,0.003906250,0.781250000
community-off,-128,lapis,64,80,5,0.000000000,0.000000000,0.000000000
community-off,-128,lapis,80,96,5,0.000000000,0.000000000,0.000000000
community-off,-128,lapis,96,112,5,0.000000000,0.000000000,0.000000000
community-off,-128,lapis,112,128,5,0.000000000,0.000000000,0.000000000
community-off,-128,lapis,128,144,5,0.000000000,0.000000000,0.000000000
community-off,-128,lapis,144,160,5,0.000000000,0.000000000,0.000000000
community-off,-128,lapis,160,176,5,0.000000000,0.000000000,0.000000000
community-off,-128,lapis,176,192,5,0.000000000,0.000000000,0.000000000
community-off,-128,lapis,192,208,5,0.000000000,0.000000000,0.000000000
community-off,-128,lapis,208,224,5,0.000000000,0.000000000,0.000000000
community-off,-128,lapis,224,240,5,0.000000000,0.000000000,0.000000000
community-off,-128,lapis,240,256,5,0.000000000,0.000000000,0.000000000
community-off,-128,lapis,256,272,5,0.000000000,0.000000000,0.000000000
community-off,-128,lapis,272,288,5,0.000000000,0.000000000,0.000000000
community-off,-128,lapis,288,304,5,0.000000000,0.000000000,0.000000000
community-off,-128,lapis,304,320,5,0.000000000,0.000000000,0.000000000
community-off,-128,redstone,-128,-112,5,13.414062500,12.816406250,13.703125000
community-off,-128,redstone,-112,-96,5,6.980468750,6.164062500,7.398437500
community-off,-128,redstone,-96,-80,5,2.258593750,2.035156250,2.410156250
community-off,-128,redstone,-80,-64,5,2.425000000,2.136718750,2.878906250
community-off,-128,redstone,-64,-48,5,2.033593750,1.699218750,2.316406250
community-off,-128,redstone,-48,-32,5,2.332812500,1.957031250,2.570312500
community-off,-128,redstone,-32,-16,5,2.407812500,2.152343750,2.605468750
community-off,-128,redstone,-16,0,5,2.296875000,2.003906250,2.636718750
community-off,-128,redstone,0,16,5,1.757812500,1.281250000,2.054687500
community-off,-128,redstone,16,32,5,0.000000000,0.000000000,0.000000000
community-off,-128,redstone,32,48,5,0.000000000,0.000000000,0.000000000
community-off,-128,redstone,48,64,5,0.000000000,0.000000000,0.000000000
community-off,-128,redstone,64,80,5,0.000000000,0.000000000,0.000000000
community-off,-128,redstone,80,96,5,0.000000000,0.000000000,0.000000000
community-off,-128,redstone,96,112,5,0.000000000,0.000000000,0.000000000
community-off,-128,redstone,112,128,5,0.000000000,0.000000000,0.000000000
community-off,-128,redstone,128,144,5,0.000000000,0.000000000,0.000000000
community-off,-128,redstone,144,160,5,0.000000000,0.000000000,0.000000000
community-off,-128,redstone,160,176,5,0.000000000,0.000000000,0.000000000
community-off,-128,redstone,176,192,5,0.000000000,0.000000000,0.000000000
community-off,-128,redstone,192,208,5,0.000000000,0.000000000,0.000000000
community-off,-128,redstone,208,224,5,0.000000000,0.000000000,0.000000000
community-off,-128,redstone,224,240,5,0.000000000,0.000000000,0.000000000
community-off,-128,redstone,240,256,5,0.000000000,0.000000000,0.000000000
community-off,-128,redstone,256,272,5,0.000000000,0.000000000,0.000000000
community-off,-128,redstone,272,288,5,0.000000000,0.000000000,0.000000000
community-off,-128,redstone,288,304,5,0.000000000,0.000000000,0.000000000
community-off,-128,redstone,304,320,5,0.000000000,0.000000000,0.000000000
community-off,-128,tuff,-128,-112,5,124.182031250,104.632812500,135.117187500
community-off,-128,tuff,-112,-96,5,158.273437500,140.746093750,180.562500000
community-off,-128,tuff,-96,-80,5,154.451562500,131.570312500,168.292968750
community-off,-128,tuff,-80,-64,5,156.865625000,127.496093750,183.035156250
community-off,-128,tuff,-64,-48,5,145.042968750,132.625000000,155.464843750
community-off,-128,tuff,-48,-32,5,161.207812500,122.097656250,192.906250000
community-off,-128,tuff,-32,-16,5,156.037500000,138.289062500,172.546875000
community-off,-128,tuff,-16,0,5,130.422656250,101.707031250,159.566406250
community-off,-128,tuff,0,16,5,4.153125000,3.191406250,4.972656250
community-off,-128,tuff,16,32,5,0.000000000,0.000000000,0.000000000
community-off,-128,tuff,32,48,5,0.000000000,0.000000000,0.000000000
community-off,-128,tuff,48,64,5,0.000000000,0.000000000,0.000000000
community-off,-128,tuff,64,80,5,0.000000000,0.000000000,0.000000000
community-off,-128,tuff,80,96,5,0.000000000,0.000000000,0.000000000
community-off,-128,tuff,96,112,5,0.000000000,0.000000000,0.000000000
community-off,-128,tuff,112,128,5,0.000000000,0.000000000,0.000000000
community-off,-128,tuff,128,144,5,0.000000000,0.000000000,0.000000000
community-off,-128,tuff,144,160,5,0.000000000,0.000000000,0.000000000
community-off,-128,tuff,160,176,5,0.000000000,0.000000000,0.000000000
community-off,-128,tuff,176,192,5,0.000000000,0.000000000,0.000000000
community-off,-128,tuff,192,208,5,0.000000000,0.000000000,0.000000000
community-off,-128,tuff,208,224,5,0.000000000,0.000000000,0.000000000
community-off,-128,tuff,224,240,5,0.000000000,0.000000000,0.000000000
community-off,-128,tuff,240,256,5,0.000000000,0.000000000,0.000000000
community-off,-128,tuff,256,272,5,0.000000000,0.000000000,0.000000000
community-off,-128,tuff,272,288,5,0.000000000,0.000000000,0.000000000
community-off,-128,tuff,288,304,5,0.000000000,0.000000000,0.000000000
community-off,-128,tuff,304,320,5,0.000000000,0.000000000,0.000000000
community-off,-64,coal,-64,-48,5,0.000000000,0.000000000,0.000000000
community-off,-64,coal,-48,-32,5,0.000000000,0.000000000,0.000000000
community-off,-64,coal,-32,-16,5,0.000000000,0.000000000,0.000000000
community-off,-64,coal,-16,0,5,0.095312500,0.000000000,0.277343750
community-off,-64,coal,0,16,5,5.900781250,3.953125000,7.750000000
community-off,-64,coal,16,32,5,12.864062500,5.722656250,17.589843750
community-off,-64,coal,32,48,5,14.127343750,2.339843750,28.917968750
community-off,-64,coal,48,64,5,7.158593750,0.085937500,19.277343750
community-off,-64,coal,64,80,5,0.001562500,0.000000000,0.007812500
community-off,-64,coal,80,96,5,0.000000000,0.000000000,0.000000000
community-off,-64,coal,96,112,5,0.000000000,0.000000000,0.000000000
community-off,-64,coal,112,128,5,0.000000000,0.000000000,0.000000000
community-off,-64,coal,128,144,5,0.000000000,0.000000000,0.000000000
community-off,-64,coal,144,160,5,0.000000000,0.000000000,0.000000000
community-off,-64,coal,160,176,5,0.000000000,0.000000000,0.000000000
community-off,-64,coal,176,192,5,0.000000000,0.000000000,0.000000000
community-off,-64,coal,192,208,5,0.000000000,0.000000000,0.000000000
community-off,-64,coal,208,224,5,0.000000000,0.000000000,0.000000000
community-off,-64,coal,224,240,5,0.000000000,0.000000000,0.000000000
community-off,-64,coal,240,256,5,0.000000000,0.000000000,0.000000000
community-off,-64,coal,256,272,5,0.000000000,0.000000000,0.000000000
community-off,-64,coal,272,288,5,0.000000000,0.000000000,0.000000000
community-off,-64,coal,288,304,5,0.000000000,0.000000000,0.000000000
community-off,-64,coal,304,320,5,0.000000000,0.000000000,0.000000000
community-off,-64,copper,-64,-48,5,0.000000000,0.000000000,0.000000000
community-off,-64,copper,-48,-32,5,0.000000000,0.000000000,0.000000000
community-off,-64,copper,-32,-16,5,0.067187500,0.019531250,0.125000000
community-off,-64,copper,-16,0,5,4.406250000,3.421875000,4.902343750
community-off,-64,copper,0,16,5,11.367968750,7.546875000,16.917968750
community-off,-64,copper,16,32,5,15.157812500,6.417968750,19.125000000
community-off,-64,copper,32,48,5,13.782812500,2.968750000,26.914062500
community-off,-64,copper,48,64,5,4.892187500,0.117187500,12.964843750
community-off,-64,copper,64,80,5,0.001562500,0.000000000,0.007812500
community-off,-64,copper,80,96,5,0.000000000,0.000000000,0.000000000
community-off,-64,copper,96,112,5,0.000000000,0.000000000,0.000000000
community-off,-64,copper,112,128,5,0.000000000,0.000000000,0.000000000
community-off,-64,copper,128,144,5,0.000000000,0.000000000,0.000000000
community-off,-64,copper,144,160,5,0.000000000,0.000000000,0.000000000
community-off,-64,copper,160,176,5,0.000000000,0.000000000,0.000000000
community-off,-64,copper,176,192,5,0.000000000,0.000000000,0.000000000
community-off,-64,copper,192,208,5,0.000000000,0.000000000,0.000000000
community-off,-64,copper,208,224,5,0.000000000,0.000000000,0.000000000
community-off,-64,copper,224,240,5,0.000000000,0.000000000,0.000000000
community-off,-64,copper,240,256,5,0.000000000,0.000000000,0.000000000
community-off,-64,copper,256,272,5,0.000000000,0.000000000,0.000000000
community-off,-64,copper,272,288,5,0.000000000,0.000000000,0.000000000
community-off,-64,copper,288,304,5,0.000000000,0.000000000,0.000000000
community-off,-64,copper,304,320,5,0.000000000,0.000000000,0.000000000
community-off,-64,diamond,-64,-48,5,4.861718750,4.601562500,5.156250000
community-off,-64,diamond,-48,-32,5,4.339062500,4.054687500,4.621093750
community-off,-64,diamond,-32,-16,5,3.127343750,2.671875000,3.375000000
community-off,-64,diamond,-16,0,5,1.852343750,1.574218750,2.023437500
community-off,-64,diamond,0,16,5,0.566406250,0.398437500,0.808593750
community-off,-64,diamond,16,32,5,0.000781250,0.000000000,0.003906250
community-off,-64,diamond,32,48,5,0.000000000,0.000000000,0.000000000
community-off,-64,diamond,48,64,5,0.000000000,0.000000000,0.000000000
community-off,-64,diamond,64,80,5,0.000000000,0.000000000,0.000000000
community-off,-64,diamond,80,96,5,0.000000000,0.000000000,0.000000000
community-off,-64,diamond,96,112,5,0.000000000,0.000000000,0.000000000
community-off,-64,diamond,112,128,5,0.000000000,0.000000000,0.000000000
community-off,-64,diamond,128,144,5,0.000000000,0.000000000,0.000000000
community-off,-64,diamond,144,160,5,0.000000000,0.000000000,0.000000000
community-off,-64,diamond,160,176,5,0.000000000,0.000000000,0.000000000
community-off,-64,diamond,176,192,5,0.000000000,0.000000000,0.000000000
community-off,-64,diamond,192,208,5,0.000000000,0.000000000,0.000000000
community-off,-64,diamond,208,224,5,0.000000000,0.000000000,0.000000000
community-off,-64,diamond,224,240,5,0.000000000,0.000000000,0.000000000
community-off,-64,diamond,240,256,5,0.000000000,0.000000000,0.000000000
community-off,-64,diamond,256,272,5,0.000000000,0.000000000,0.000000000
community-off,-64,diamond,272,288,5,0.000000000,0.000000000,0.000000000
community-off,-64,diamond,288,304,5,0.000000000,0.000000000,0.000000000
community-off,-64,diamond,304,320,5,0.000000000,0.000000000,0.000000000
community-off,-64,emerald,-64,-48,5,0.000000000,0.000000000,0.000000000
community-off,-64,emerald,-48,-32,5,0.000000000,0.000000000,0.000000000
community-off,-64,emerald,-32,-16,5,0.000000000,0.000000000,0.000000000
community-off,-64,emerald,-16,0,5,0.000000000,0.000000000,0.000000000
community-off,-64,emerald,0,16,5,0.000000000,0.000000000,0.000000000
community-off,-64,emerald,16,32,5,0.000000000,0.000000000,0.000000000
community-off,-64,emerald,32,48,5,0.000000000,0.000000000,0.000000000
community-off,-64,emerald,48,64,5,0.000000000,0.000000000,0.000000000
community-off,-64,emerald,64,80,5,0.000000000,0.000000000,0.000000000
community-off,-64,emerald,80,96,5,0.000000000,0.000000000,0.000000000
community-off,-64,emerald,96,112,5,0.000000000,0.000000000,0.000000000
community-off,-64,emerald,112,128,5,0.000000000,0.000000000,0.000000000
community-off,-64,emerald,128,144,5,0.000000000,0.000000000,0.000000000
community-off,-64,emerald,144,160,5,0.000000000,0.000000000,0.000000000
community-off,-64,emerald,160,176,5,0.000000000,0.000000000,0.000000000
community-off,-64,emerald,176,192,5,0.000000000,0.000000000,0.000000000
community-off,-64,emerald,192,208,5,0.000000000,0.000000000,0.000000000
community-off,-64,emerald,208,224,5,0.000000000,0.000000000,0.000000000
community-off,-64,emerald,224,240,5,0.000000000,0.000000000,0.000000000
community-off,-64,emerald,240,256,5,0.000000000,0.000000000,0.000000000
community-off,-64,emerald,256,272,5,0.000000000,0.000000000,0.000000000
community-off,-64,emerald,272,288,5,0.000000000,0.000000000,0.000000000
community-off,-64,emerald,288,304,5,0.000000000,0.000000000,0.000000000
community-off,-64,emerald,304,320,5,0.000000000,0.000000000,0.000000000
community-off,-64,gold,-64,-48,5,3.875781250,3.566406250,4.164062500
community-off,-64,gold,-48,-32,5,4.097656250,3.652343750,4.582031250
community-off,-64,gold,-32,-16,5,6.708593750,6.464843750,7.097656250
community-off,-64,gold,-16,0,5,6.298437500,5.562500000,6.761718750
community-off,-64,gold,0,16,5,3.534375000,3.066406250,3.925781250
community-off,-64,gold,16,32,5,1.021875000,0.226562500,1.464843750
community-off,-64,gold,32,48,5,0.000000000,0.000000000,0.000000000
community-off,-64,gold,48,64,5,0.000000000,0.000000000,0.000000000
community-off,-64,gold,64,80,5,0.000000000,0.000000000,0.000000000
community-off,-64,gold,80,96,5,0.000000000,0.000000000,0.000000000
community-off,-64,gold,96,112,5,0.000000000,0.000000000,0.000000000
community-off,-64,gold,112,128,5,0.000000000,0.000000000,0.000000000
community-off,-64,gold,128,144,5,0.000000000,0.000000000,0.000000000
community-off,-64,gold,144,160,5,0.000000000,0.000000000,0.000000000
community-off,-64,gold,160,176,5,0.000000000,0.000000000,0.000000000
community-off,-64,gold,176,192,5,0.000000000,0.000000000,0.000000000
community-off,-64,gold,192,208,5,0.000000000,0.000000000,0.000000000
community-off,-64,gold,208,224,5,0.000000000,0.000000000,0.000000000
community-off,-64,gold,224,240,5,0.000000000,0.000000000,0.000000000
community-off,-64,gold,240,256,5,0.000000000,0.000000000,0.000000000
community-off,-64,gold,256,272,5,0.000000000,0.000000000,0.000000000
community-off,-64,gold,272,288,5,0.000000000,0.000000000,0.000000000
community-off,-64,gold,288,304,5,0.000000000,0.000000000,0.000000000
community-off,-64,gold,304,320,5,0.000000000,0.000000000,0.000000000
community-off,-64,gravel,-64,-48,5,51.626562500,47.929687500,56.031250000
community-off,-64,gravel,-48,-32,5,54.894531250,50.203125000,61.097656250
community-off,-64,gravel,-32,-16,5,60.433593750,55.488281250,68.539062500
community-off,-64,gravel,-16,0,5,60.957031250,51.011718750,73.187500000
community-off,-64,gravel,0,16,5,76.466406250,52.734375000,130.621093750
community-off,-64,gravel,16,32,5,81.514062500,47.257812500,138.835937500
community-off,-64,gravel,32,48,5,73.169531250,15.593750000,118.695312500
community-off,-64,gravel,48,64,5,26.128125000,1.601562500,69.769531250
community-off,-64,gravel,64,80,5,0.011718750,0.000000000,0.058593750
community-off,-64,gravel,80,96,5,0.000000000,0.000000000,0.000000000
community-off,-64,gravel,96,112,5,0.000000000,0.000000000,0.000000000
community-off,-64,gravel,112,128,5,0.000000000,0.000000000,0.000000000
community-off,-64,gravel,128,144,5,0.000000000,0.000000000,0.000000000
community-off,-64,gravel,144,160,5,0.000000000,0.000000000,0.000000000
community-off,-64,gravel,160,176,5,0.000000000,0.000000000,0.000000000
community-off,-64,gravel,176,192,5,0.000000000,0.000000000,0.000000000
community-off,-64,gravel,192,208,5,0.000000000,0.000000000,0.000000000
community-off,-64,gravel,208,224,5,0.000000000,0.000000000,0.000000000
community-off,-64,gravel,224,240,5,0.000000000,0.000000000,0.000000000
community-off,-64,gravel,240,256,5,0.000000000,0.000000000,0.000000000
community-off,-64,gravel,256,272,5,0.000000000,0.000000000,0.000000000
community-off,-64,gravel,272,288,5,0.000000000,0.000000000,0.000000000
community-off,-64,gravel,288,304,5,0.000000000,0.000000000,0.000000000
community-off,-64,gravel,304,320,5,0.000000000,0.000000000,0.000000000
community-off,-64,iron,-64,-48,5,2.582031250,1.355468750,4.398437500
community-off,-64,iron,-48,-32,5,3.453125000,2.011718750,6.394531250
community-off,-64,iron,-32,-16,5,5.075000000,3.433593750,7.734375000
community-off,-64,iron,-16,0,5,12.955468750,11.742187500,14.984375000
community-off,-64,iron,0,16,5,18.964843750,14.804687500,22.062500000
community-off,-64,iron,16,32,5,15.014062500,7.207031250,20.468750000
community-off,-64,iron,32,48,5,6.065625000,1.390625000,11.425781250
community-off,-64,iron,48,64,5,0.711718750,0.007812500,1.859375000
community-off,-64,iron,64,80,5,0.000781250,0.000000000,0.003906250
community-off,-64,iron,80,96,5,0.000000000,0.000000000,0.000000000
community-off,-64,iron,96,112,5,0.000000000,0.000000000,0.000000000
community-off,-64,iron,112,128,5,0.000000000,0.000000000,0.000000000
community-off,-64,iron,128,144,5,0.000000000,0.000000000,0.000000000
community-off,-64,iron,144,160,5,0.000000000,0.000000000,0.000000000
community-off,-64,iron,160,176,5,0.000000000,0.000000000,0.000000000
community-off,-64,iron,176,192,5,0.000000000,0.000000000,0.000000000
community-off,-64,iron,192,208,5,0.000000000,0.000000000,0.000000000
community-off,-64,iron,208,224,5,0.000000000,0.000000000,0.000000000
community-off,-64,iron,224,240,5,0.000000000,0.000000000,0.000000000
community-off,-64,iron,240,256,5,0.000000000,0.000000000,0.000000000
community-off,-64,iron,256,272,5,0.000000000,0.000000000,0.000000000
community-off,-64,iron,272,288,5,0.000000000,0.000000000,0.000000000
community-off,-64,iron,288,304,5,0.000000000,0.000000000,0.000000000
community-off,-64,iron,304,320,5,0.000000000,0.000000000,0.000000000
community-off,-64,lapis,-64,-48,5,1.828906250,1.652343750,2.152343750
community-off,-64,lapis,-48,-32,5,2.194531250,1.773437500,2.675781250
community-off,-64,lapis,-32,-16,5,3.544531250,3.242187500,3.800781250
community-off,-64,lapis,-16,0,5,5.409375000,4.859375000,5.855468750
community-off,-64,lapis,0,16,5,4.678125000,3.843750000,5.535156250
community-off,-64,lapis,16,32,5,2.411718750,1.230468750,2.914062500
community-off,-64,lapis,32,48,5,1.068750000,0.179687500,2.414062500
community-off,-64,lapis,48,64,5,0.348437500,0.000000000,1.003906250
community-off,-64,lapis,64,80,5,0.000000000,0.000000000,0.000000000
community-off,-64,lapis,80,96,5,0.000000000,0.000000000,0.000000000
community-off,-64,lapis,96,112,5,0.000000000,0.000000000,0.000000000
community-off,-64,lapis,112,128,5,0.000000000,0.000000000,0.000000000
community-off,-64,lapis,128,144,5,0.000000000,0.000000000,0.000000000
community-off,-64,lapis,144,160,5,0.000000000,0.000000000,0.000000000
community-off,-64,lapis,160,176,5,0.000000000,0.000000000,0.000000000
community-off,-64,lapis,176,192,5,0.000000000,0.000000000,0.000000000
community-off,-64,lapis,192,208,5,0.000000000,0.000000000,0.000000000
community-off,-64,lapis,208,224,5,0.000000000,0.000000000,0.000000000
community-off,-64,lapis,224,240,5,0.000000000,0.000000000,0.000000000
community-off,-64,lapis,240,256,5,0.000000000,0.000000000,0.000000000
community-off,-64,lapis,256,272,5,0.000000000,0.000000000,0.000000000
community-off,-64,lapis,272,288,5,0.000000000,0.000000000,0.000000000
community-off,-64,lapis,288,304,5,0.000000000,0.000000000,0.000000000
community-off,-64,lapis,304,320,5,0.000000000,0.000000000,0.000000000
community-off,-64,redstone,-64,-48,5,14.867187500,14.187500000,16.000000000
community-off,-64,redstone,-48,-32,5,8.464062500,7.699218750,9.128906250
community-off,-64,redstone,-32,-16,5,4.064843750,3.503906250,4.546875000
community-off,-64,redstone,-16,0,5,4.070312500,3.492187500,4.648437500
community-off,-64,redstone,0,16,5,3.277343750,3.019531250,3.648437500
community-off,-64,redstone,16,32,5,0.000000000,0.000000000,0.000000000
community-off,-64,redstone,32,48,5,0.000000000,0.000000000,0.000000000
community-off,-64,redstone,48,64,5,0.000000000,0.000000000,0.000000000
community-off,-64,redstone,64,80,5,0.000000000,0.000000000,0.000000000
community-off,-64,redstone,80,96,5,0.000000000,0.000000000,0.000000000
community-off,-64,redstone,96,112,5,0.000000000,0.000000000,0.000000000
community-off,-64,redstone,112,128,5,0.000000000,0.000000000,0.000000000
community-off,-64,redstone,128,144,5,0.000000000,0.000000000,0.000000000
community-off,-64,redstone,144,160,5,0.000000000,0.000000000,0.000000000
community-off,-64,redstone,160,176,5,0.000000000,0.000000000,0.000000000
community-off,-64,redstone,176,192,5,0.000000000,0.000000000,0.000000000
community-off,-64,redstone,192,208,5,0.000000000,0.000000000,0.000000000
community-off,-64,redstone,208,224,5,0.000000000,0.000000000,0.000000000
community-off,-64,redstone,224,240,5,0.000000000,0.000000000,0.000000000
community-off,-64,redstone,240,256,5,0.000000000,0.000000000,0.000000000
community-off,-64,redstone,256,272,5,0.000000000,0.000000000,0.000000000
community-off,-64,redstone,272,288,5,0.000000000,0.000000000,0.000000000
community-off,-64,redstone,288,304,5,0.000000000,0.000000000,0.000000000
community-off,-64,redstone,304,320,5,0.000000000,0.000000000,0.000000000
community-off,-64,tuff,-64,-48,5,243.075000000,229.214843750,262.156250000
community-off,-64,tuff,-48,-32,5,274.537500000,251.406250000,287.300781250
community-off,-64,tuff,-32,-16,5,294.266406250,275.273437500,304.531250000
community-off,-64,tuff,-16,0,5,282.654687500,249.632812500,301.578125000
community-off,-64,tuff,0,16,5,8.210937500,5.390625000,9.718750000
community-off,-64,tuff,16,32,5,0.000000000,0.000000000,0.000000000
community-off,-64,tuff,32,48,5,0.000000000,0.000000000,0.000000000
community-off,-64,tuff,48,64,5,0.000000000,0.000000000,0.000000000
community-off,-64,tuff,64,80,5,0.000000000,0.000000000,0.000000000
community-off,-64,tuff,80,96,5,0.000000000,0.000000000,0.000000000
community-off,-64,tuff,96,112,5,0.000000000,0.000000000,0.000000000
community-off,-64,tuff,112,128,5,0.000000000,0.000000000,0.000000000
community-off,-64,tuff,128,144,5,0.000000000,0.000000000,0.000000000
community-off,-64,tuff,144,160,5,0.000000000,0.000000000,0.000000000
community-off,-64,tuff,160,176,5,0.000000000,0.000000000,0.000000000
community-off,-64,tuff,176,192,5,0.000000000,0.000000000,0.000000000
community-off,-64,tuff,192,208,5,0.000000000,0.000000000,0.000000000
community-off,-64,tuff,208,224,5,0.000000000,0.000000000,0.000000000
community-off,-64,tuff,224,240,5,0.000000000,0.000000000,0.000000000
community-off,-64,tuff,240,256,5,0.000000000,0.000000000,0.000000000
community-off,-64,tuff,256,272,5,0.000000000,0.000000000,0.000000000
community-off,-64,tuff,272,288,5,0.000000000,0.000000000,0.000000000
community-off,-64,tuff,288,304,5,0.000000000,0.000000000,0.000000000
community-off,-64,tuff,304,320,5,0.000000000,0.000000000,0.000000000
community-on,-320,coal,-320,-304,5,0.000000000,0.000000000,0.000000000
community-on,-320,coal,-304,-288,5,0.000000000,0.000000000,0.000000000
community-on,-320,coal,-288,-272,5,0.000000000,0.000000000,0.000000000
community-on,-320,coal,-272,-256,5,0.000000000,0.000000000,0.000000000
community-on,-320,coal,-256,-240,5,0.000000000,0.000000000,0.000000000
community-on,-320,coal,-240,-224,5,0.000000000,0.000000000,0.000000000
community-on,-320,coal,-224,-208,5,0.000000000,0.000000000,0.000000000
community-on,-320,coal,-208,-192,5,0.000000000,0.000000000,0.000000000
community-on,-320,coal,-192,-176,5,0.000000000,0.000000000,0.000000000
community-on,-320,coal,-176,-160,5,0.000000000,0.000000000,0.000000000
community-on,-320,coal,-160,-144,5,0.000000000,0.000000000,0.000000000
community-on,-320,coal,-144,-128,5,0.000000000,0.000000000,0.000000000
community-on,-320,coal,-128,-112,5,0.000000000,0.000000000,0.000000000
community-on,-320,coal,-112,-96,5,0.000000000,0.000000000,0.000000000
community-on,-320,coal,-96,-80,5,0.000000000,0.000000000,0.000000000
community-on,-320,coal,-80,-64,5,0.000000000,0.000000000,0.000000000
community-on,-320,coal,-64,-48,5,0.000000000,0.000000000,0.000000000
community-on,-320,coal,-48,-32,5,0.000000000,0.000000000,0.000000000
community-on,-320,coal,-32,-16,5,0.000000000,0.000000000,0.000000000
community-on,-320,coal,-16,0,5,0.101562500,0.031250000,0.277343750
community-on,-320,coal,0,16,5,5.841406250,3.886718750,8.191406250
community-on,-320,coal,16,32,5,13.446093750,5.730468750,18.882812500
community-on,-320,coal,32,48,5,14.304687500,2.796875000,29.566406250
community-on,-320,coal,48,64,5,7.196875000,0.070312500,18.980468750
community-on,-320,coal,64,80,5,0.001562500,0.000000000,0.007812500
community-on,-320,coal,80,96,5,0.000000000,0.000000000,0.000000000
community-on,-320,coal,96,112,5,0.000000000,0.000000000,0.000000000
community-on,-320,coal,112,128,5,0.000000000,0.000000000,0.000000000
community-on,-320,coal,128,144,5,0.000000000,0.000000000,0.000000000
community-on,-320,coal,144,160,5,0.000000000,0.000000000,0.000000000
community-on,-320,coal,160,176,5,0.000000000,0.000000000,0.000000000
community-on,-320,coal,176,192,5,0.000000000,0.000000000,0.000000000
community-on,-320,coal,192,208,5,0.000000000,0.000000000,0.000000000
community-on,-320,coal,208,224,5,0.000000000,0.000000000,0.000000000
community-on,-320,coal,224,240,5,0.000000000,0.000000000,0.000000000
community-on,-320,coal,240,256,5,0.000000000,0.000000000,0.000000000
community-on,-320,coal,256,272,5,0.000000000,0.000000000,0.000000000
community-on,-320,coal,272,288,5,0.000000000,0.000000000,0.000000000
community-on,-320,coal,288,304,5,0.000000000,0.000000000,0.000000000
community-on,-320,coal,304,320,5,0.000000000,0.000000000,0.000000000
community-on,-320,copper,-320,-304,5,0.000000000,0.000000000,0.000000000
community-on,-320,copper,-304,-288,5,0.000000000,0.000000000,0.000000000
community-on,-320,copper,-288,-272,5,0.000000000,0.000000000,0.000000000
community-on,-320,copper,-272,-256,5,0.000000000,0.000000000,0.000000000
community-on,-320,copper,-256,-240,5,0.000000000,0.000000000,0.000000000
community-on,-320,copper,-240,-224,5,0.000000000,0.000000000,0.000000000
community-on,-320,copper,-224,-208,5,0.000000000,0.000000000,0.000000000
community-on,-320,copper,-208,-192,5,0.000000000,0.000000000,0.000000000
community-on,-320,copper,-192,-176,5,0.000000000,0.000000000,0.000000000
community-on,-320,copper,-176,-160,5,0.000000000,0.000000000,0.000000000
community-on,-320,copper,-160,-144,5,0.000000000,0.000000000,0.000000000
community-on,-320,copper,-144,-128,5,0.000000000,0.000000000,0.000000000
community-on,-320,copper,-128,-112,5,0.000000000,0.000000000,0.000000000
community-on,-320,copper,-112,-96,5,0.000000000,0.000000000,0.000000000
community-on,-320,copper,-96,-80,5,0.000000000,0.000000000,0.000000000
community-on,-320,copper,-80,-64,5,0.000000000,0.000000000,0.000000000
community-on,-320,copper,-64,-48,5,0.000000000,0.000000000,0.000000000
community-on,-320,copper,-48,-32,5,0.000000000,0.000000000,0.000000000
community-on,-320,copper,-32,-16,5,0.063281250,0.019531250,0.105468750
community-on,-320,copper,-16,0,5,4.462500000,3.468750000,4.976562500
community-on,-320,copper,0,16,5,11.591406250,7.863281250,16.843750000
community-on,-320,copper,16,32,5,15.550781250,6.445312500,20.019531250
community-on,-320,copper,32,48,5,14.000000000,3.160156250,27.218750000
community-on,-320,copper,48,64,5,4.864843750,0.128906250,13.007812500
community-on,-320,copper,64,80,5,0.001562500,0.000000000,0.007812500
community-on,-320,copper,80,96,5,0.000000000,0.000000000,0.000000000
community-on,-320,copper,96,112,5,0.000000000,0.000000000,0.000000000
community-on,-320,copper,112,128,5,0.000000000,0.000000000,0.000000000
community-on,-320,copper,128,144,5,0.000000000,0.000000000,0.000000000
community-on,-320,copper,144,160,5,0.000000000,0.000000000,0.000000000
community-on,-320,copper,160,176,5,0.000000000,0.000000000,0.000000000
community-on,-320,copper,176,192,5,0.000000000,0.000000000,0.000000000
community-on,-320,copper,192,208,5,0.000000000,0.000000000,0.000000000
community-on,-320,copper,208,224,5,0.000000000,0.000000000,0.000000000
community-on,-320,copper,224,240,5,0.000000000,0.000000000,0.000000000
community-on,-320,copper,240,256,5,0.000000000,0.000000000,0.000000000
community-on,-320,copper,256,272,5,0.000000000,0.000000000,0.000000000
community-on,-320,copper,272,288,5,0.000000000,0.000000000,0.000000000
community-on,-320,copper,288,304,5,0.000000000,0.000000000,0.000000000
community-on,-320,copper,304,320,5,0.000000000,0.000000000,0.000000000
community-on,-320,diamond,-320,-304,5,8.410937500,7.953125000,8.855468750
community-on,-320,diamond,-304,-288,5,10.121875000,9.031250000,10.992187500
community-on,-320,diamond,-288,-272,5,10.196093750,9.703125000,10.542968750
community-on,-320,diamond,-272,-256,5,9.496093750,8.914062500,10.117187500
community-on,-320,diamond,-256,-240,5,9.442968750,8.062500000,10.484375000
community-on,-320,diamond,-240,-224,5,9.217187500,8.039062500,9.945312500
community-on,-320,diamond,-224,-208,5,9.710937500,8.316406250,10.714843750
community-on,-320,diamond,-208,-192,5,9.876562500,9.308593750,10.117187500
community-on,-320,diamond,-192,-176,5,10.111718750,8.660156250,11.179687500
community-on,-320,diamond,-176,-160,5,9.935937500,8.863281250,10.980468750
community-on,-320,diamond,-160,-144,5,9.425000000,8.980468750,9.933593750
community-on,-320,diamond,-144,-128,5,8.042187500,7.484375000,8.812500000
community-on,-320,diamond,-128,-112,5,7.285156250,6.390625000,7.734375000
community-on,-320,diamond,-112,-96,5,6.200781250,5.496093750,6.523437500
community-on,-320,diamond,-96,-80,5,5.231250000,4.750000000,5.503906250
community-on,-320,diamond,-80,-64,5,4.219531250,3.542968750,4.734375000
community-on,-320,diamond,-64,-48,5,3.413281250,2.878906250,3.839843750
community-on,-320,diamond,-48,-32,5,2.329687500,1.777343750,2.828125000
community-on,-320,diamond,-32,-16,5,2.012500000,1.449218750,2.371093750
community-on,-320,diamond,-16,0,5,1.005468750,0.777343750,1.152343750
community-on,-320,diamond,0,16,5,0.337500000,0.218750000,0.460937500
community-on,-320,diamond,16,32,5,0.000000000,0.000000000,0.000000000
community-on,-320,diamond,32,48,5,0.000000000,0.000000000,0.000000000
community-on,-320,diamond,48,64,5,0.000000000,0.000000000,0.000000000
community-on,-320,diamond,64,80,5,0.000000000,0.000000000,0.000000000
community-on,-320,diamond,80,96,5,0.000000000,0.000000000,0.000000000
community-on,-320,diamond,96,112,5,0.000000000,0.000000000,0.000000000
community-on,-320,diamond,112,128,5,0.000000000,0.000000000,0.000000000
community-on,-320,diamond,128,144,5,0.000000000,0.000000000,0.000000000
community-on,-320,diamond,144,160,5,0.000000000,0.000000000,0.000000000
community-on,-320,diamond,160,176,5,0.000000000,0.000000000,0.000000000
community-on,-320,diamond,176,192,5,0.000000000,0.000000000,0.000000000
community-on,-320,diamond,192,208,5,0.000000000,0.000000000,0.000000000
community-on,-320,diamond,208,224,5,0.000000000,0.000000000,0.000000000
community-on,-320,diamond,224,240,5,0.000000000,0.000000000,0.000000000
community-on,-320,diamond,240,256,5,0.000000000,0.000000000,0.000000000
community-on,-320,diamond,256,272,5,0.000000000,0.000000000,0.000000000
community-on,-320,diamond,272,288,5,0.000000000,0.000000000,0.000000000
community-on,-320,diamond,288,304,5,0.000000000,0.000000000,0.000000000
community-on,-320,diamond,304,320,5,0.000000000,0.000000000,0.000000000
community-on,-320,emerald,-320,-304,5,0.000000000,0.000000000,0.000000000
community-on,-320,emerald,-304,-288,5,0.000000000,0.000000000,0.000000000
community-on,-320,emerald,-288,-272,5,0.000000000,0.000000000,0.000000000
community-on,-320,emerald,-272,-256,5,0.000000000,0.000000000,0.000000000
community-on,-320,emerald,-256,-240,5,0.000000000,0.000000000,0.000000000
community-on,-320,emerald,-240,-224,5,0.000000000,0.000000000,0.000000000
community-on,-320,emerald,-224,-208,5,0.000000000,0.000000000,0.000000000
community-on,-320,emerald,-208,-192,5,0.000000000,0.000000000,0.000000000
community-on,-320,emerald,-192,-176,5,0.000000000,0.000000000,0.000000000
community-on,-320,emerald,-176,-160,5,0.000000000,0.000000000,0.000000000
community-on,-320,emerald,-160,-144,5,0.000000000,0.000000000,0.000000000
community-on,-320,emerald,-144,-128,5,0.000000000,0.000000000,0.000000000
community-on,-320,emerald,-128,-112,5,0.000000000,0.000000000,0.000000000
community-on,-320,emerald,-112,-96,5,0.000000000,0.000000000,0.000000000
community-on,-320,emerald,-96,-80,5,0.000000000,0.000000000,0.000000000
community-on,-320,emerald,-80,-64,5,0.000000000,0.000000000,0.000000000
community-on,-320,emerald,-64,-48,5,0.000000000,0.000000000,0.000000000
community-on,-320,emerald,-48,-32,5,0.000000000,0.000000000,0.000000000
community-on,-320,emerald,-32,-16,5,0.000000000,0.000000000,0.000000000
community-on,-320,emerald,-16,0,5,0.000000000,0.000000000,0.000000000
community-on,-320,emerald,0,16,5,0.000000000,0.000000000,0.000000000
community-on,-320,emerald,16,32,5,0.000000000,0.000000000,0.000000000
community-on,-320,emerald,32,48,5,0.000000000,0.000000000,0.000000000
community-on,-320,emerald,48,64,5,0.000000000,0.000000000,0.000000000
community-on,-320,emerald,64,80,5,0.000000000,0.000000000,0.000000000
community-on,-320,emerald,80,96,5,0.000000000,0.000000000,0.000000000
community-on,-320,emerald,96,112,5,0.000000000,0.000000000,0.000000000
community-on,-320,emerald,112,128,5,0.000000000,0.000000000,0.000000000
community-on,-320,emerald,128,144,5,0.000000000,0.000000000,0.000000000
community-on,-320,emerald,144,160,5,0.000000000,0.000000000,0.000000000
community-on,-320,emerald,160,176,5,0.000000000,0.000000000,0.000000000
community-on,-320,emerald,176,192,5,0.000000000,0.000000000,0.000000000
community-on,-320,emerald,192,208,5,0.000000000,0.000000000,0.000000000
community-on,-320,emerald,208,224,5,0.000000000,0.000000000,0.000000000
community-on,-320,emerald,224,240,5,0.000000000,0.000000000,0.000000000
community-on,-320,emerald,240,256,5,0.000000000,0.000000000,0.000000000
community-on,-320,emerald,256,272,5,0.000000000,0.000000000,0.000000000
community-on,-320,emerald,272,288,5,0.000000000,0.000000000,0.000000000
community-on,-320,emerald,288,304,5,0.000000000,0.000000000,0.000000000
community-on,-320,emerald,304,320,5,0.000000000,0.000000000,0.000000000
community-on,-320,gold,-320,-304,5,3.521093750,3.222656250,3.976562500
community-on,-320,gold,-304,-288,5,4.294531250,3.824218750,4.691406250
community-on,-320,gold,-288,-272,5,4.368750000,4.203125000,4.613281250
community-on,-320,gold,-272,-256,5,4.027343750,3.652343750,4.464843750
community-on,-320,gold,-256,-240,5,3.884375000,3.351562500,4.195312500
community-on,-320,gold,-240,-224,5,4.028125000,3.593750000,4.296875000
community-on,-320,gold,-224,-208,5,4.124218750,2.960937500,5.003906250
community-on,-320,gold,-208,-192,5,3.966406250,3.273437500,4.761718750
community-on,-320,gold,-192,-176,5,4.235156250,3.898437500,4.699218750
community-on,-320,gold,-176,-160,5,4.167187500,3.625000000,4.675781250
community-on,-320,gold,-160,-144,5,4.164062500,3.300781250,4.792968750
community-on,-320,gold,-144,-128,5,4.069531250,3.617187500,4.640625000
community-on,-320,gold,-128,-112,5,3.940625000,3.785156250,4.113281250
community-on,-320,gold,-112,-96,5,4.129687500,3.636718750,4.531250000
community-on,-320,gold,-96,-80,5,4.187500000,3.710937500,4.960937500
community-on,-320,gold,-80,-64,5,4.988281250,4.636718750,5.199218750
community-on,-320,gold,-64,-48,5,6.893750000,6.011718750,7.933593750
community-on,-320,gold,-48,-32,5,3.973437500,3.328125000,4.480468750
community-on,-320,gold,-32,-16,5,4.171093750,3.691406250,4.406250000
community-on,-320,gold,-16,0,5,4.253125000,3.796875000,4.722656250
community-on,-320,gold,0,16,5,3.695312500,2.753906250,4.234375000
community-on,-320,gold,16,32,5,2.835937500,1.378906250,4.160156250
community-on,-320,gold,32,48,5,0.025000000,0.000000000,0.070312500
community-on,-320,gold,48,64,5,0.000000000,0.000000000,0.000000000
community-on,-320,gold,64,80,5,0.000000000,0.000000000,0.000000000
community-on,-320,gold,80,96,5,0.000000000,0.000000000,0.000000000
community-on,-320,gold,96,112,5,0.000000000,0.000000000,0.000000000
community-on,-320,gold,112,128,5,0.000000000,0.000000000,0.000000000
community-on,-320,gold,128,144,5,0.000000000,0.000000000,0.000000000
community-on,-320,gold,144,160,5,0.000000000,0.000000000,0.000000000
community-on,-320,gold,160,176,5,0.000000000,0.000000000,0.000000000
community-on,-320,gold,176,192,5,0.000000000,0.000000000,0.000000000
community-on,-320,gold,192,208,5,0.000000000,0.000000000,0.000000000
community-on,-320,gold,208,224,5,0.000000000,0.000000000,0.000000000
community-on,-320,gold,224,240,5,0.000000000,0.000000000,0.000000000
community-on,-320,gold,240,256,5,0.000000000,0.000000000,0.000000000
community-on,-320,gold,256,272,5,0.000000000,0.000000000,0.000000000
community-on,-320,gold,272,288,5,0.000000000,0.000000000,0.000000000
community-on,-320,gold,288,304,5,0.000000000,0.000000000,0.000000000
community-on,-320,gold,304,320,5,0.000000000,0.000000000,0.000000000
community-on,-320,gravel,-320,-304,5,60.892968750,53.738281250,71.246093750
community-on,-320,gravel,-304,-288,5,67.958593750,61.843750000,77.015625000
community-on,-320,gravel,-288,-272,5,69.429687500,60.500000000,82.324218750
community-on,-320,gravel,-272,-256,5,72.735937500,65.546875000,76.984375000
community-on,-320,gravel,-256,-240,5,70.436718750,65.074218750,76.050781250
community-on,-320,gravel,-240,-224,5,68.012500000,61.355468750,73.441406250
community-on,-320,gravel,-224,-208,5,72.229687500,56.824218750,83.160156250
community-on,-320,gravel,-208,-192,5,72.039062500,63.769531250,81.261718750
community-on,-320,gravel,-192,-176,5,68.737500000,61.445312500,74.757812500
community-on,-320,gravel,-176,-160,5,72.337500000,62.500000000,77.253906250
community-on,-320,gravel,-160,-144,5,71.161718750,60.355468750,82.589843750
community-on,-320,gravel,-144,-128,5,73.026562500,66.945312500,77.621093750
community-on,-320,gravel,-128,-112,5,73.912500000,64.058593750,86.207031250
community-on,-320,gravel,-112,-96,5,74.039843750,69.203125000,85.816406250
community-on,-320,gravel,-96,-80,5,74.580468750,66.703125000,85.203125000
community-on,-320,gravel,-80,-64,5,73.650781250,61.070312500,85.343750000
community-on,-320,gravel,-64,-48,5,74.486718750,66.097656250,82.636718750
community-on,-320,gravel,-48,-32,5,65.723437500,59.640625000,71.210937500
community-on,-320,gravel,-32,-16,5,75.856250000,70.820312500,79.406250000
community-on,-320,gravel,-16,0,5,74.841406250,62.503906250,85.398437500
community-on,-320,gravel,0,16,5,87.904687500,52.089843750,132.871093750
community-on,-320,gravel,16,32,5,90.124218750,56.375000000,156.296875000
community-on,-320,gravel,32,48,5,83.421093750,20.558593750,135.687500000
community-on,-320,gravel,48,64,5,29.282812500,0.828125000,87.753906250
community-on,-320,gravel,64,80,5,0.036718750,0.000000000,0.183593750
community-on,-320,gravel,80,96,5,0.000000000,0.000000000,0.000000000
community-on,-320,gravel,96,112,5,0.000000000,0.000000000,0.000000000
community-on,-320,gravel,112,128,5,0.000000000,0.000000000,0.000000000
community-on,-320,gravel,128,144,5,0.000000000,0.000000000,0.000000000
community-on,-320,gravel,144,160,5,0.000000000,0.000000000,0.000000000
community-on,-320,gravel,160,176,5,0.000000000,0.000000000,0.000000000
community-on,-320,gravel,176,192,5,0.000000000,0.000000000,0.000000000
community-on,-320,gravel,192,208,5,0.000000000,0.000000000,0.000000000
community-on,-320,gravel,208,224,5,0.000000000,0.000000000,0.000000000
community-on,-320,gravel,224,240,5,0.000000000,0.000000000,0.000000000
community-on,-320,gravel,240,256,5,0.000000000,0.000000000,0.000000000
community-on,-320,gravel,256,272,5,0.000000000,0.000000000,0.000000000
community-on,-320,gravel,272,288,5,0.000000000,0.000000000,0.000000000
community-on,-320,gravel,288,304,5,0.000000000,0.000000000,0.000000000
community-on,-320,gravel,304,320,5,0.000000000,0.000000000,0.000000000
community-on,-320,iron,-320,-304,5,0.619531250,0.500000000,0.757812500
community-on,-320,iron,-304,-288,5,0.689062500,0.582031250,0.808593750
community-on,-320,iron,-288,-272,5,0.802343750,0.660156250,0.894531250
community-on,-320,iron,-272,-256,5,0.766406250,0.511718750,1.023437500
community-on,-320,iron,-256,-240,5,0.657812500,0.488281250,0.855468750
community-on,-320,iron,-240,-224,5,0.732031250,0.488281250,0.835937500
community-on,-320,iron,-224,-208,5,0.725000000,0.675781250,0.785156250
community-on,-320,iron,-208,-192,5,0.800000000,0.746093750,0.871093750
community-on,-320,iron,-192,-176,5,0.716406250,0.675781250,0.777343750
community-on,-320,iron,-176,-160,5,0.725000000,0.679687500,0.765625000
community-on,-320,iron,-160,-144,5,0.792968750,0.605468750,0.929687500
community-on,-320,iron,-144,-128,5,0.669531250,0.515625000,0.816406250
community-on,-320,iron,-128,-112,5,0.732031250,0.699218750,0.789062500
community-on,-320,iron,-112,-96,5,0.804687500,0.757812500,0.855468750
community-on,-320,iron,-96,-80,5,0.745312500,0.640625000,0.804687500
community-on,-320,iron,-80,-64,5,0.764062500,0.675781250,0.847656250
community-on,-320,iron,-64,-48,5,1.538281250,0.664062500,3.187500000
community-on,-320,iron,-48,-32,5,2.113281250,0.648437500,5.203125000
community-on,-320,iron,-32,-16,5,3.811718750,2.183593750,6.753906250
community-on,-320,iron,-16,0,5,11.758593750,10.777343750,13.761718750
community-on,-320,iron,0,16,5,18.042187500,13.832031250,21.347656250
community-on,-320,iron,16,32,5,14.419531250,7.007812500,19.746093750
community-on,-320,iron,32,48,5,5.428125000,1.152343750,10.339843750
community-on,-320,iron,48,64,5,0.484375000,0.000000000,1.359375000
community-on,-320,iron,64,80,5,0.000000000,0.000000000,0.000000000
community-on,-320,iron,80,96,5,0.000000000,0.000000000,0.000000000
community-on,-320,iron,96,112,5,0.000000000,0.000000000,0.000000000
community-on,-320,iron,112,128,5,0.000000000,0.000000000,0.000000000
community-on,-320,iron,128,144,5,0.000000000,0.000000000,0.000000000
community-on,-320,iron,144,160,5,0.000000000,0.000000000,0.000000000
community-on,-320,iron,160,176,5,0.000000000,0.000000000,0.000000000
community-on,-320,iron,176,192,5,0.000000000,0.000000000,0.000000000
community-on,-320,iron,192,208,5,0.000000000,0.000000000,0.000000000
community-on,-320,iron,208,224,5,0.000000000,0.000000000,0.000000000
community-on,-320,iron,224,240,5,0.000000000,0.000000000,0.000000000
community-on,-320,iron,240,256,5,0.000000000,0.000000000,0.000000000
community-on,-320,iron,256,272,5,0.000000000,0.000000000,0.000000000
community-on,-320,iron,272,288,5,0.000000000,0.000000000,0.000000000
community-on,-320,iron,288,304,5,0.000000000,0.000000000,0.000000000
community-on,-320,iron,304,320,5,0.000000000,0.000000000,0.000000000
community-on,-320,lapis,-320,-304,5,4.374218750,4.109375000,4.750000000
community-on,-320,lapis,-304,-288,5,5.007031250,4.621093750,5.558593750
community-on,-320,lapis,-288,-272,5,5.368750000,5.023437500,5.781250000
community-on,-320,lapis,-272,-256,5,5.197656250,4.988281250,5.585937500
community-on,-320,lapis,-256,-240,5,5.115625000,4.316406250,5.761718750
community-on,-320,lapis,-240,-224,5,4.960937500,4.062500000,5.718750000
community-on,-320,lapis,-224,-208,5,4.965625000,3.937500000,5.593750000
community-on,-320,lapis,-208,-192,5,5.225000000,4.664062500,5.472656250
community-on,-320,lapis,-192,-176,5,5.098437500,4.464843750,5.542968750
community-on,-320,lapis,-176,-160,5,5.364062500,5.066406250,5.601562500
community-on,-320,lapis,-160,-144,5,5.238281250,4.828125000,5.703125000
community-on,-320,lapis,-144,-128,5,5.088281250,4.757812500,5.261718750
community-on,-320,lapis,-128,-112,5,4.915625000,4.421875000,5.335937500
community-on,-320,lapis,-112,-96,5,4.327343750,3.878906250,5.062500000
community-on,-320,lapis,-96,-80,5,4.142187500,3.816406250,4.402343750
community-on,-320,lapis,-80,-64,5,3.726562500,3.480468750,3.917968750
community-on,-320,lapis,-64,-48,5,3.589843750,3.125000000,3.925781250
community-on,-320,lapis,-48,-32,5,3.423437500,3.218750000,3.695312500
community-on,-320,lapis,-32,-16,5,3.096093750,2.742187500,3.593750000
community-on,-320,lapis,-16,0,5,2.834375000,2.484375000,3.164062500
community-on,-320,lapis,0,16,5,2.193750000,1.898437500,2.414062500
community-on,-320,lapis,16,32,5,1.739062500,0.625000000,2.398437500
community-on,-320,lapis,32,48,5,1.223437500,0.300781250,2.457031250
community-on,-320,lapis,48,64,5,0.383593750,0.003906250,1.078125000
community-on,-320,lapis,64,80,5,0.000000000,0.000000000,0.000000000
community-on,-320,lapis,80,96,5,0.000000000,0.000000000,0.000000000
community-on,-320,lapis,96,112,5,0.000000000,0.000000000,0.000000000
community-on,-320,lapis,112,128,5,0.000000000,0.000000000,0.000000000
community-on,-320,lapis,128,144,5,0.000000000,0.000000000,0.000000000
community-on,-320,lapis,144,160,5,0.000000000,0.000000000,0.000000000
community-on,-320,lapis,160,176,5,0.000000000,0.000000000,0.000000000
community-on,-320,lapis,176,192,5,0.000000000,0.000000000,0.000000000
community-on,-320,lapis,192,208,5,0.000000000,0.000000000,0.000000000
community-on,-320,lapis,208,224,5,0.000000000,0.000000000,0.000000000
community-on,-320,lapis,224,240,5,0.000000000,0.000000000,0.000000000
community-on,-320,lapis,240,256,5,0.000000000,0.000000000,0.000000000
community-on,-320,lapis,256,272,5,0.000000000,0.000000000,0.000000000
community-on,-320,lapis,272,288,5,0.000000000,0.000000000,0.000000000
community-on,-320,lapis,288,304,5,0.000000000,0.000000000,0.000000000
community-on,-320,lapis,304,320,5,0.000000000,0.000000000,0.000000000
community-on,-320,redstone,-320,-304,5,20.544531250,18.898437500,21.882812500
community-on,-320,redstone,-304,-288,5,23.621093750,22.476562500,24.589843750
community-on,-320,redstone,-288,-272,5,24.089843750,22.937500000,24.722656250
community-on,-320,redstone,-272,-256,5,23.515625000,22.382812500,25.292968750
community-on,-320,redstone,-256,-240,5,23.665625000,20.648437500,26.132812500
community-on,-320,redstone,-240,-224,5,24.006250000,20.546875000,26.398437500
community-on,-320,redstone,-224,-208,5,23.527343750,19.933593750,25.410156250
community-on,-320,redstone,-208,-192,5,23.634375000,22.492187500,24.566406250
community-on,-320,redstone,-192,-176,5,23.951562500,21.644531250,26.101562500
community-on,-320,redstone,-176,-160,5,24.326562500,22.160156250,25.957031250
community-on,-320,redstone,-160,-144,5,24.418750000,21.460937500,25.464843750
community-on,-320,redstone,-144,-128,5,23.700000000,22.109375000,25.957031250
community-on,-320,redstone,-128,-112,5,24.385937500,23.843750000,24.882812500
community-on,-320,redstone,-112,-96,5,23.609375000,23.101562500,24.113281250
community-on,-320,redstone,-96,-80,5,25.115625000,24.433593750,25.457031250
community-on,-320,redstone,-80,-64,5,24.533593750,21.296875000,26.773437500
community-on,-320,redstone,-64,-48,5,23.661718750,21.140625000,25.796875000
community-on,-320,redstone,-48,-32,5,23.287500000,21.183593750,25.445312500
community-on,-320,redstone,-32,-16,5,3.726562500,3.226562500,4.210937500
community-on,-320,redstone,-16,0,5,3.389843750,2.875000000,3.785156250
community-on,-320,redstone,0,16,5,2.995312500,2.328125000,3.695312500
community-on,-320,redstone,16,32,5,0.021093750,0.003906250,0.039062500
community-on,-320,redstone,32,48,5,0.000000000,0.000000000,0.000000000
community-on,-320,redstone,48,64,5,0.000000000,0.000000000,0.000000000
community-on,-320,redstone,64,80,5,0.000000000,0.000000000,0.000000000
community-on,-320,redstone,80,96,5,0.000000000,0.000000000,0.000000000
community-on,-320,redstone,96,112,5,0.000000000,0.000000000,0.000000000
community-on,-320,redstone,112,128,5,0.000000000,0.000000000,0.000000000
community-on,-320,redstone,128,144,5,0.000000000,0.000000000,0.000000000
community-on,-320,redstone,144,160,5,0.000000000,0.000000000,0.000000000
community-on,-320,redstone,160,176,5,0.000000000,0.000000000,0.000000000
community-on,-320,redstone,176,192,5,0.000000000,0.000000000,0.000000000
community-on,-320,redstone,192,208,5,0.000000000,0.000000000,0.000000000
community-on,-320,redstone,208,224,5,0.000000000,0.000000000,0.000000000
community-on,-320,redstone,224,240,5,0.000000000,0.000000000,0.000000000
community-on,-320,redstone,240,256,5,0.000000000,0.000000000,0.000000000
community-on,-320,redstone,256,272,5,0.000000000,0.000000000,0.000000000
community-on,-320,redstone,272,288,5,0.000000000,0.000000000,0.000000000
community-on,-320,redstone,288,304,5,0.000000000,0.000000000,0.000000000
community-on,-320,redstone,304,320,5,0.000000000,0.000000000,0.000000000
community-on,-320,tuff,-320,-304,5,255.377343750,242.632812500,267.492187500
community-on,-320,tuff,-304,-288,5,280.547656250,263.433593750,295.937500000
community-on,-320,tuff,-288,-272,5,314.886718750,287.593750000,350.355468750
community-on,-320,tuff,-272,-256,5,295.300000000,246.968750000,333.132812500
community-on,-320,tuff,-256,-240,5,286.659375000,275.574218750,309.601562500
community-on,-320,tuff,-240,-224,5,280.979687500,209.156250000,355.058593750
community-on,-320,tuff,-224,-208,5,282.552343750,261.265625000,336.257812500
community-on,-320,tuff,-208,-192,5,302.197656250,272.031250000,334.027343750
community-on,-320,tuff,-192,-176,5,271.460156250,227.609375000,297.937500000
community-on,-320,tuff,-176,-160,5,314.771093750,281.421875000,340.390625000
community-on,-320,tuff,-160,-144,5,284.983593750,246.621093750,300.226562500
community-on,-320,tuff,-144,-128,5,294.796093750,257.828125000,320.031250000
community-on,-320,tuff,-128,-112,5,295.963281250,264.835937500,319.148437500
community-on,-320,tuff,-112,-96,5,288.832031250,269.929687500,310.500000000
community-on,-320,tuff,-96,-80,5,310.271875000,290.750000000,327.273437500
community-on,-320,tuff,-80,-64,5,309.703125000,271.863281250,347.750000000
community-on,-320,tuff,-64,-48,5,287.650000000,269.257812500,314.484375000
community-on,-320,tuff,-48,-32,5,301.518750000,241.000000000,341.738281250
community-on,-320,tuff,-32,-16,5,310.082031250,296.906250000,331.109375000
community-on,-320,tuff,-16,0,5,264.851562500,226.742187500,295.960937500
community-on,-320,tuff,0,16,5,8.603125000,5.996093750,12.449218750
community-on,-320,tuff,16,32,5,0.000000000,0.000000000,0.000000000
community-on,-320,tuff,32,48,5,0.000000000,0.000000000,0.000000000
community-on,-320,tuff,48,64,5,0.000000000,0.000000000,0.000000000
community-on,-320,tuff,64,80,5,0.000000000,0.000000000,0.000000000
community-on,-320,tuff,80,96,5,0.000000000,0.000000000,0.000000000
community-on,-320,tuff,96,112,5,0.000000000,0.000000000,0.000000000
community-on,-320,tuff,112,128,5,0.000000000,0.000000000,0.000000000
community-on,-320,tuff,128,144,5,0.000000000,0.000000000,0.000000000
community-on,-320,tuff,144,160,5,0.000000000,0.000000000,0.000000000
community-on,-320,tuff,160,176,5,0.000000000,0.000000000,0.000000000
community-on,-320,tuff,176,192,5,0.000000000,0.000000000,0.000000000
community-on,-320,tuff,192,208,5,0.000000000,0.000000000,0.000000000
community-on,-320,tuff,208,224,5,0.000000000,0.000000000,0.000000000
community-on,-320,tuff,224,240,5,0.000000000,0.000000000,0.000000000
community-on,-320,tuff,240,256,5,0.000000000,0.000000000,0.000000000
community-on,-320,tuff,256,272,5,0.000000000,0.000000000,0.000000000
community-on,-320,tuff,272,288,5,0.000000000,0.000000000,0.000000000
community-on,-320,tuff,288,304,5,0.000000000,0.000000000,0.000000000
community-on,-320,tuff,304,320,5,0.000000000,0.000000000,0.000000000
community-on,-128,coal,-128,-112,5,0.000000000,0.000000000,0.000000000
community-on,-128,coal,-112,-96,5,0.000000000,0.000000000,0.000000000
community-on,-128,coal,-96,-80,5,0.000000000,0.000000000,0.000000000
community-on,-128,coal,-80,-64,5,0.000000000,0.000000000,0.000000000
community-on,-128,coal,-64,-48,5,0.000000000,0.000000000,0.000000000
community-on,-128,coal,-48,-32,5,0.000000000,0.000000000,0.000000000
community-on,-128,coal,-32,-16,5,0.000000000,0.000000000,0.000000000
community-on,-128,coal,-16,0,5,0.092968750,0.003906250,0.261718750
community-on,-128,coal,0,16,5,6.074218750,3.878906250,7.925781250
community-on,-128,coal,16,32,5,13.635937500,5.761718750,18.796875000
community-on,-128,coal,32,48,5,13.972656250,2.613281250,28.179687500
community-on,-128,coal,48,64,5,6.966406250,0.066406250,19.210937500
community-on,-128,coal,64,80,5,0.007812500,0.000000000,0.039062500
community-on,-128,coal,80,96,5,0.000000000,0.000000000,0.000000000
community-on,-128,coal,96,112,5,0.000000000,0.000000000,0.000000000
community-on,-128,coal,112,128,5,0.000000000,0.000000000,0.000000000
community-on,-128,coal,128,144,5,0.000000000,0.000000000,0.000000000
community-on,-128,coal,144,160,5,0.000000000,0.000000000,0.000000000
community-on,-128,coal,160,176,5,0.000000000,0.000000000,0.000000000
community-on,-128,coal,176,192,5,0.000000000,0.000000000,0.000000000
community-on,-128,coal,192,208,5,0.000000000,0.000000000,0.000000000
community-on,-128,coal,208,224,5,0.000000000,0.000000000,0.000000000
community-on,-128,coal,224,240,5,0.000000000,0.000000000,0.000000000
community-on,-128,coal,240,256,5,0.000000000,0.000000000,0.000000000
community-on,-128,coal,256,272,5,0.000000000,0.000000000,0.000000000
community-on,-128,coal,272,288,5,0.000000000,0.000000000,0.000000000
community-on,-128,coal,288,304,5,0.000000000,0.000000000,0.000000000
community-on,-128,coal,304,320,5,0.000000000,0.000000000,0.000000000
community-on,-128,copper,-128,-112,5,0.000000000,0.000000000,0.000000000
community-on,-128,copper,-112,-96,5,0.000000000,0.000000000,0.000000000
community-on,-128,copper,-96,-80,5,0.000000000,0.000000000,0.000000000
community-on,-128,copper,-80,-64,5,0.000000000,0.000000000,0.000000000
community-on,-128,copper,-64,-48,5,0.000000000,0.000000000,0.000000000
community-on,-128,copper,-48,-32,5,0.000000000,0.000000000,0.000000000
community-on,-128,copper,-32,-16,5,0.066406250,0.015625000,0.125000000
community-on,-128,copper,-16,0,5,4.369531250,3.394531250,4.800781250
community-on,-128,copper,0,16,5,11.514843750,7.843750000,16.800781250
community-on,-128,copper,16,32,5,15.386718750,6.687500000,19.496093750
community-on,-128,copper,32,48,5,13.942187500,3.164062500,27.203125000
community-on,-128,copper,48,64,5,4.919531250,0.113281250,13.136718750
community-on,-128,copper,64,80,5,0.001562500,0.000000000,0.007812500
community-on,-128,copper,80,96,5,0.000000000,0.000000000,0.000000000
community-on,-128,copper,96,112,5,0.000000000,0.000000000,0.000000000
community-on,-128,copper,112,128,5,0.000000000,0.000000000,0.000000000
community-on,-128,copper,128,144,5,0.000000000,0.000000000,0.000000000
community-on,-128,copper,144,160,5,0.000000000,0.000000000,0.000000000
community-on,-128,copper,160,176,5,0.000000000,0.000000000,0.000000000
community-on,-128,copper,176,192,5,0.000000000,0.000000000,0.000000000
community-on,-128,copper,192,208,5,0.000000000,0.000000000,0.000000000
community-on,-128,copper,208,224,5,0.000000000,0.000000000,0.000000000
community-on,-128,copper,224,240,5,0.000000000,0.000000000,0.000000000
community-on,-128,copper,240,256,5,0.000000000,0.000000000,0.000000000
community-on,-128,copper,256,272,5,0.000000000,0.000000000,0.000000000
community-on,-128,copper,272,288,5,0.000000000,0.000000000,0.000000000
community-on,-128,copper,288,304,5,0.000000000,0.000000000,0.000000000
community-on,-128,copper,304,320,5,0.000000000,0.000000000,0.000000000
community-on,-128,diamond,-128,-112,5,9.357812500,8.949218750,10.125000000
community-on,-128,diamond,-112,-96,5,11.215625000,10.003906250,12.109375000
community-on,-128,diamond,-96,-80,5,11.333593750,11.207031250,11.656250000
community-on,-128,diamond,-80,-64,5,11.128125000,9.453125000,12.203125000
community-on,-128,diamond,-64,-48,5,10.523437500,9.277343750,11.355468750
community-on,-128,diamond,-48,-32,5,7.661718750,6.699218750,8.531250000
community-on,-128,diamond,-32,-16,5,5.166406250,4.757812500,5.742187500
community-on,-128,diamond,-16,0,5,2.814843750,2.636718750,3.003906250
community-on,-128,diamond,0,16,5,0.639062500,0.527343750,0.687500000
community-on,-128,diamond,16,32,5,0.000000000,0.000000000,0.000000000
community-on,-128,diamond,32,48,5,0.000000000,0.000000000,0.000000000
community-on,-128,diamond,48,64,5,0.000000000,0.000000000,0.000000000
community-on,-128,diamond,64,80,5,0.000000000,0.000000000,0.000000000
community-on,-128,diamond,80,96,5,0.000000000,0.000000000,0.000000000
community-on,-128,diamond,96,112,5,0.000000000,0.000000000,0.000000000
community-on,-128,diamond,112,128,5,0.000000000,0.000000000,0.000000000
community-on,-128,diamond,128,144,5,0.000000000,0.000000000,0.000000000
community-on,-128,diamond,144,160,5,0.000000000,0.000000000,0.000000000
community-on,-128,diamond,160,176,5,0.000000000,0.000000000,0.000000000
community-on,-128,diamond,176,192,5,0.000000000,0.000000000,0.000000000
community-on,-128,diamond,192,208,5,0.000000000,0.000000000,0.000000000
community-on,-128,diamond,208,224,5,0.000000000,0.000000000,0.000000000
community-on,-128,diamond,224,240,5,0.000000000,0.000000000,0.000000000
community-on,-128,diamond,240,256,5,0.000000000,0.000000000,0.000000000
community-on,-128,diamond,256,272,5,0.000000000,0.000000000,0.000000000
community-on,-128,diamond,272,288,5,0.000000000,0.000000000,0.000000000
community-on,-128,diamond,288,304,5,0.000000000,0.000000000,0.000000000
community-on,-128,diamond,304,320,5,0.000000000,0.000000000,0.000000000
community-on,-128,emerald,-128,-112,5,0.000000000,0.000000000,0.000000000
community-on,-128,emerald,-112,-96,5,0.000000000,0.000000000,0.000000000
community-on,-128,emerald,-96,-80,5,0.000000000,0.000000000,0.000000000
community-on,-128,emerald,-80,-64,5,0.000000000,0.000000000,0.000000000
community-on,-128,emerald,-64,-48,5,0.000000000,0.000000000,0.000000000
community-on,-128,emerald,-48,-32,5,0.000000000,0.000000000,0.000000000
community-on,-128,emerald,-32,-16,5,0.000000000,0.000000000,0.000000000
community-on,-128,emerald,-16,0,5,0.000000000,0.000000000,0.000000000
community-on,-128,emerald,0,16,5,0.000000000,0.000000000,0.000000000
community-on,-128,emerald,16,32,5,0.000000000,0.000000000,0.000000000
community-on,-128,emerald,32,48,5,0.000000000,0.000000000,0.000000000
community-on,-128,emerald,48,64,5,0.000000000,0.000000000,0.000000000
community-on,-128,emerald,64,80,5,0.000000000,0.000000000,0.000000000
community-on,-128,emerald,80,96,5,0.000000000,0.000000000,0.000000000
community-on,-128,emerald,96,112,5,0.000000000,0.000000000,0.000000000
community-on,-128,emerald,112,128,5,0.000000000,0.000000000,0.000000000
community-on,-128,emerald,128,144,5,0.000000000,0.000000000,0.000000000
community-on,-128,emerald,144,160,5,0.000000000,0.000000000,0.000000000
community-on,-128,emerald,160,176,5,0.000000000,0.000000000,0.000000000
community-on,-128,emerald,176,192,5,0.000000000,0.000000000,0.000000000
community-on,-128,emerald,192,208,5,0.000000000,0.000000000,0.000000000
community-on,-128,emerald,208,224,5,0.000000000,0.000000000,0.000000000
community-on,-128,emerald,224,240,5,0.000000000,0.000000000,0.000000000
community-on,-128,emerald,240,256,5,0.000000000,0.000000000,0.000000000
community-on,-128,emerald,256,272,5,0.000000000,0.000000000,0.000000000
community-on,-128,emerald,272,288,5,0.000000000,0.000000000,0.000000000
community-on,-128,emerald,288,304,5,0.000000000,0.000000000,0.000000000
community-on,-128,emerald,304,320,5,0.000000000,0.000000000,0.000000000
community-on,-128,gold,-128,-112,5,3.658593750,3.160156250,3.988281250
community-on,-128,gold,-112,-96,5,4.135156250,3.714843750,4.644531250
community-on,-128,gold,-96,-80,5,4.196093750,3.738281250,4.632812500
community-on,-128,gold,-80,-64,5,4.425000000,4.203125000,4.785156250
community-on,-128,gold,-64,-48,5,6.985937500,6.257812500,7.527343750
community-on,-128,gold,-48,-32,5,4.091406250,3.835937500,4.335937500
community-on,-128,gold,-32,-16,5,4.222656250,3.945312500,4.445312500
community-on,-128,gold,-16,0,5,4.276562500,3.292968750,4.773437500
community-on,-128,gold,0,16,5,3.805468750,2.671875000,4.648437500
community-on,-128,gold,16,32,5,2.919531250,1.347656250,4.164062500
community-on,-128,gold,32,48,5,0.017968750,0.000000000,0.046875000
community-on,-128,gold,48,64,5,0.000000000,0.000000000,0.000000000
community-on,-128,gold,64,80,5,0.000000000,0.000000000,0.000000000
community-on,-128,gold,80,96,5,0.000000000,0.000000000,0.000000000
community-on,-128,gold,96,112,5,0.000000000,0.000000000,0.000000000
community-on,-128,gold,112,128,5,0.000000000,0.000000000,0.000000000
community-on,-128,gold,128,144,5,0.000000000,0.000000000,0.000000000
community-on,-128,gold,144,160,5,0.000000000,0.000000000,0.000000000
community-on,-128,gold,160,176,5,0.000000000,0.000000000,0.000000000
community-on,-128,gold,176,192,5,0.000000000,0.000000000,0.000000000
community-on,-128,gold,192,208,5,0.000000000,0.000000000,0.000000000
community-on,-128,gold,208,224,5,0.000000000,0.000000000,0.000000000
community-on,-128,gold,224,240,5,0.000000000,0.000000000,0.000000000
community-on,-128,gold,240,256,5,0.000000000,0.000000000,0.000000000
community-on,-128,gold,256,272,5,0.000000000,0.000000000,0.000000000
community-on,-128,gold,272,288,5,0.000000000,0.000000000,0.000000000
community-on,-128,gold,288,304,5,0.000000000,0.000000000,0.000000000
community-on,-128,gold,304,320,5,0.000000000,0.000000000,0.000000000
community-on,-128,gravel,-128,-112,5,60.296875000,57.378906250,66.472656250
community-on,-128,gravel,-112,-96,5,73.708593750,65.699218750,81.562500000
community-on,-128,gravel,-96,-80,5,75.830468750,65.214843750,87.183593750
community-on,-128,gravel,-80,-64,5,74.639843750,67.769531250,85.722656250
community-on,-128,gravel,-64,-48,5,74.078125000,63.234375000,88.089843750
community-on,-128,gravel,-48,-32,5,72.979687500,64.628906250,81.777343750
community-on,-128,gravel,-32,-16,5,79.990625000,74.382812500,83.527343750
community-on,-128,gravel,-16,0,5,72.644531250,63.484375000,86.722656250
community-on,-128,gravel,0,16,5,84.427343750,56.300781250,137.492187500
community-on,-128,gravel,16,32,5,92.585937500,58.601562500,156.707031250
community-on,-128,gravel,32,48,5,83.758593750,18.066406250,136.933593750
community-on,-128,gravel,48,64,5,28.553125000,0.718750000,77.769531250
community-on,-128,gravel,64,80,5,0.010156250,0.000000000,0.050781250
community-on,-128,gravel,80,96,5,0.000000000,0.000000000,0.000000000
community-on,-128,gravel,96,112,5,0.000000000,0.000000000,0.000000000
community-on,-128,gravel,112,128,5,0.000000000,0.000000000,0.000000000
community-on,-128,gravel,128,144,5,0.000000000,0.000000000,0.000000000
community-on,-128,gravel,144,160,5,0.000000000,0.000000000,0.000000000
community-on,-128,gravel,160,176,5,0.000000000,0.000000000,0.000000000
community-on,-128,gravel,176,192,5,0.000000000,0.000000000,0.000000000
community-on,-128,gravel,192,208,5,0.000000000,0.000000000,0.000000000
community-on,-128,gravel,208,224,5,0.000000000,0.000000000,0.000000000
community-on,-128,gravel,224,240,5,0.000000000,0.000000000,0.000000000
community-on,-128,gravel,240,256,5,0.000000000,0.000000000,0.000000000
community-on,-128,gravel,256,272,5,0.000000000,0.000000000,0.000000000
community-on,-128,gravel,272,288,5,0.000000000,0.000000000,0.000000000
community-on,-128,gravel,288,304,5,0.000000000,0.000000000,0.000000000
community-on,-128,gravel,304,320,5,0.000000000,0.000000000,0.000000000
community-on,-128,iron,-128,-112,5,1.202343750,1.082031250,1.261718750
community-on,-128,iron,-112,-96,5,1.360156250,1.007812500,1.585937500
community-on,-128,iron,-96,-80,5,1.405468750,1.328125000,1.480468750
community-on,-128,iron,-80,-64,5,1.325781250,1.183593750,1.460937500
community-on,-128,iron,-64,-48,5,2.218750000,1.363281250,3.535156250
community-on,-128,iron,-48,-32,5,2.814843750,1.433593750,5.644531250
community-on,-128,iron,-32,-16,5,4.396093750,2.765625000,7.285156250
community-on,-128,iron,-16,0,5,12.321093750,11.085937500,14.609375000
community-on,-128,iron,0,16,5,18.578125000,14.546875000,21.890625000
community-on,-128,iron,16,32,5,14.833593750,7.023437500,20.019531250
community-on,-128,iron,32,48,5,5.750781250,1.167968750,10.847656250
community-on,-128,iron,48,64,5,0.612500000,0.000000000,1.726562500
community-on,-128,iron,64,80,5,0.000000000,0.000000000,0.000000000
community-on,-128,iron,80,96,5,0.000000000,0.000000000,0.000000000
community-on,-128,iron,96,112,5,0.000000000,0.000000000,0.000000000
community-on,-128,iron,112,128,5,0.000000000,0.000000000,0.000000000
community-on,-128,iron,128,144,5,0.000000000,0.000000000,0.000000000
community-on,-128,iron,144,160,5,0.000000000,0.000000000,0.000000000
community-on,-128,iron,160,176,5,0.000000000,0.000000000,0.000000000
community-on,-128,iron,176,192,5,0.000000000,0.000000000,0.000000000
community-on,-128,iron,192,208,5,0.000000000,0.000000000,0.000000000
community-on,-128,iron,208,224,5,0.000000000,0.000000000,0.000000000
community-on,-128,iron,224,240,5,0.000000000,0.000000000,0.000000000
community-on,-128,iron,240,256,5,0.000000000,0.000000000,0.000000000
community-on,-128,iron,256,272,5,0.000000000,0.000000000,0.000000000
community-on,-128,iron,272,288,5,0.000000000,0.000000000,0.000000000
community-on,-128,iron,288,304,5,0.000000000,0.000000000,0.000000000
community-on,-128,iron,304,320,5,0.000000000,0.000000000,0.000000000
community-on,-128,lapis,-128,-112,5,4.327343750,3.949218750,4.687500000
community-on,-128,lapis,-112,-96,5,5.090625000,4.535156250,5.515625000
community-on,-128,lapis,-96,-80,5,4.968750000,4.347656250,5.457031250
community-on,-128,lapis,-80,-64,5,5.075000000,4.835937500,5.464843750
community-on,-128,lapis,-64,-48,5,5.130468750,4.500000000,5.660156250
community-on,-128,lapis,-48,-32,5,4.941406250,4.562500000,5.527343750
community-on,-128,lapis,-32,-16,5,3.992968750,3.554687500,4.167968750
community-on,-128,lapis,-16,0,5,3.523437500,3.265625000,3.929687500
community-on,-128,lapis,0,16,5,2.701562500,2.234375000,3.449218750
community-on,-128,lapis,16,32,5,1.785937500,0.757812500,2.488281250
community-on,-128,lapis,32,48,5,1.106250000,0.296875000,2.304687500
community-on,-128,lapis,48,64,5,0.353906250,0.000000000,0.937500000
community-on,-128,lapis,64,80,5,0.000000000,0.000000000,0.000000000
community-on,-128,lapis,80,96,5,0.000000000,0.000000000,0.000000000
community-on,-128,lapis,96,112,5,0.000000000,0.000000000,0.000000000
community-on,-128,lapis,112,128,5,0.000000000,0.000000000,0.000000000
community-on,-128,lapis,128,144,5,0.000000000,0.000000000,0.000000000
community-on,-128,lapis,144,160,5,0.000000000,0.000000000,0.000000000
community-on,-128,lapis,160,176,5,0.000000000,0.000000000,0.000000000
community-on,-128,lapis,176,192,5,0.000000000,0.000000000,0.000000000
community-on,-128,lapis,192,208,5,0.000000000,0.000000000,0.000000000
community-on,-128,lapis,208,224,5,0.000000000,0.000000000,0.000000000
community-on,-128,lapis,224,240,5,0.000000000,0.000000000,0.000000000
community-on,-128,lapis,240,256,5,0.000000000,0.000000000,0.000000000
community-on,-128,lapis,256,272,5,0.000000000,0.000000000,0.000000000
community-on,-128,lapis,272,288,5,0.000000000,0.000000000,0.000000000
community-on,-128,lapis,288,304,5,0.000000000,0.000000000,0.000000000
community-on,-128,lapis,304,320,5,0.000000000,0.000000000,0.000000000
community-on,-128,redstone,-128,-112,5,19.654687500,18.679687500,21.031250000
community-on,-128,redstone,-112,-96,5,23.803906250,22.585937500,24.878906250
community-on,-128,redstone,-96,-80,5,24.372656250,22.328125000,25.402343750
community-on,-128,redstone,-80,-64,5,23.876562500,21.742187500,24.937500000
community-on,-128,redstone,-64,-48,5,23.040625000,20.933593750,26.054687500
community-on,-128,redstone,-48,-32,5,22.542968750,21.242187500,24.105468750
community-on,-128,redstone,-32,-16,5,3.646875000,3.468750000,3.890625000
community-on,-128,redstone,-16,0,5,3.325000000,2.867187500,3.738281250
community-on,-128,redstone,0,16,5,2.757812500,2.015625000,3.230468750
community-on,-128,redstone,16,32,5,0.013281250,0.000000000,0.042968750
community-on,-128,redstone,32,48,5,0.000000000,0.000000000,0.000000000
community-on,-128,redstone,48,64,5,0.000000000,0.000000000,0.000000000
community-on,-128,redstone,64,80,5,0.000000000,0.000000000,0.000000000
community-on,-128,redstone,80,96,5,0.000000000,0.000000000,0.000000000
community-on,-128,redstone,96,112,5,0.000000000,0.000000000,0.000000000
community-on,-128,redstone,112,128,5,0.000000000,0.000000000,0.000000000
community-on,-128,redstone,128,144,5,0.000000000,0.000000000,0.000000000
community-on,-128,redstone,144,160,5,0.000000000,0.000000000,0.000000000
community-on,-128,redstone,160,176,5,0.000000000,0.000000000,0.000000000
community-on,-128,redstone,176,192,5,0.000000000,0.000000000,0.000000000
community-on,-128,redstone,192,208,5,0.000000000,0.000000000,0.000000000
community-on,-128,redstone,208,224,5,0.000000000,0.000000000,0.000000000
community-on,-128,redstone,224,240,5,0.000000000,0.000000000,0.000000000
community-on,-128,redstone,240,256,5,0.000000000,0.000000000,0.000000000
community-on,-128,redstone,256,272,5,0.000000000,0.000000000,0.000000000
community-on,-128,redstone,272,288,5,0.000000000,0.000000000,0.000000000
community-on,-128,redstone,288,304,5,0.000000000,0.000000000,0.000000000
community-on,-128,redstone,304,320,5,0.000000000,0.000000000,0.000000000
community-on,-128,tuff,-128,-112,5,236.173437500,200.632812500,279.210937500
community-on,-128,tuff,-112,-96,5,297.810156250,269.191406250,333.320312500
community-on,-128,tuff,-96,-80,5,290.632031250,255.464843750,327.660156250
community-on,-128,tuff,-80,-64,5,309.864843750,272.015625000,339.363281250
community-on,-128,tuff,-64,-48,5,285.264062500,267.621093750,308.316406250
community-on,-128,tuff,-48,-32,5,300.485156250,286.496093750,315.625000000
community-on,-128,tuff,-32,-16,5,296.226562500,271.796875000,320.339843750
community-on,-128,tuff,-16,0,5,260.921093750,227.234375000,289.230468750
community-on,-128,tuff,0,16,5,10.502343750,8.863281250,11.808593750
community-on,-128,tuff,16,32,5,0.000000000,0.000000000,0.000000000
community-on,-128,tuff,32,48,5,0.000000000,0.000000000,0.000000000
community-on,-128,tuff,48,64,5,0.000000000,0.000000000,0.000000000
community-on,-128,tuff,64,80,5,0.000000000,0.000000000,0.000000000
community-on,-128,tuff,80,96,5,0.000000000,0.000000000,0.000000000
community-on,-128,tuff,96,112,5,0.000000000,0.000000000,0.000000000
community-on,-128,tuff,112,128,5,0.000000000,0.000000000,0.000000000
community-on,-128,tuff,128,144,5,0.000000000,0.000000000,0.000000000
community-on,-128,tuff,144,160,5,0.000000000,0.000000000,0.000000000
community-on,-128,tuff,160,176,5,0.000000000,0.000000000,0.000000000
community-on,-128,tuff,176,192,5,0.000000000,0.000000000,0.000000000
community-on,-128,tuff,192,208,5,0.000000000,0.000000000,0.000000000
community-on,-128,tuff,208,224,5,0.000000000,0.000000000,0.000000000
community-on,-128,tuff,224,240,5,0.000000000,0.000000000,0.000000000
community-on,-128,tuff,240,256,5,0.000000000,0.000000000,0.000000000
community-on,-128,tuff,256,272,5,0.000000000,0.000000000,0.000000000
community-on,-128,tuff,272,288,5,0.000000000,0.000000000,0.000000000
community-on,-128,tuff,288,304,5,0.000000000,0.000000000,0.000000000
community-on,-128,tuff,304,320,5,0.000000000,0.000000000,0.000000000
community-on,-64,coal,-64,-48,5,0.000000000,0.000000000,0.000000000
community-on,-64,coal,-48,-32,5,0.000000000,0.000000000,0.000000000
community-on,-64,coal,-32,-16,5,0.000000000,0.000000000,0.000000000
community-on,-64,coal,-16,0,5,0.095312500,0.000000000,0.277343750
community-on,-64,coal,0,16,5,5.890625000,4.039062500,7.742187500
community-on,-64,coal,16,32,5,13.031250000,5.878906250,17.871093750
community-on,-64,coal,32,48,5,14.102343750,2.363281250,29.035156250
community-on,-64,coal,48,64,5,7.175781250,0.085937500,19.335937500
community-on,-64,coal,64,80,5,0.001562500,0.000000000,0.007812500
community-on,-64,coal,80,96,5,0.000000000,0.000000000,0.000000000
community-on,-64,coal,96,112,5,0.000000000,0.000000000,0.000000000
community-on,-64,coal,112,128,5,0.000000000,0.000000000,0.000000000
community-on,-64,coal,128,144,5,0.000000000,0.000000000,0.000000000
community-on,-64,coal,144,160,5,0.000000000,0.000000000,0.000000000
community-on,-64,coal,160,176,5,0.000000000,0.000000000,0.000000000
community-on,-64,coal,176,192,5,0.000000000,0.000000000,0.000000000
community-on,-64,coal,192,208,5,0.000000000,0.000000000,0.000000000
community-on,-64,coal,208,224,5,0.000000000,0.000000000,0.000000000
community-on,-64,coal,224,240,5,0.000000000,0.000000000,0.000000000
community-on,-64,coal,240,256,5,0.000000000,0.000000000,0.000000000
community-on,-64,coal,256,272,5,0.000000000,0.000000000,0.000000000
community-on,-64,coal,272,288,5,0.000000000,0.000000000,0.000000000
community-on,-64,coal,288,304,5,0.000000000,0.000000000,0.000000000
community-on,-64,coal,304,320,5,0.000000000,0.000000000,0.000000000
community-on,-64,copper,-64,-48,5,0.000000000,0.000000000,0.000000000
community-on,-64,copper,-48,-32,5,0.000000000,0.000000000,0.000000000
community-on,-64,copper,-32,-16,5,0.067187500,0.019531250,0.125000000
community-on,-64,copper,-16,0,5,4.408593750,3.421875000,4.906250000
community-on,-64,copper,0,16,5,11.364062500,7.546875000,16.902343750
community-on,-64,copper,16,32,5,15.136718750,6.417968750,19.062500000
community-on,-64,copper,32,48,5,13.785937500,2.968750000,26.910156250
community-on,-64,copper,48,64,5,4.900000000,0.117187500,12.968750000
community-on,-64,copper,64,80,5,0.001562500,0.000000000,0.007812500
community-on,-64,copper,80,96,5,0.000000000,0.000000000,0.000000000
community-on,-64,copper,96,112,5,0.000000000,0.000000000,0.000000000
community-on,-64,copper,112,128,5,0.000000000,0.000000000,0.000000000
community-on,-64,copper,128,144,5,0.000000000,0.000000000,0.000000000
community-on,-64,copper,144,160,5,0.000000000,0.000000000,0.000000000
community-on,-64,copper,160,176,5,0.000000000,0.000000000,0.000000000
community-on,-64,copper,176,192,5,0.000000000,0.000000000,0.000000000
community-on,-64,copper,192,208,5,0.000000000,0.000000000,0.000000000
community-on,-64,copper,208,224,5,0.000000000,0.000000000,0.000000000
community-on,-64,copper,224,240,5,0.000000000,0.000000000,0.000000000
community-on,-64,copper,240,256,5,0.000000000,0.000000000,0.000000000
community-on,-64,copper,256,272,5,0.000000000,0.000000000,0.000000000
community-on,-64,copper,272,288,5,0.000000000,0.000000000,0.000000000
community-on,-64,copper,288,304,5,0.000000000,0.000000000,0.000000000
community-on,-64,copper,304,320,5,0.000000000,0.000000000,0.000000000
community-on,-64,diamond,-64,-48,5,4.867968750,4.601562500,5.156250000
community-on,-64,diamond,-48,-32,5,4.342187500,4.050781250,4.632812500
community-on,-64,diamond,-32,-16,5,3.128906250,2.679687500,3.382812500
community-on,-64,diamond,-16,0,5,1.851562500,1.574218750,2.031250000
community-on,-64,diamond,0,16,5,0.562500000,0.398437500,0.804687500
community-on,-64,diamond,16,32,5,0.000781250,0.000000000,0.003906250
community-on,-64,diamond,32,48,5,0.000000000,0.000000000,0.000000000
community-on,-64,diamond,48,64,5,0.000000000,0.000000000,0.000000000
community-on,-64,diamond,64,80,5,0.000000000,0.000000000,0.000000000
community-on,-64,diamond,80,96,5,0.000000000,0.000000000,0.000000000
community-on,-64,diamond,96,112,5,0.000000000,0.000000000,0.000000000
community-on,-64,diamond,112,128,5,0.000000000,0.000000000,0.000000000
community-on,-64,diamond,128,144,5,0.000000000,0.000000000,0.000000000
community-on,-64,diamond,144,160,5,0.000000000,0.000000000,0.000000000
community-on,-64,diamond,160,176,5,0.000000000,0.000000000,0.000000000
community-on,-64,diamond,176,192,5,0.000000000,0.000000000,0.000000000
community-on,-64,diamond,192,208,5,0.000000000,0.000000000,0.000000000
community-on,-64,diamond,208,224,5,0.000000000,0.000000000,0.000000000
community-on,-64,diamond,224,240,5,0.000000000,0.000000000,0.000000000
community-on,-64,diamond,240,256,5,0.000000000,0.000000000,0.000000000
community-on,-64,diamond,256,272,5,0.000000000,0.000000000,0.000000000
community-on,-64,diamond,272,288,5,0.000000000,0.000000000,0.000000000
community-on,-64,diamond,288,304,5,0.000000000,0.000000000,0.000000000
community-on,-64,diamond,304,320,5,0.000000000,0.000000000,0.000000000
community-on,-64,emerald,-64,-48,5,0.000000000,0.000000000,0.000000000
community-on,-64,emerald,-48,-32,5,0.000000000,0.000000000,0.000000000
community-on,-64,emerald,-32,-16,5,0.000000000,0.000000000,0.000000000
community-on,-64,emerald,-16,0,5,0.000000000,0.000000000,0.000000000
community-on,-64,emerald,0,16,5,0.000000000,0.000000000,0.000000000
community-on,-64,emerald,16,32,5,0.000000000,0.000000000,0.000000000
community-on,-64,emerald,32,48,5,0.000000000,0.000000000,0.000000000
community-on,-64,emerald,48,64,5,0.000000000,0.000000000,0.000000000
community-on,-64,emerald,64,80,5,0.000000000,0.000000000,0.000000000
community-on,-64,emerald,80,96,5,0.000000000,0.000000000,0.000000000
community-on,-64,emerald,96,112,5,0.000000000,0.000000000,0.000000000
community-on,-64,emerald,112,128,5,0.000000000,0.000000000,0.000000000
community-on,-64,emerald,128,144,5,0.000000000,0.000000000,0.000000000
community-on,-64,emerald,144,160,5,0.000000000,0.000000000,0.000000000
community-on,-64,emerald,160,176,5,0.000000000,0.000000000,0.000000000
community-on,-64,emerald,176,192,5,0.000000000,0.000000000,0.000000000
community-on,-64,emerald,192,208,5,0.000000000,0.000000000,0.000000000
community-on,-64,emerald,208,224,5,0.000000000,0.000000000,0.000000000
community-on,-64,emerald,224,240,5,0.000000000,0.000000000,0.000000000
community-on,-64,emerald,240,256,5,0.000000000,0.000000000,0.000000000
community-on,-64,emerald,256,272,5,0.000000000,0.000000000,0.000000000
community-on,-64,emerald,272,288,5,0.000000000,0.000000000,0.000000000
community-on,-64,emerald,288,304,5,0.000000000,0.000000000,0.000000000
community-on,-64,emerald,304,320,5,0.000000000,0.000000000,0.000000000
community-on,-64,gold,-64,-48,5,3.877343750,3.578125000,4.164062500
community-on,-64,gold,-48,-32,5,4.095312500,3.679687500,4.589843750
community-on,-64,gold,-32,-16,5,6.703125000,6.468750000,7.074218750
community-on,-64,gold,-16,0,5,6.295312500,5.527343750,6.757812500
community-on,-64,gold,0,16,5,3.514062500,3.035156250,3.921875000
community-on,-64,gold,16,32,5,1.021875000,0.226562500,1.464843750
community-on,-64,gold,32,48,5,0.000000000,0.000000000,0.000000000
community-on,-64,gold,48,64,5,0.000000000,0.000000000,0.000000000
community-on,-64,gold,64,80,5,0.000000000,0.000000000,0.000000000
community-on,-64,gold,80,96,5,0.000000000,0.000000000,0.000000000
community-on,-64,gold,96,112,5,0.000000000,0.000000000,0.000000000
community-on,-64,gold,112,128,5,0.000000000,0.000000000,0.000000000
community-on,-64,gold,128,144,5,0.000000000,0.000000000,0.000000000
community-on,-64,gold,144,160,5,0.000000000,0.000000000,0.000000000
community-on,-64,gold,160,176,5,0.000000000,0.000000000,0.000000000
community-on,-64,gold,176,192,5,0.000000000,0.000000000,0.000000000
community-on,-64,gold,192,208,5,0.000000000,0.000000000,0.000000000
community-on,-64,gold,208,224,5,0.000000000,0.000000000,0.000000000
community-on,-64,gold,224,240,5,0.000000000,0.000000000,0.000000000
community-on,-64,gold,240,256,5,0.000000000,0.000000000,0.000000000
community-on,-64,gold,256,272,5,0.000000000,0.000000000,0.000000000
community-on,-64,gold,272,288,5,0.000000000,0.000000000,0.000000000
community-on,-64,gold,288,304,5,0.000000000,0.000000000,0.000000000
community-on,-64,gold,304,320,5,0.000000000,0.000000000,0.000000000
community-on,-64,gravel,-64,-48,5,51.630468750,47.925781250,56.035156250
community-on,-64,gravel,-48,-32,5,54.917187500,50.238281250,61.105468750
community-on,-64,gravel,-32,-16,5,60.488281250,55.488281250,68.816406250
community-on,-64,gravel,-16,0,5,60.947656250,50.953125000,73.183593750
community-on,-64,gravel,0,16,5,76.488281250,52.695312500,130.632812500
community-on,-64,gravel,16,32,5,81.510156250,47.277343750,138.917968750
community-on,-64,gravel,32,48,5,73.186718750,15.582031250,118.660156250
community-on,-64,gravel,48,64,5,26.075781250,1.601562500,69.757812500
community-on,-64,gravel,64,80,5,0.011718750,0.000000000,0.058593750
community-on,-64,gravel,80,96,5,0.000000000,0.000000000,0.000000000
community-on,-64,gravel,96,112,5,0.000000000,0.000000000,0.000000000
community-on,-64,gravel,112,128,5,0.000000000,0.000000000,0.000000000
community-on,-64,gravel,128,144,5,0.000000000,0.000000000,0.000000000
community-on,-64,gravel,144,160,5,0.000000000,0.000000000,0.000000000
community-on,-64,gravel,160,176,5,0.000000000,0.000000000,0.000000000
community-on,-64,gravel,176,192,5,0.000000000,0.000000000,0.000000000
community-on,-64,gravel,192,208,5,0.000000000,0.000000000,0.000000000
community-on,-64,gravel,208,224,5,0.000000000,0.000000000,0.000000000
community-on,-64,gravel,224,240,5,0.000000000,0.000000000,0.000000000
community-on,-64,gravel,240,256,5,0.000000000,0.000000000,0.000000000
community-on,-64,gravel,256,272,5,0.000000000,0.000000000,0.000000000
community-on,-64,gravel,272,288,5,0.000000000,0.000000000,0.000000000
community-on,-64,gravel,288,304,5,0.000000000,0.000000000,0.000000000
community-on,-64,gravel,304,320,5,0.000000000,0.000000000,0.000000000
community-on,-64,iron,-64,-48,5,2.582031250,1.355468750,4.398437500
community-on,-64,iron,-48,-32,5,3.453125000,2.011718750,6.394531250
community-on,-64,iron,-32,-16,5,5.075000000,3.433593750,7.734375000
community-on,-64,iron,-16,0,5,12.950000000,11.742187500,14.960937500
community-on,-64,iron,0,16,5,18.950781250,14.804687500,22.035156250
community-on,-64,iron,16,32,5,15.007812500,7.207031250,20.500000000
community-on,-64,iron,32,48,5,6.060156250,1.382812500,11.406250000
community-on,-64,iron,48,64,5,0.710937500,0.007812500,1.859375000
community-on,-64,iron,64,80,5,0.000781250,0.000000000,0.003906250
community-on,-64,iron,80,96,5,0.000000000,0.000000000,0.000000000
community-on,-64,iron,96,112,5,0.000000000,0.000000000,0.000000000
community-on,-64,iron,112,128,5,0.000000000,0.000000000,0.000000000
community-on,-64,iron,128,144,5,0.000000000,0.000000000,0.000000000
community-on,-64,iron,144,160,5,0.000000000,0.000000000,0.000000000
community-on,-64,iron,160,176,5,0.000000000,0.000000000,0.000000000
community-on,-64,iron,176,192,5,0.000000000,0.000000000,0.000000000
community-on,-64,iron,192,208,5,0.000000000,0.000000000,0.000000000
community-on,-64,iron,208,224,5,0.000000000,0.000000000,0.000000000
community-on,-64,iron,224,240,5,0.000000000,0.000000000,0.000000000
community-on,-64,iron,240,256,5,0.000000000,0.000000000,0.000000000
community-on,-64,iron,256,272,5,0.000000000,0.000000000,0.000000000
community-on,-64,iron,272,288,5,0.000000000,0.000000000,0.000000000
community-on,-64,iron,288,304,5,0.000000000,0.000000000,0.000000000
community-on,-64,iron,304,320,5,0.000000000,0.000000000,0.000000000
community-on,-64,lapis,-64,-48,5,1.828125000,1.652343750,2.152343750
community-on,-64,lapis,-48,-32,5,2.191406250,1.773437500,2.675781250
community-on,-64,lapis,-32,-16,5,3.547656250,3.238281250,3.812500000
community-on,-64,lapis,-16,0,5,5.407812500,4.859375000,5.859375000
community-on,-64,lapis,0,16,5,4.677343750,3.843750000,5.542968750
community-on,-64,lapis,16,32,5,2.409375000,1.230468750,2.914062500
community-on,-64,lapis,32,48,5,1.068750000,0.179687500,2.414062500
community-on,-64,lapis,48,64,5,0.348437500,0.000000000,1.003906250
community-on,-64,lapis,64,80,5,0.000000000,0.000000000,0.000000000
community-on,-64,lapis,80,96,5,0.000000000,0.000000000,0.000000000
community-on,-64,lapis,96,112,5,0.000000000,0.000000000,0.000000000
community-on,-64,lapis,112,128,5,0.000000000,0.000000000,0.000000000
community-on,-64,lapis,128,144,5,0.000000000,0.000000000,0.000000000
community-on,-64,lapis,144,160,5,0.000000000,0.000000000,0.000000000
community-on,-64,lapis,160,176,5,0.000000000,0.000000000,0.000000000
community-on,-64,lapis,176,192,5,0.000000000,0.000000000,0.000000000
community-on,-64,lapis,192,208,5,0.000000000,0.000000000,0.000000000
community-on,-64,lapis,208,224,5,0.000000000,0.000000000,0.000000000
community-on,-64,lapis,224,240,5,0.000000000,0.000000000,0.000000000
community-on,-64,lapis,240,256,5,0.000000000,0.000000000,0.000000000
community-on,-64,lapis,256,272,5,0.000000000,0.000000000,0.000000000
community-on,-64,lapis,272,288,5,0.000000000,0.000000000,0.000000000
community-on,-64,lapis,288,304,5,0.000000000,0.000000000,0.000000000
community-on,-64,lapis,304,320,5,0.000000000,0.000000000,0.000000000
community-on,-64,redstone,-64,-48,5,14.866406250,14.187500000,16.000000000
community-on,-64,redstone,-48,-32,5,8.457812500,7.664062500,9.132812500
community-on,-64,redstone,-32,-16,5,4.062500000,3.503906250,4.546875000
community-on,-64,redstone,-16,0,5,4.069531250,3.492187500,4.644531250
community-on,-64,redstone,0,16,5,3.272656250,3.019531250,3.640625000
community-on,-64,redstone,16,32,5,0.000000000,0.000000000,0.000000000
community-on,-64,redstone,32,48,5,0.000000000,0.000000000,0.000000000
community-on,-64,redstone,48,64,5,0.000000000,0.000000000,0.000000000
community-on,-64,redstone,64,80,5,0.000000000,0.000000000,0.000000000
community-on,-64,redstone,80,96,5,0.000000000,0.000000000,0.000000000
community-on,-64,redstone,96,112,5,0.000000000,0.000000000,0.000000000
community-on,-64,redstone,112,128,5,0.000000000,0.000000000,0.000000000
community-on,-64,redstone,128,144,5,0.000000000,0.000000000,0.000000000
community-on,-64,redstone,144,160,5,0.000000000,0.000000000,0.000000000
community-on,-64,redstone,160,176,5,0.000000000,0.000000000,0.000000000
community-on,-64,redstone,176,192,5,0.000000000,0.000000000,0.000000000
community-on,-64,redstone,192,208,5,0.000000000,0.000000000,0.000000000
community-on,-64,redstone,208,224,5,0.000000000,0.000000000,0.000000000
community-on,-64,redstone,224,240,5,0.000000000,0.000000000,0.000000000
community-on,-64,redstone,240,256,5,0.000000000,0.000000000,0.000000000
community-on,-64,redstone,256,272,5,0.000000000,0.000000000,0.000000000
community-on,-64,redstone,272,288,5,0.000000000,0.000000000,0.000000000
community-on,-64,redstone,288,304,5,0.000000000,0.000000000,0.000000000
community-on,-64,redstone,304,320,5,0.000000000,0.000000000,0.000000000
community-on,-64,tuff,-64,-48,5,243.078125000,229.214843750,262.171875000
community-on,-64,tuff,-48,-32,5,274.539062500,251.406250000,287.308593750
community-on,-64,tuff,-32,-16,5,294.250781250,275.273437500,304.453125000
community-on,-64,tuff,-16,0,5,282.553125000,248.496093750,301.574218750
community-on,-64,tuff,0,16,5,8.059375000,5.285156250,9.718750000
community-on,-64,tuff,16,32,5,0.000000000,0.000000000,0.000000000
community-on,-64,tuff,32,48,5,0.000000000,0.000000000,0.000000000
community-on,-64,tuff,48,64,5,0.000000000,0.000000000,0.000000000
community-on,-64,tuff,64,80,5,0.000000000,0.000000000,0.000000000
community-on,-64,tuff,80,96,5,0.000000000,0.000000000,0.000000000
community-on,-64,tuff,96,112,5,0.000000000,0.000000000,0.000000000
community-on,-64,tuff,112,128,5,0.000000000,0.000000000,0.000000000
community-on,-64,tuff,128,144,5,0.000000000,0.000000000,0.000000000
community-on,-64,tuff,144,160,5,0.000000000,0.000000000,0.000000000
community-on,-64,tuff,160,176,5,0.000000000,0.000000000,0.000000000
community-on,-64,tuff,176,192,5,0.000000000,0.000000000,0.000000000
community-on,-64,tuff,192,208,5,0.000000000,0.000000000,0.000000000
community-on,-64,tuff,208,224,5,0.000000000,0.000000000,0.000000000
community-on,-64,tuff,224,240,5,0.000000000,0.000000000,0.000000000
community-on,-64,tuff,240,256,5,0.000000000,0.000000000,0.000000000
community-on,-64,tuff,256,272,5,0.000000000,0.000000000,0.000000000
community-on,-64,tuff,272,288,5,0.000000000,0.000000000,0.000000000
community-on,-64,tuff,288,304,5,0.000000000,0.000000000,0.000000000
community-on,-64,tuff,304,320,5,0.000000000,0.000000000,0.000000000
official-3.0.17,-320,coal,-320,-304,5,0.000000000,0.000000000,0.000000000
official-3.0.17,-320,coal,-304,-288,5,0.000000000,0.000000000,0.000000000
official-3.0.17,-320,coal,-288,-272,5,0.000000000,0.000000000,0.000000000
official-3.0.17,-320,coal,-272,-256,5,0.000000000,0.000000000,0.000000000
official-3.0.17,-320,coal,-256,-240,5,0.000000000,0.000000000,0.000000000
official-3.0.17,-320,coal,-240,-224,5,0.000000000,0.000000000,0.000000000
official-3.0.17,-320,coal,-224,-208,5,0.000000000,0.000000000,0.000000000
official-3.0.17,-320,coal,-208,-192,5,0.000000000,0.000000000,0.000000000
official-3.0.17,-320,coal,-192,-176,5,0.000000000,0.000000000,0.000000000
official-3.0.17,-320,coal,-176,-160,5,0.000000000,0.000000000,0.000000000
official-3.0.17,-320,coal,-160,-144,5,0.000000000,0.000000000,0.000000000
official-3.0.17,-320,coal,-144,-128,5,0.000000000,0.000000000,0.000000000
official-3.0.17,-320,coal,-128,-112,5,0.000000000,0.000000000,0.000000000
official-3.0.17,-320,coal,-112,-96,5,0.000000000,0.000000000,0.000000000
official-3.0.17,-320,coal,-96,-80,5,0.000000000,0.000000000,0.000000000
official-3.0.17,-320,coal,-80,-64,5,0.000000000,0.000000000,0.000000000
official-3.0.17,-320,coal,-64,-48,5,0.000000000,0.000000000,0.000000000
official-3.0.17,-320,coal,-48,-32,5,0.000000000,0.000000000,0.000000000
official-3.0.17,-320,coal,-32,-16,5,0.000000000,0.000000000,0.000000000
official-3.0.17,-320,coal,-16,0,5,0.101562500,0.031250000,0.277343750
official-3.0.17,-320,coal,0,16,5,5.953125000,3.917968750,8.222656250
official-3.0.17,-320,coal,16,32,5,13.585937500,5.828125000,19.054687500
official-3.0.17,-320,coal,32,48,5,14.067187500,2.585937500,27.957031250
official-3.0.17,-320,coal,48,64,5,7.035156250,0.070312500,18.906250000
official-3.0.17,-320,coal,64,80,5,0.001562500,0.000000000,0.007812500
official-3.0.17,-320,coal,80,96,5,0.000000000,0.000000000,0.000000000
official-3.0.17,-320,coal,96,112,5,0.000000000,0.000000000,0.000000000
official-3.0.17,-320,coal,112,128,5,0.000000000,0.000000000,0.000000000
official-3.0.17,-320,coal,128,144,5,0.000000000,0.000000000,0.000000000
official-3.0.17,-320,coal,144,160,5,0.000000000,0.000000000,0.000000000
official-3.0.17,-320,coal,160,176,5,0.000000000,0.000000000,0.000000000
official-3.0.17,-320,coal,176,192,5,0.000000000,0.000000000,0.000000000
official-3.0.17,-320,coal,192,208,5,0.000000000,0.000000000,0.000000000
official-3.0.17,-320,coal,208,224,5,0.000000000,0.000000000,0.000000000
official-3.0.17,-320,coal,224,240,5,0.000000000,0.000000000,0.000000000
official-3.0.17,-320,coal,240,256,5,0.000000000,0.000000000,0.000000000
official-3.0.17,-320,coal,256,272,5,0.000000000,0.000000000,0.000000000
official-3.0.17,-320,coal,272,288,5,0.000000000,0.000000000,0.000000000
official-3.0.17,-320,coal,288,304,5,0.000000000,0.000000000,0.000000000
official-3.0.17,-320,coal,304,320,5,0.000000000,0.000000000,0.000000000
official-3.0.17,-320,copper,-320,-304,5,0.000000000,0.000000000,0.000000000
official-3.0.17,-320,copper,-304,-288,5,0.000000000,0.000000000,0.000000000
official-3.0.17,-320,copper,-288,-272,5,0.000000000,0.000000000,0.000000000
official-3.0.17,-320,copper,-272,-256,5,0.000000000,0.000000000,0.000000000
official-3.0.17,-320,copper,-256,-240,5,0.000000000,0.000000000,0.000000000
official-3.0.17,-320,copper,-240,-224,5,0.000000000,0.000000000,0.000000000
official-3.0.17,-320,copper,-224,-208,5,0.000000000,0.000000000,0.000000000
official-3.0.17,-320,copper,-208,-192,5,0.000000000,0.000000000,0.000000000
official-3.0.17,-320,copper,-192,-176,5,0.000000000,0.000000000,0.000000000
official-3.0.17,-320,copper,-176,-160,5,0.000000000,0.000000000,0.000000000
official-3.0.17,-320,copper,-160,-144,5,0.000000000,0.000000000,0.000000000
official-3.0.17,-320,copper,-144,-128,5,0.000000000,0.000000000,0.000000000
official-3.0.17,-320,copper,-128,-112,5,0.000000000,0.000000000,0.000000000
official-3.0.17,-320,copper,-112,-96,5,0.000000000,0.000000000,0.000000000
official-3.0.17,-320,copper,-96,-80,5,0.000000000,0.000000000,0.000000000
official-3.0.17,-320,copper,-80,-64,5,0.000000000,0.000000000,0.000000000
official-3.0.17,-320,copper,-64,-48,5,0.000000000,0.000000000,0.000000000
official-3.0.17,-320,copper,-48,-32,5,0.000000000,0.000000000,0.000000000
official-3.0.17,-320,copper,-32,-16,5,0.067187500,0.019531250,0.125000000
official-3.0.17,-320,copper,-16,0,5,4.503125000,3.496093750,4.972656250
official-3.0.17,-320,copper,0,16,5,11.725781250,7.933593750,17.023437500
official-3.0.17,-320,copper,16,32,5,15.678125000,6.535156250,19.949218750
official-3.0.17,-320,copper,32,48,5,14.122656250,3.128906250,27.414062500
official-3.0.17,-320,copper,48,64,5,4.953125000,0.128906250,13.183593750
official-3.0.17,-320,copper,64,80,5,0.001562500,0.000000000,0.007812500
official-3.0.17,-320,copper,80,96,5,0.000000000,0.000000000,0.000000000
official-3.0.17,-320,copper,96,112,5,0.000000000,0.000000000,0.000000000
official-3.0.17,-320,copper,112,128,5,0.000000000,0.000000000,0.000000000
official-3.0.17,-320,copper,128,144,5,0.000000000,0.000000000,0.000000000
official-3.0.17,-320,copper,144,160,5,0.000000000,0.000000000,0.000000000
official-3.0.17,-320,copper,160,176,5,0.000000000,0.000000000,0.000000000
official-3.0.17,-320,copper,176,192,5,0.000000000,0.000000000,0.000000000
official-3.0.17,-320,copper,192,208,5,0.000000000,0.000000000,0.000000000
official-3.0.17,-320,copper,208,224,5,0.000000000,0.000000000,0.000000000
official-3.0.17,-320,copper,224,240,5,0.000000000,0.000000000,0.000000000
official-3.0.17,-320,copper,240,256,5,0.000000000,0.000000000,0.000000000
official-3.0.17,-320,copper,256,272,5,0.000000000,0.000000000,0.000000000
official-3.0.17,-320,copper,272,288,5,0.000000000,0.000000000,0.000000000
official-3.0.17,-320,copper,288,304,5,0.000000000,0.000000000,0.000000000
official-3.0.17,-320,copper,304,320,5,0.000000000,0.000000000,0.000000000
official-3.0.17,-320,diamond,-320,-304,5,5.053125000,4.742187500,5.316406250
official-3.0.17,-320,diamond,-304,-288,5,4.440625000,4.214843750,4.730468750
official-3.0.17,-320,diamond,-288,-272,5,3.326562500,3.140625000,3.457031250
official-3.0.17,-320,diamond,-272,-256,5,1.957812500,1.722656250,2.117187500
official-3.0.17,-320,diamond,-256,-240,5,0.623437500,0.367187500,0.742187500
official-3.0.17,-320,diamond,-240,-224,5,0.000781250,0.000000000,0.003906250
official-3.0.17,-320,diamond,-224,-208,5,0.000000000,0.000000000,0.000000000
official-3.0.17,-320,diamond,-208,-192,5,0.000000000,0.000000000,0.000000000
official-3.0.17,-320,diamond,-192,-176,5,0.000000000,0.000000000,0.000000000
official-3.0.17,-320,diamond,-176,-160,5,0.000000000,0.000000000,0.000000000
official-3.0.17,-320,diamond,-160,-144,5,0.000000000,0.000000000,0.000000000
official-3.0.17,-320,diamond,-144,-128,5,0.000000000,0.000000000,0.000000000
official-3.0.17,-320,diamond,-128,-112,5,0.000000000,0.000000000,0.000000000
official-3.0.17,-320,diamond,-112,-96,5,0.000000000,0.000000000,0.000000000
official-3.0.17,-320,diamond,-96,-80,5,0.000000000,0.000000000,0.000000000
official-3.0.17,-320,diamond,-80,-64,5,0.000000000,0.000000000,0.000000000
official-3.0.17,-320,diamond,-64,-48,5,0.000000000,0.000000000,0.000000000
official-3.0.17,-320,diamond,-48,-32,5,0.000000000,0.000000000,0.000000000
official-3.0.17,-320,diamond,-32,-16,5,0.000000000,0.000000000,0.000000000
official-3.0.17,-320,diamond,-16,0,5,0.000000000,0.000000000,0.000000000
official-3.0.17,-320,diamond,0,16,5,0.000000000,0.000000000,0.000000000
official-3.0.17,-320,diamond,16,32,5,0.000000000,0.000000000,0.000000000
official-3.0.17,-320,diamond,32,48,5,0.000000000,0.000000000,0.000000000
official-3.0.17,-320,diamond,48,64,5,0.000000000,0.000000000,0.000000000
official-3.0.17,-320,diamond,64,80,5,0.000000000,0.000000000,0.000000000
official-3.0.17,-320,diamond,80,96,5,0.000000000,0.000000000,0.000000000
official-3.0.17,-320,diamond,96,112,5,0.000000000,0.000000000,0.000000000
official-3.0.17,-320,diamond,112,128,5,0.000000000,0.000000000,0.000000000
official-3.0.17,-320,diamond,128,144,5,0.000000000,0.000000000,0.000000000
official-3.0.17,-320,diamond,144,160,5,0.000000000,0.000000000,0.000000000
official-3.0.17,-320,diamond,160,176,5,0.000000000,0.000000000,0.000000000
official-3.0.17,-320,diamond,176,192,5,0.000000000,0.000000000,0.000000000
official-3.0.17,-320,diamond,192,208,5,0.000000000,0.000000000,0.000000000
official-3.0.17,-320,diamond,208,224,5,0.000000000,0.000000000,0.000000000
official-3.0.17,-320,diamond,224,240,5,0.000000000,0.000000000,0.000000000
official-3.0.17,-320,diamond,240,256,5,0.000000000,0.000000000,0.000000000
official-3.0.17,-320,diamond,256,272,5,0.000000000,0.000000000,0.000000000
official-3.0.17,-320,diamond,272,288,5,0.000000000,0.000000000,0.000000000
official-3.0.17,-320,diamond,288,304,5,0.000000000,0.000000000,0.000000000
official-3.0.17,-320,diamond,304,320,5,0.000000000,0.000000000,0.000000000
official-3.0.17,-320,emerald,-320,-304,5,0.000000000,0.000000000,0.000000000
official-3.0.17,-320,emerald,-304,-288,5,0.000000000,0.000000000,0.000000000
official-3.0.17,-320,emerald,-288,-272,5,0.000000000,0.000000000,0.000000000
official-3.0.17,-320,emerald,-272,-256,5,0.000000000,0.000000000,0.000000000
official-3.0.17,-320,emerald,-256,-240,5,0.000000000,0.000000000,0.000000000
official-3.0.17,-320,emerald,-240,-224,5,0.000000000,0.000000000,0.000000000
official-3.0.17,-320,emerald,-224,-208,5,0.000000000,0.000000000,0.000000000
official-3.0.17,-320,emerald,-208,-192,5,0.000000000,0.000000000,0.000000000
official-3.0.17,-320,emerald,-192,-176,5,0.000000000,0.000000000,0.000000000
official-3.0.17,-320,emerald,-176,-160,5,0.000000000,0.000000000,0.000000000
official-3.0.17,-320,emerald,-160,-144,5,0.000000000,0.000000000,0.000000000
official-3.0.17,-320,emerald,-144,-128,5,0.000000000,0.000000000,0.000000000
official-3.0.17,-320,emerald,-128,-112,5,0.000000000,0.000000000,0.000000000
official-3.0.17,-320,emerald,-112,-96,5,0.000000000,0.000000000,0.000000000
official-3.0.17,-320,emerald,-96,-80,5,0.000000000,0.000000000,0.000000000
official-3.0.17,-320,emerald,-80,-64,5,0.000000000,0.000000000,0.000000000
official-3.0.17,-320,emerald,-64,-48,5,0.000000000,0.000000000,0.000000000
official-3.0.17,-320,emerald,-48,-32,5,0.000000000,0.000000000,0.000000000
official-3.0.17,-320,emerald,-32,-16,5,0.000000000,0.000000000,0.000000000
official-3.0.17,-320,emerald,-16,0,5,0.000000000,0.000000000,0.000000000
official-3.0.17,-320,emerald,0,16,5,0.000000000,0.000000000,0.000000000
official-3.0.17,-320,emerald,16,32,5,0.000000000,0.000000000,0.000000000
official-3.0.17,-320,emerald,32,48,5,0.000000000,0.000000000,0.000000000
official-3.0.17,-320,emerald,48,64,5,0.000000000,0.000000000,0.000000000
official-3.0.17,-320,emerald,64,80,5,0.000000000,0.000000000,0.000000000
official-3.0.17,-320,emerald,80,96,5,0.000000000,0.000000000,0.000000000
official-3.0.17,-320,emerald,96,112,5,0.000000000,0.000000000,0.000000000
official-3.0.17,-320,emerald,112,128,5,0.000000000,0.000000000,0.000000000
official-3.0.17,-320,emerald,128,144,5,0.000000000,0.000000000,0.000000000
official-3.0.17,-320,emerald,144,160,5,0.000000000,0.000000000,0.000000000
official-3.0.17,-320,emerald,160,176,5,0.000000000,0.000000000,0.000000000
official-3.0.17,-320,emerald,176,192,5,0.000000000,0.000000000,0.000000000
official-3.0.17,-320,emerald,192,208,5,0.000000000,0.000000000,0.000000000
official-3.0.17,-320,emerald,208,224,5,0.000000000,0.000000000,0.000000000
official-3.0.17,-320,emerald,224,240,5,0.000000000,0.000000000,0.000000000
official-3.0.17,-320,emerald,240,256,5,0.000000000,0.000000000,0.000000000
official-3.0.17,-320,emerald,256,272,5,0.000000000,0.000000000,0.000000000
official-3.0.17,-320,emerald,272,288,5,0.000000000,0.000000000,0.000000000
official-3.0.17,-320,emerald,288,304,5,0.000000000,0.000000000,0.000000000
official-3.0.17,-320,emerald,304,320,5,0.000000000,0.000000000,0.000000000
official-3.0.17,-320,gold,-320,-304,5,0.000000000,0.000000000,0.000000000
official-3.0.17,-320,gold,-304,-288,5,0.000000000,0.000000000,0.000000000
official-3.0.17,-320,gold,-288,-272,5,0.000000000,0.000000000,0.000000000
official-3.0.17,-320,gold,-272,-256,5,0.000000000,0.000000000,0.000000000
official-3.0.17,-320,gold,-256,-240,5,0.000000000,0.000000000,0.000000000
official-3.0.17,-320,gold,-240,-224,5,0.000000000,0.000000000,0.000000000
official-3.0.17,-320,gold,-224,-208,5,0.000000000,0.000000000,0.000000000
official-3.0.17,-320,gold,-208,-192,5,0.000000000,0.000000000,0.000000000
official-3.0.17,-320,gold,-192,-176,5,0.000000000,0.000000000,0.000000000
official-3.0.17,-320,gold,-176,-160,5,0.000000000,0.000000000,0.000000000
official-3.0.17,-320,gold,-160,-144,5,0.000000000,0.000000000,0.000000000
official-3.0.17,-320,gold,-144,-128,5,0.000000000,0.000000000,0.000000000
official-3.0.17,-320,gold,-128,-112,5,0.000000000,0.000000000,0.000000000
official-3.0.17,-320,gold,-112,-96,5,0.000000000,0.000000000,0.000000000
official-3.0.17,-320,gold,-96,-80,5,0.000000000,0.000000000,0.000000000
official-3.0.17,-320,gold,-80,-64,5,0.264843750,0.144531250,0.394531250
official-3.0.17,-320,gold,-64,-48,5,4.542187500,4.031250000,5.031250000
official-3.0.17,-320,gold,-48,-32,5,4.330468750,4.015625000,4.718750000
official-3.0.17,-320,gold,-32,-16,5,6.951562500,6.347656250,7.277343750
official-3.0.17,-320,gold,-16,0,5,6.504687500,6.082031250,7.054687500
official-3.0.17,-320,gold,0,16,5,3.523437500,3.230468750,3.738281250
official-3.0.17,-320,gold,16,32,5,1.068750000,0.214843750,1.503906250
official-3.0.17,-320,gold,32,48,5,0.000000000,0.000000000,0.000000000
official-3.0.17,-320,gold,48,64,5,0.000000000,0.000000000,0.000000000
official-3.0.17,-320,gold,64,80,5,0.000000000,0.000000000,0.000000000
official-3.0.17,-320,gold,80,96,5,0.000000000,0.000000000,0.000000000
official-3.0.17,-320,gold,96,112,5,0.000000000,0.000000000,0.000000000
official-3.0.17,-320,gold,112,128,5,0.000000000,0.000000000,0.000000000
official-3.0.17,-320,gold,128,144,5,0.000000000,0.000000000,0.000000000
official-3.0.17,-320,gold,144,160,5,0.000000000,0.000000000,0.000000000
official-3.0.17,-320,gold,160,176,5,0.000000000,0.000000000,0.000000000
official-3.0.17,-320,gold,176,192,5,0.000000000,0.000000000,0.000000000
official-3.0.17,-320,gold,192,208,5,0.000000000,0.000000000,0.000000000
official-3.0.17,-320,gold,208,224,5,0.000000000,0.000000000,0.000000000
official-3.0.17,-320,gold,224,240,5,0.000000000,0.000000000,0.000000000
official-3.0.17,-320,gold,240,256,5,0.000000000,0.000000000,0.000000000
official-3.0.17,-320,gold,256,272,5,0.000000000,0.000000000,0.000000000
official-3.0.17,-320,gold,272,288,5,0.000000000,0.000000000,0.000000000
official-3.0.17,-320,gold,288,304,5,0.000000000,0.000000000,0.000000000
official-3.0.17,-320,gold,304,320,5,0.000000000,0.000000000,0.000000000
official-3.0.17,-320,gravel,-320,-304,5,29.873437500,24.812500000,32.003906250
official-3.0.17,-320,gravel,-304,-288,5,34.561718750,30.644531250,39.734375000
official-3.0.17,-320,gravel,-288,-272,5,37.009375000,33.589843750,44.515625000
official-3.0.17,-320,gravel,-272,-256,5,36.200000000,32.074218750,39.785156250
official-3.0.17,-320,gravel,-256,-240,5,38.239843750,33.148437500,43.558593750
official-3.0.17,-320,gravel,-240,-224,5,35.553906250,29.648437500,37.964843750
official-3.0.17,-320,gravel,-224,-208,5,36.734375000,32.164062500,44.847656250
official-3.0.17,-320,gravel,-208,-192,5,36.546875000,32.875000000,41.671875000
official-3.0.17,-320,gravel,-192,-176,5,33.813281250,30.140625000,36.019531250
official-3.0.17,-320,gravel,-176,-160,5,32.525000000,29.914062500,35.152343750
official-3.0.17,-320,gravel,-160,-144,5,38.747656250,29.089843750,46.953125000
official-3.0.17,-320,gravel,-144,-128,5,35.490625000,24.304687500,39.851562500
official-3.0.17,-320,gravel,-128,-112,5,37.930468750,31.410156250,40.437500000
official-3.0.17,-320,gravel,-112,-96,5,35.196093750,33.519531250,37.820312500
official-3.0.17,-320,gravel,-96,-80,5,37.570312500,32.843750000,42.585937500
official-3.0.17,-320,gravel,-80,-64,5,35.885156250,31.875000000,38.968750000
official-3.0.17,-320,gravel,-64,-48,5,35.553125000,30.859375000,41.777343750
official-3.0.17,-320,gravel,-48,-32,5,33.486718750,30.046875000,34.699218750
official-3.0.17,-320,gravel,-32,-16,5,37.039062500,34.726562500,39.828125000
official-3.0.17,-320,gravel,-16,0,5,39.107812500,31.414062500,55.234375000
official-3.0.17,-320,gravel,0,16,5,57.578125000,29.617187500,112.496093750
official-3.0.17,-320,gravel,16,32,5,65.924218750,30.078125000,126.972656250
official-3.0.17,-320,gravel,32,48,5,62.403906250,7.445312500,113.335937500
official-3.0.17,-320,gravel,48,64,5,21.306250000,0.175781250,66.160156250
official-3.0.17,-320,gravel,64,80,5,0.011718750,0.000000000,0.058593750
official-3.0.17,-320,gravel,80,96,5,0.000000000,0.000000000,0.000000000
official-3.0.17,-320,gravel,96,112,5,0.000000000,0.000000000,0.000000000
official-3.0.17,-320,gravel,112,128,5,0.000000000,0.000000000,0.000000000
official-3.0.17,-320,gravel,128,144,5,0.000000000,0.000000000,0.000000000
official-3.0.17,-320,gravel,144,160,5,0.000000000,0.000000000,0.000000000
official-3.0.17,-320,gravel,160,176,5,0.000000000,0.000000000,0.000000000
official-3.0.17,-320,gravel,176,192,5,0.000000000,0.000000000,0.000000000
official-3.0.17,-320,gravel,192,208,5,0.000000000,0.000000000,0.000000000
official-3.0.17,-320,gravel,208,224,5,0.000000000,0.000000000,0.000000000
official-3.0.17,-320,gravel,224,240,5,0.000000000,0.000000000,0.000000000
official-3.0.17,-320,gravel,240,256,5,0.000000000,0.000000000,0.000000000
official-3.0.17,-320,gravel,256,272,5,0.000000000,0.000000000,0.000000000
official-3.0.17,-320,gravel,272,288,5,0.000000000,0.000000000,0.000000000
official-3.0.17,-320,gravel,288,304,5,0.000000000,0.000000000,0.000000000
official-3.0.17,-320,gravel,304,320,5,0.000000000,0.000000000,0.000000000
official-3.0.17,-320,iron,-320,-304,5,0.623437500,0.492187500,0.765625000
official-3.0.17,-320,iron,-304,-288,5,0.691406250,0.582031250,0.824218750
official-3.0.17,-320,iron,-288,-272,5,0.811718750,0.660156250,0.917968750
official-3.0.17,-320,iron,-272,-256,5,0.769531250,0.519531250,1.003906250
official-3.0.17,-320,iron,-256,-240,5,0.657812500,0.480468750,0.851562500
official-3.0.17,-320,iron,-240,-224,5,0.739062500,0.480468750,0.839843750
official-3.0.17,-320,iron,-224,-208,5,0.721093750,0.648437500,0.781250000
official-3.0.17,-320,iron,-208,-192,5,0.807812500,0.769531250,0.871093750
official-3.0.17,-320,iron,-192,-176,5,0.723437500,0.679687500,0.820312500
official-3.0.17,-320,iron,-176,-160,5,0.735156250,0.679687500,0.781250000
official-3.0.17,-320,iron,-160,-144,5,0.807031250,0.621093750,0.941406250
official-3.0.17,-320,iron,-144,-128,5,0.673437500,0.511718750,0.816406250
official-3.0.17,-320,iron,-128,-112,5,0.733593750,0.699218750,0.800781250
official-3.0.17,-320,iron,-112,-96,5,0.816406250,0.781250000,0.875000000
official-3.0.17,-320,iron,-96,-80,5,0.753906250,0.652343750,0.832031250
official-3.0.17,-320,iron,-80,-64,5,0.788281250,0.746093750,0.863281250
official-3.0.17,-320,iron,-64,-48,5,1.546875000,0.660156250,3.199218750
official-3.0.17,-320,iron,-48,-32,5,2.121093750,0.648437500,5.218750000
official-3.0.17,-320,iron,-32,-16,5,3.837500000,2.222656250,6.734375000
official-3.0.17,-320,iron,-16,0,5,11.884375000,10.925781250,13.917968750
official-3.0.17,-320,iron,0,16,5,18.196093750,13.980468750,21.363281250
official-3.0.17,-320,iron,16,32,5,14.560156250,7.054687500,19.882812500
official-3.0.17,-320,iron,32,48,5,5.492187500,1.183593750,10.511718750
official-3.0.17,-320,iron,48,64,5,0.492187500,0.000000000,1.367187500
official-3.0.17,-320,iron,64,80,5,0.000000000,0.000000000,0.000000000
official-3.0.17,-320,iron,80,96,5,0.000000000,0.000000000,0.000000000
official-3.0.17,-320,iron,96,112,5,0.000000000,0.000000000,0.000000000
official-3.0.17,-320,iron,112,128,5,0.000000000,0.000000000,0.000000000
official-3.0.17,-320,iron,128,144,5,0.000000000,0.000000000,0.000000000
official-3.0.17,-320,iron,144,160,5,0.000000000,0.000000000,0.000000000
official-3.0.17,-320,iron,160,176,5,0.000000000,0.000000000,0.000000000
official-3.0.17,-320,iron,176,192,5,0.000000000,0.000000000,0.000000000
official-3.0.17,-320,iron,192,208,5,0.000000000,0.000000000,0.000000000
official-3.0.17,-320,iron,208,224,5,0.000000000,0.000000000,0.000000000
official-3.0.17,-320,iron,224,240,5,0.000000000,0.000000000,0.000000000
official-3.0.17,-320,iron,240,256,5,0.000000000,0.000000000,0.000000000
official-3.0.17,-320,iron,256,272,5,0.000000000,0.000000000,0.000000000
official-3.0.17,-320,iron,272,288,5,0.000000000,0.000000000,0.000000000
official-3.0.17,-320,iron,288,304,5,0.000000000,0.000000000,0.000000000
official-3.0.17,-320,iron,304,320,5,0.000000000,0.000000000,0.000000000
official-3.0.17,-320,lapis,-320,-304,5,0.518750000,0.417968750,0.718750000
official-3.0.17,-320,lapis,-304,-288,5,0.822656250,0.664062500,0.937500000
official-3.0.17,-320,lapis,-288,-272,5,0.801562500,0.648437500,0.941406250
official-3.0.17,-320,lapis,-272,-256,5,0.695312500,0.531250000,0.824218750
official-3.0.17,-320,lapis,-256,-240,5,0.730468750,0.488281250,0.882812500
official-3.0.17,-320,lapis,-240,-224,5,0.645312500,0.500000000,0.871093750
official-3.0.17,-320,lapis,-224,-208,5,0.707031250,0.527343750,0.773437500
official-3.0.17,-320,lapis,-208,-192,5,0.697656250,0.605468750,0.785156250
official-3.0.17,-320,lapis,-192,-176,5,0.704687500,0.664062500,0.773437500
official-3.0.17,-320,lapis,-176,-160,5,0.815625000,0.660156250,0.957031250
official-3.0.17,-320,lapis,-160,-144,5,0.699218750,0.531250000,0.835937500
official-3.0.17,-320,lapis,-144,-128,5,0.771093750,0.554687500,0.933593750
official-3.0.17,-320,lapis,-128,-112,5,0.783593750,0.710937500,0.937500000
official-3.0.17,-320,lapis,-112,-96,5,0.744531250,0.660156250,0.953125000
official-3.0.17,-320,lapis,-96,-80,5,0.765625000,0.597656250,0.941406250
official-3.0.17,-320,lapis,-80,-64,5,0.823437500,0.757812500,0.925781250
official-3.0.17,-320,lapis,-64,-48,5,0.732812500,0.621093750,0.875000000
official-3.0.17,-320,lapis,-48,-32,5,0.695312500,0.496093750,0.847656250
official-3.0.17,-320,lapis,-32,-16,5,2.043750000,1.828125000,2.531250000
official-3.0.17,-320,lapis,-16,0,5,4.235156250,3.628906250,4.636718750
official-3.0.17,-320,lapis,0,16,5,3.514843750,2.753906250,3.992187500
official-3.0.17,-320,lapis,16,32,5,1.400781250,0.777343750,1.917968750
official-3.0.17,-320,lapis,32,48,5,0.357812500,0.066406250,0.750000000
official-3.0.17,-320,lapis,48,64,5,0.135937500,0.000000000,0.359375000
official-3.0.17,-320,lapis,64,80,5,0.000000000,0.000000000,0.000000000
official-3.0.17,-320,lapis,80,96,5,0.000000000,0.000000000,0.000000000
official-3.0.17,-320,lapis,96,112,5,0.000000000,0.000000000,0.000000000
official-3.0.17,-320,lapis,112,128,5,0.000000000,0.000000000,0.000000000
official-3.0.17,-320,lapis,128,144,5,0.000000000,0.000000000,0.000000000
official-3.0.17,-320,lapis,144,160,5,0.000000000,0.000000000,0.000000000
official-3.0.17,-320,lapis,160,176,5,0.000000000,0.000000000,0.000000000
official-3.0.17,-320,lapis,176,192,5,0.000000000,0.000000000,0.000000000
official-3.0.17,-320,lapis,192,208,5,0.000000000,0.000000000,0.000000000
official-3.0.17,-320,lapis,208,224,5,0.000000000,0.000000000,0.000000000
official-3.0.17,-320,lapis,224,240,5,0.000000000,0.000000000,0.000000000
official-3.0.17,-320,lapis,240,256,5,0.000000000,0.000000000,0.000000000
official-3.0.17,-320,lapis,256,272,5,0.000000000,0.000000000,0.000000000
official-3.0.17,-320,lapis,272,288,5,0.000000000,0.000000000,0.000000000
official-3.0.17,-320,lapis,288,304,5,0.000000000,0.000000000,0.000000000
official-3.0.17,-320,lapis,304,320,5,0.000000000,0.000000000,0.000000000
official-3.0.17,-320,redstone,-320,-304,5,12.554687500,12.066406250,12.949218750
official-3.0.17,-320,redstone,-304,-288,5,5.789843750,5.105468750,6.167968750
official-3.0.17,-320,redstone,-288,-272,5,1.071875000,0.902343750,1.312500000
official-3.0.17,-320,redstone,-272,-256,5,1.091406250,0.871093750,1.339843750
official-3.0.17,-320,redstone,-256,-240,5,0.863281250,0.667968750,1.027343750
official-3.0.17,-320,redstone,-240,-224,5,1.010156250,0.863281250,1.179687500
official-3.0.17,-320,redstone,-224,-208,5,0.857031250,0.574218750,0.996093750
official-3.0.17,-320,redstone,-208,-192,5,0.948437500,0.800781250,1.156250000
official-3.0.17,-320,redstone,-192,-176,5,1.104687500,0.921875000,1.371093750
official-3.0.17,-320,redstone,-176,-160,5,0.971093750,0.847656250,1.171875000
official-3.0.17,-320,redstone,-160,-144,5,0.972656250,0.824218750,1.101562500
official-3.0.17,-320,redstone,-144,-128,5,0.900781250,0.847656250,1.007812500
official-3.0.17,-320,redstone,-128,-112,5,0.967968750,0.789062500,1.058593750
official-3.0.17,-320,redstone,-112,-96,5,1.006250000,0.929687500,1.089843750
official-3.0.17,-320,redstone,-96,-80,5,1.007812500,0.875000000,1.109375000
official-3.0.17,-320,redstone,-80,-64,5,1.179687500,1.003906250,1.273437500
official-3.0.17,-320,redstone,-64,-48,5,1.081250000,0.957031250,1.421875000
official-3.0.17,-320,redstone,-48,-32,5,0.884375000,0.753906250,1.019531250
official-3.0.17,-320,redstone,-32,-16,5,1.079687500,0.808593750,1.269531250
official-3.0.17,-320,redstone,-16,0,5,0.932812500,0.699218750,1.089843750
official-3.0.17,-320,redstone,0,16,5,0.764062500,0.656250000,0.851562500
official-3.0.17,-320,redstone,16,32,5,0.000000000,0.000000000,0.000000000
official-3.0.17,-320,redstone,32,48,5,0.000000000,0.000000000,0.000000000
official-3.0.17,-320,redstone,48,64,5,0.000000000,0.000000000,0.000000000
official-3.0.17,-320,redstone,64,80,5,0.000000000,0.000000000,0.000000000
official-3.0.17,-320,redstone,80,96,5,0.000000000,0.000000000,0.000000000
official-3.0.17,-320,redstone,96,112,5,0.000000000,0.000000000,0.000000000
official-3.0.17,-320,redstone,112,128,5,0.000000000,0.000000000,0.000000000
official-3.0.17,-320,redstone,128,144,5,0.000000000,0.000000000,0.000000000
official-3.0.17,-320,redstone,144,160,5,0.000000000,0.000000000,0.000000000
official-3.0.17,-320,redstone,160,176,5,0.000000000,0.000000000,0.000000000
official-3.0.17,-320,redstone,176,192,5,0.000000000,0.000000000,0.000000000
official-3.0.17,-320,redstone,192,208,5,0.000000000,0.000000000,0.000000000
official-3.0.17,-320,redstone,208,224,5,0.000000000,0.000000000,0.000000000
official-3.0.17,-320,redstone,224,240,5,0.000000000,0.000000000,0.000000000
official-3.0.17,-320,redstone,240,256,5,0.000000000,0.000000000,0.000000000
official-3.0.17,-320,redstone,256,272,5,0.000000000,0.000000000,0.000000000
official-3.0.17,-320,redstone,272,288,5,0.000000000,0.000000000,0.000000000
official-3.0.17,-320,redstone,288,304,5,0.000000000,0.000000000,0.000000000
official-3.0.17,-320,redstone,304,320,5,0.000000000,0.000000000,0.000000000
official-3.0.17,-320,tuff,-320,-304,5,55.887500000,46.675781250,67.972656250
official-3.0.17,-320,tuff,-304,-288,5,52.302343750,38.714843750,63.648437500
official-3.0.17,-320,tuff,-288,-272,5,54.729687500,44.433593750,59.351562500
official-3.0.17,-320,tuff,-272,-256,5,63.206250000,48.660156250,76.179687500
official-3.0.17,-320,tuff,-256,-240,5,66.253906250,53.945312500,81.300781250
official-3.0.17,-320,tuff,-240,-224,5,56.640625000,37.429687500,75.125000000
official-3.0.17,-320,tuff,-224,-208,5,55.029687500,42.726562500,77.085937500
official-3.0.17,-320,tuff,-208,-192,5,63.343750000,51.800781250,80.312500000
official-3.0.17,-320,tuff,-192,-176,5,61.878125000,50.839843750,73.929687500
official-3.0.17,-320,tuff,-176,-160,5,56.238281250,31.429687500,70.183593750
official-3.0.17,-320,tuff,-160,-144,5,61.325000000,52.906250000,68.468750000
official-3.0.17,-320,tuff,-144,-128,5,59.886718750,49.406250000,70.664062500
official-3.0.17,-320,tuff,-128,-112,5,62.337500000,36.304687500,91.878906250
official-3.0.17,-320,tuff,-112,-96,5,69.100781250,55.632812500,77.984375000
official-3.0.17,-320,tuff,-96,-80,5,74.592187500,65.093750000,90.023437500
official-3.0.17,-320,tuff,-80,-64,5,68.495312500,50.015625000,82.531250000
official-3.0.17,-320,tuff,-64,-48,5,65.183593750,43.761718750,76.843750000
official-3.0.17,-320,tuff,-48,-32,5,65.684375000,61.078125000,71.277343750
official-3.0.17,-320,tuff,-32,-16,5,70.357812500,50.953125000,82.597656250
official-3.0.17,-320,tuff,-16,0,5,54.228906250,48.906250000,58.636718750
official-3.0.17,-320,tuff,0,16,5,1.697656250,1.371093750,2.121093750
official-3.0.17,-320,tuff,16,32,5,0.000000000,0.000000000,0.000000000
official-3.0.17,-320,tuff,32,48,5,0.000000000,0.000000000,0.000000000
official-3.0.17,-320,tuff,48,64,5,0.000000000,0.000000000,0.000000000
official-3.0.17,-320,tuff,64,80,5,0.000000000,0.000000000,0.000000000
official-3.0.17,-320,tuff,80,96,5,0.000000000,0.000000000,0.000000000
official-3.0.17,-320,tuff,96,112,5,0.000000000,0.000000000,0.000000000
official-3.0.17,-320,tuff,112,128,5,0.000000000,0.000000000,0.000000000
official-3.0.17,-320,tuff,128,144,5,0.000000000,0.000000000,0.000000000
official-3.0.17,-320,tuff,144,160,5,0.000000000,0.000000000,0.000000000
official-3.0.17,-320,tuff,160,176,5,0.000000000,0.000000000,0.000000000
official-3.0.17,-320,tuff,176,192,5,0.000000000,0.000000000,0.000000000
official-3.0.17,-320,tuff,192,208,5,0.000000000,0.000000000,0.000000000
official-3.0.17,-320,tuff,208,224,5,0.000000000,0.000000000,0.000000000
official-3.0.17,-320,tuff,224,240,5,0.000000000,0.000000000,0.000000000
official-3.0.17,-320,tuff,240,256,5,0.000000000,0.000000000,0.000000000
official-3.0.17,-320,tuff,256,272,5,0.000000000,0.000000000,0.000000000
official-3.0.17,-320,tuff,272,288,5,0.000000000,0.000000000,0.000000000
official-3.0.17,-320,tuff,288,304,5,0.000000000,0.000000000,0.000000000
official-3.0.17,-320,tuff,304,320,5,0.000000000,0.000000000,0.000000000
official-3.0.17,-128,coal,-128,-112,5,0.000000000,0.000000000,0.000000000
official-3.0.17,-128,coal,-112,-96,5,0.000000000,0.000000000,0.000000000
official-3.0.17,-128,coal,-96,-80,5,0.000000000,0.000000000,0.000000000
official-3.0.17,-128,coal,-80,-64,5,0.000000000,0.000000000,0.000000000
official-3.0.17,-128,coal,-64,-48,5,0.000000000,0.000000000,0.000000000
official-3.0.17,-128,coal,-48,-32,5,0.000000000,0.000000000,0.000000000
official-3.0.17,-128,coal,-32,-16,5,0.000000000,0.000000000,0.000000000
official-3.0.17,-128,coal,-16,0,5,0.090625000,0.000000000,0.261718750
official-3.0.17,-128,coal,0,16,5,6.016406250,3.703125000,8.093750000
official-3.0.17,-128,coal,16,32,5,13.664843750,5.843750000,18.562500000
official-3.0.17,-128,coal,32,48,5,14.198437500,2.457031250,28.570312500
official-3.0.17,-128,coal,48,64,5,7.212500000,0.066406250,19.476562500
official-3.0.17,-128,coal,64,80,5,0.003906250,0.000000000,0.019531250
official-3.0.17,-128,coal,80,96,5,0.000000000,0.000000000,0.000000000
official-3.0.17,-128,coal,96,112,5,0.000000000,0.000000000,0.000000000
official-3.0.17,-128,coal,112,128,5,0.000000000,0.000000000,0.000000000
official-3.0.17,-128,coal,128,144,5,0.000000000,0.000000000,0.000000000
official-3.0.17,-128,coal,144,160,5,0.000000000,0.000000000,0.000000000
official-3.0.17,-128,coal,160,176,5,0.000000000,0.000000000,0.000000000
official-3.0.17,-128,coal,176,192,5,0.000000000,0.000000000,0.000000000
official-3.0.17,-128,coal,192,208,5,0.000000000,0.000000000,0.000000000
official-3.0.17,-128,coal,208,224,5,0.000000000,0.000000000,0.000000000
official-3.0.17,-128,coal,224,240,5,0.000000000,0.000000000,0.000000000
official-3.0.17,-128,coal,240,256,5,0.000000000,0.000000000,0.000000000
official-3.0.17,-128,coal,256,272,5,0.000000000,0.000000000,0.000000000
official-3.0.17,-128,coal,272,288,5,0.000000000,0.000000000,0.000000000
official-3.0.17,-128,coal,288,304,5,0.000000000,0.000000000,0.000000000
official-3.0.17,-128,coal,304,320,5,0.000000000,0.000000000,0.000000000
official-3.0.17,-128,copper,-128,-112,5,0.000000000,0.000000000,0.000000000
official-3.0.17,-128,copper,-112,-96,5,0.000000000,0.000000000,0.000000000
official-3.0.17,-128,copper,-96,-80,5,0.000000000,0.000000000,0.000000000
official-3.0.17,-128,copper,-80,-64,5,0.000000000,0.000000000,0.000000000
official-3.0.17,-128,copper,-64,-48,5,0.000000000,0.000000000,0.000000000
official-3.0.17,-128,copper,-48,-32,5,0.000000000,0.000000000,0.000000000
official-3.0.17,-128,copper,-32,-16,5,0.066406250,0.015625000,0.125000000
official-3.0.17,-128,copper,-16,0,5,4.392968750,3.421875000,4.722656250
official-3.0.17,-128,copper,0,16,5,11.591406250,7.945312500,16.843750000
official-3.0.17,-128,copper,16,32,5,15.529687500,6.714843750,19.734375000
official-3.0.17,-128,copper,32,48,5,14.040625000,3.171875000,27.417968750
official-3.0.17,-128,copper,48,64,5,4.902343750,0.113281250,12.992187500
official-3.0.17,-128,copper,64,80,5,0.001562500,0.000000000,0.007812500
official-3.0.17,-128,copper,80,96,5,0.000000000,0.000000000,0.000000000
official-3.0.17,-128,copper,96,112,5,0.000000000,0.000000000,0.000000000
official-3.0.17,-128,copper,112,128,5,0.000000000,0.000000000,0.000000000
official-3.0.17,-128,copper,128,144,5,0.000000000,0.000000000,0.000000000
official-3.0.17,-128,copper,144,160,5,0.000000000,0.000000000,0.000000000
official-3.0.17,-128,copper,160,176,5,0.000000000,0.000000000,0.000000000
official-3.0.17,-128,copper,176,192,5,0.000000000,0.000000000,0.000000000
official-3.0.17,-128,copper,192,208,5,0.000000000,0.000000000,0.000000000
official-3.0.17,-128,copper,208,224,5,0.000000000,0.000000000,0.000000000
official-3.0.17,-128,copper,224,240,5,0.000000000,0.000000000,0.000000000
official-3.0.17,-128,copper,240,256,5,0.000000000,0.000000000,0.000000000
official-3.0.17,-128,copper,256,272,5,0.000000000,0.000000000,0.000000000
official-3.0.17,-128,copper,272,288,5,0.000000000,0.000000000,0.000000000
official-3.0.17,-128,copper,288,304,5,0.000000000,0.000000000,0.000000000
official-3.0.17,-128,copper,304,320,5,0.000000000,0.000000000,0.000000000
official-3.0.17,-128,diamond,-128,-112,5,4.937500000,4.480468750,5.210937500
official-3.0.17,-128,diamond,-112,-96,5,4.304687500,3.925781250,4.535156250
official-3.0.17,-128,diamond,-96,-80,5,3.332031250,2.914062500,3.519531250
official-3.0.17,-128,diamond,-80,-64,5,1.904687500,1.394531250,2.199218750
official-3.0.17,-128,diamond,-64,-48,5,0.635937500,0.355468750,0.777343750
official-3.0.17,-128,diamond,-48,-32,5,0.000781250,0.000000000,0.003906250
official-3.0.17,-128,diamond,-32,-16,5,0.000000000,0.000000000,0.000000000
official-3.0.17,-128,diamond,-16,0,5,0.000000000,0.000000000,0.000000000
official-3.0.17,-128,diamond,0,16,5,0.000000000,0.000000000,0.000000000
official-3.0.17,-128,diamond,16,32,5,0.000000000,0.000000000,0.000000000
official-3.0.17,-128,diamond,32,48,5,0.000000000,0.000000000,0.000000000
official-3.0.17,-128,diamond,48,64,5,0.000000000,0.000000000,0.000000000
official-3.0.17,-128,diamond,64,80,5,0.000000000,0.000000000,0.000000000
official-3.0.17,-128,diamond,80,96,5,0.000000000,0.000000000,0.000000000
official-3.0.17,-128,diamond,96,112,5,0.000000000,0.000000000,0.000000000
official-3.0.17,-128,diamond,112,128,5,0.000000000,0.000000000,0.000000000
official-3.0.17,-128,diamond,128,144,5,0.000000000,0.000000000,0.000000000
official-3.0.17,-128,diamond,144,160,5,0.000000000,0.000000000,0.000000000
official-3.0.17,-128,diamond,160,176,5,0.000000000,0.000000000,0.000000000
official-3.0.17,-128,diamond,176,192,5,0.000000000,0.000000000,0.000000000
official-3.0.17,-128,diamond,192,208,5,0.000000000,0.000000000,0.000000000
official-3.0.17,-128,diamond,208,224,5,0.000000000,0.000000000,0.000000000
official-3.0.17,-128,diamond,224,240,5,0.000000000,0.000000000,0.000000000
official-3.0.17,-128,diamond,240,256,5,0.000000000,0.000000000,0.000000000
official-3.0.17,-128,diamond,256,272,5,0.000000000,0.000000000,0.000000000
official-3.0.17,-128,diamond,272,288,5,0.000000000,0.000000000,0.000000000
official-3.0.17,-128,diamond,288,304,5,0.000000000,0.000000000,0.000000000
official-3.0.17,-128,diamond,304,320,5,0.000000000,0.000000000,0.000000000
official-3.0.17,-128,emerald,-128,-112,5,0.000000000,0.000000000,0.000000000
official-3.0.17,-128,emerald,-112,-96,5,0.000000000,0.000000000,0.000000000
official-3.0.17,-128,emerald,-96,-80,5,0.000000000,0.000000000,0.000000000
official-3.0.17,-128,emerald,-80,-64,5,0.000000000,0.000000000,0.000000000
official-3.0.17,-128,emerald,-64,-48,5,0.000000000,0.000000000,0.000000000
official-3.0.17,-128,emerald,-48,-32,5,0.000000000,0.000000000,0.000000000
official-3.0.17,-128,emerald,-32,-16,5,0.000000000,0.000000000,0.000000000
official-3.0.17,-128,emerald,-16,0,5,0.000000000,0.000000000,0.000000000
official-3.0.17,-128,emerald,0,16,5,0.000000000,0.000000000,0.000000000
official-3.0.17,-128,emerald,16,32,5,0.000000000,0.000000000,0.000000000
official-3.0.17,-128,emerald,32,48,5,0.000000000,0.000000000,0.000000000
official-3.0.17,-128,emerald,48,64,5,0.000000000,0.000000000,0.000000000
official-3.0.17,-128,emerald,64,80,5,0.000000000,0.000000000,0.000000000
official-3.0.17,-128,emerald,80,96,5,0.000000000,0.000000000,0.000000000
official-3.0.17,-128,emerald,96,112,5,0.000000000,0.000000000,0.000000000
official-3.0.17,-128,emerald,112,128,5,0.000000000,0.000000000,0.000000000
official-3.0.17,-128,emerald,128,144,5,0.000000000,0.000000000,0.000000000
official-3.0.17,-128,emerald,144,160,5,0.000000000,0.000000000,0.000000000
official-3.0.17,-128,emerald,160,176,5,0.000000000,0.000000000,0.000000000
official-3.0.17,-128,emerald,176,192,5,0.000000000,0.000000000,0.000000000
official-3.0.17,-128,emerald,192,208,5,0.000000000,0.000000000,0.000000000
official-3.0.17,-128,emerald,208,224,5,0.000000000,0.000000000,0.000000000
official-3.0.17,-128,emerald,224,240,5,0.000000000,0.000000000,0.000000000
official-3.0.17,-128,emerald,240,256,5,0.000000000,0.000000000,0.000000000
official-3.0.17,-128,emerald,256,272,5,0.000000000,0.000000000,0.000000000
official-3.0.17,-128,emerald,272,288,5,0.000000000,0.000000000,0.000000000
official-3.0.17,-128,emerald,288,304,5,0.000000000,0.000000000,0.000000000
official-3.0.17,-128,emerald,304,320,5,0.000000000,0.000000000,0.000000000
official-3.0.17,-128,gold,-128,-112,5,0.000000000,0.000000000,0.000000000
official-3.0.17,-128,gold,-112,-96,5,0.000000000,0.000000000,0.000000000
official-3.0.17,-128,gold,-96,-80,5,0.000000000,0.000000000,0.000000000
official-3.0.17,-128,gold,-80,-64,5,0.271093750,0.175781250,0.363281250
official-3.0.17,-128,gold,-64,-48,5,4.397656250,3.710937500,4.921875000
official-3.0.17,-128,gold,-48,-32,5,4.185937500,3.996093750,4.425781250
official-3.0.17,-128,gold,-32,-16,5,6.856250000,6.445312500,7.269531250
official-3.0.17,-128,gold,-16,0,5,6.338281250,5.906250000,6.832031250
official-3.0.17,-128,gold,0,16,5,3.455468750,3.039062500,3.800781250
official-3.0.17,-128,gold,16,32,5,1.094531250,0.222656250,1.531250000
official-3.0.17,-128,gold,32,48,5,0.000000000,0.000000000,0.000000000
official-3.0.17,-128,gold,48,64,5,0.000000000,0.000000000,0.000000000
official-3.0.17,-128,gold,64,80,5,0.000000000,0.000000000,0.000000000
official-3.0.17,-128,gold,80,96,5,0.000000000,0.000000000,0.000000000
official-3.0.17,-128,gold,96,112,5,0.000000000,0.000000000,0.000000000
official-3.0.17,-128,gold,112,128,5,0.000000000,0.000000000,0.000000000
official-3.0.17,-128,gold,128,144,5,0.000000000,0.000000000,0.000000000
official-3.0.17,-128,gold,144,160,5,0.000000000,0.000000000,0.000000000
official-3.0.17,-128,gold,160,176,5,0.000000000,0.000000000,0.000000000
official-3.0.17,-128,gold,176,192,5,0.000000000,0.000000000,0.000000000
official-3.0.17,-128,gold,192,208,5,0.000000000,0.000000000,0.000000000
official-3.0.17,-128,gold,208,224,5,0.000000000,0.000000000,0.000000000
official-3.0.17,-128,gold,224,240,5,0.000000000,0.000000000,0.000000000
official-3.0.17,-128,gold,240,256,5,0.000000000,0.000000000,0.000000000
official-3.0.17,-128,gold,256,272,5,0.000000000,0.000000000,0.000000000
official-3.0.17,-128,gold,272,288,5,0.000000000,0.000000000,0.000000000
official-3.0.17,-128,gold,288,304,5,0.000000000,0.000000000,0.000000000
official-3.0.17,-128,gold,304,320,5,0.000000000,0.000000000,0.000000000
official-3.0.17,-128,gravel,-128,-112,5,44.029687500,39.687500000,47.207031250
official-3.0.17,-128,gravel,-112,-96,5,53.819531250,48.308593750,57.406250000
official-3.0.17,-128,gravel,-96,-80,5,50.563281250,48.593750000,52.601562500
official-3.0.17,-128,gravel,-80,-64,5,50.647656250,41.085937500,60.011718750
official-3.0.17,-128,gravel,-64,-48,5,51.182812500,46.644531250,57.277343750
official-3.0.17,-128,gravel,-48,-32,5,50.842968750,46.554687500,54.578125000
official-3.0.17,-128,gravel,-32,-16,5,54.501562500,52.437500000,57.156250000
official-3.0.17,-128,gravel,-16,0,5,57.820312500,41.574218750,71.210937500
official-3.0.17,-128,gravel,0,16,5,70.409375000,40.234375000,121.496093750
official-3.0.17,-128,gravel,16,32,5,77.139062500,36.792968750,142.937500000
official-3.0.17,-128,gravel,32,48,5,74.192968750,13.000000000,119.558593750
official-3.0.17,-128,gravel,48,64,5,24.691406250,0.226562500,68.285156250
official-3.0.17,-128,gravel,64,80,5,0.021093750,0.000000000,0.105468750
official-3.0.17,-128,gravel,80,96,5,0.000000000,0.000000000,0.000000000
official-3.0.17,-128,gravel,96,112,5,0.000000000,0.000000000,0.000000000
official-3.0.17,-128,gravel,112,128,5,0.000000000,0.000000000,0.000000000
official-3.0.17,-128,gravel,128,144,5,0.000000000,0.000000000,0.000000000
official-3.0.17,-128,gravel,144,160,5,0.000000000,0.000000000,0.000000000
official-3.0.17,-128,gravel,160,176,5,0.000000000,0.000000000,0.000000000
official-3.0.17,-128,gravel,176,192,5,0.000000000,0.000000000,0.000000000
official-3.0.17,-128,gravel,192,208,5,0.000000000,0.000000000,0.000000000
official-3.0.17,-128,gravel,208,224,5,0.000000000,0.000000000,0.000000000
official-3.0.17,-128,gravel,224,240,5,0.000000000,0.000000000,0.000000000
official-3.0.17,-128,gravel,240,256,5,0.000000000,0.000000000,0.000000000
official-3.0.17,-128,gravel,256,272,5,0.000000000,0.000000000,0.000000000
official-3.0.17,-128,gravel,272,288,5,0.000000000,0.000000000,0.000000000
official-3.0.17,-128,gravel,288,304,5,0.000000000,0.000000000,0.000000000
official-3.0.17,-128,gravel,304,320,5,0.000000000,0.000000000,0.000000000
official-3.0.17,-128,iron,-128,-112,5,1.215625000,1.097656250,1.292968750
official-3.0.17,-128,iron,-112,-96,5,1.362500000,1.003906250,1.609375000
official-3.0.17,-128,iron,-96,-80,5,1.414843750,1.343750000,1.519531250
official-3.0.17,-128,iron,-80,-64,5,1.348437500,1.246093750,1.480468750
official-3.0.17,-128,iron,-64,-48,5,2.239843750,1.378906250,3.554687500
official-3.0.17,-128,iron,-48,-32,5,2.840625000,1.445312500,5.667968750
official-3.0.17,-128,iron,-32,-16,5,4.406250000,2.746093750,7.316406250
official-3.0.17,-128,iron,-16,0,5,12.314843750,11.105468750,14.449218750
official-3.0.17,-128,iron,0,16,5,18.710156250,14.519531250,22.058593750
official-3.0.17,-128,iron,16,32,5,14.928125000,7.109375000,20.007812500
official-3.0.17,-128,iron,32,48,5,5.696875000,1.253906250,10.722656250
official-3.0.17,-128,iron,48,64,5,0.611718750,0.000000000,1.726562500
official-3.0.17,-128,iron,64,80,5,0.000000000,0.000000000,0.000000000
official-3.0.17,-128,iron,80,96,5,0.000000000,0.000000000,0.000000000
official-3.0.17,-128,iron,96,112,5,0.000000000,0.000000000,0.000000000
official-3.0.17,-128,iron,112,128,5,0.000000000,0.000000000,0.000000000
official-3.0.17,-128,iron,128,144,5,0.000000000,0.000000000,0.000000000
official-3.0.17,-128,iron,144,160,5,0.000000000,0.000000000,0.000000000
official-3.0.17,-128,iron,160,176,5,0.000000000,0.000000000,0.000000000
official-3.0.17,-128,iron,176,192,5,0.000000000,0.000000000,0.000000000
official-3.0.17,-128,iron,192,208,5,0.000000000,0.000000000,0.000000000
official-3.0.17,-128,iron,208,224,5,0.000000000,0.000000000,0.000000000
official-3.0.17,-128,iron,224,240,5,0.000000000,0.000000000,0.000000000
official-3.0.17,-128,iron,240,256,5,0.000000000,0.000000000,0.000000000
official-3.0.17,-128,iron,256,272,5,0.000000000,0.000000000,0.000000000
official-3.0.17,-128,iron,272,288,5,0.000000000,0.000000000,0.000000000
official-3.0.17,-128,iron,288,304,5,0.000000000,0.000000000,0.000000000
official-3.0.17,-128,iron,304,320,5,0.000000000,0.000000000,0.000000000
official-3.0.17,-128,lapis,-128,-112,5,1.256250000,1.183593750,1.343750000
official-3.0.17,-128,lapis,-112,-96,5,1.277343750,1.011718750,1.617187500
official-3.0.17,-128,lapis,-96,-80,5,1.475000000,1.332031250,1.558593750
official-3.0.17,-128,lapis,-80,-64,5,1.482812500,1.304687500,1.593750000
official-3.0.17,-128,lapis,-64,-48,5,1.392968750,1.097656250,1.667968750
official-3.0.17,-128,lapis,-48,-32,5,1.513281250,1.207031250,2.058593750
official-3.0.17,-128,lapis,-32,-16,5,2.814062500,2.371093750,3.171875000
official-3.0.17,-128,lapis,-16,0,5,4.738281250,3.914062500,5.476562500
official-3.0.17,-128,lapis,0,16,5,4.064062500,3.300781250,4.808593750
official-3.0.17,-128,lapis,16,32,5,1.874218750,0.906250000,2.515625000
official-3.0.17,-128,lapis,32,48,5,0.719531250,0.171875000,1.390625000
official-3.0.17,-128,lapis,48,64,5,0.285937500,0.003906250,0.781250000
official-3.0.17,-128,lapis,64,80,5,0.000000000,0.000000000,0.000000000
official-3.0.17,-128,lapis,80,96,5,0.000000000,0.000000000,0.000000000
official-3.0.17,-128,lapis,96,112,5,0.000000000,0.000000000,0.000000000
official-3.0.17,-128,lapis,112,128,5,0.000000000,0.000000000,0.000000000
official-3.0.17,-128,lapis,128,144,5,0.000000000,0.000000000,0.000000000
official-3.0.17,-128,lapis,144,160,5,0.000000000,0.000000000,0.000000000
official-3.0.17,-128,lapis,160,176,5,0.000000000,0.000000000,0.000000000
official-3.0.17,-128,lapis,176,192,5,0.000000000,0.000000000,0.000000000
official-3.0.17,-128,lapis,192,208,5,0.000000000,0.000000000,0.000000000
official-3.0.17,-128,lapis,208,224,5,0.000000000,0.000000000,0.000000000
official-3.0.17,-128,lapis,224,240,5,0.000000000,0.000000000,0.000000000
official-3.0.17,-128,lapis,240,256,5,0.000000000,0.000000000,0.000000000
official-3.0.17,-128,lapis,256,272,5,0.000000000,0.000000000,0.000000000
official-3.0.17,-128,lapis,272,288,5,0.000000000,0.000000000,0.000000000
official-3.0.17,-128,lapis,288,304,5,0.000000000,0.000000000,0.000000000
official-3.0.17,-128,lapis,304,320,5,0.000000000,0.000000000,0.000000000
official-3.0.17,-128,redstone,-128,-112,5,13.407031250,12.832031250,13.699218750
official-3.0.17,-128,redstone,-112,-96,5,6.981250000,6.164062500,7.398437500
official-3.0.17,-128,redstone,-96,-80,5,2.258593750,2.035156250,2.410156250
official-3.0.17,-128,redstone,-80,-64,5,2.425781250,2.136718750,2.882812500
official-3.0.17,-128,redstone,-64,-48,5,2.030468750,1.687500000,2.304687500
official-3.0.17,-128,redstone,-48,-32,5,2.332031250,1.957031250,2.570312500
official-3.0.17,-128,redstone,-32,-16,5,2.409375000,2.152343750,2.613281250
official-3.0.17,-128,redstone,-16,0,5,2.296875000,2.003906250,2.636718750
official-3.0.17,-128,redstone,0,16,5,1.755468750,1.281250000,2.042968750
official-3.0.17,-128,redstone,16,32,5,0.000000000,0.000000000,0.000000000
official-3.0.17,-128,redstone,32,48,5,0.000000000,0.000000000,0.000000000
official-3.0.17,-128,redstone,48,64,5,0.000000000,0.000000000,0.000000000
official-3.0.17,-128,redstone,64,80,5,0.000000000,0.000000000,0.000000000
official-3.0.17,-128,redstone,80,96,5,0.000000000,0.000000000,0.000000000
official-3.0.17,-128,redstone,96,112,5,0.000000000,0.000000000,0.000000000
official-3.0.17,-128,redstone,112,128,5,0.000000000,0.000000000,0.000000000
official-3.0.17,-128,redstone,128,144,5,0.000000000,0.000000000,0.000000000
official-3.0.17,-128,redstone,144,160,5,0.000000000,0.000000000,0.000000000
official-3.0.17,-128,redstone,160,176,5,0.000000000,0.000000000,0.000000000
official-3.0.17,-128,redstone,176,192,5,0.000000000,0.000000000,0.000000000
official-3.0.17,-128,redstone,192,208,5,0.000000000,0.000000000,0.000000000
official-3.0.17,-128,redstone,208,224,5,0.000000000,0.000000000,0.000000000
official-3.0.17,-128,redstone,224,240,5,0.000000000,0.000000000,0.000000000
official-3.0.17,-128,redstone,240,256,5,0.000000000,0.000000000,0.000000000
official-3.0.17,-128,redstone,256,272,5,0.000000000,0.000000000,0.000000000
official-3.0.17,-128,redstone,272,288,5,0.000000000,0.000000000,0.000000000
official-3.0.17,-128,redstone,288,304,5,0.000000000,0.000000000,0.000000000
official-3.0.17,-128,redstone,304,320,5,0.000000000,0.000000000,0.000000000
official-3.0.17,-128,tuff,-128,-112,5,124.192187500,104.632812500,135.117187500
official-3.0.17,-128,tuff,-112,-96,5,158.228125000,140.746093750,180.562500000
official-3.0.17,-128,tuff,-96,-80,5,154.438281250,131.570312500,168.292968750
official-3.0.17,-128,tuff,-80,-64,5,156.865625000,127.496093750,183.035156250
official-3.0.17,-128,tuff,-64,-48,5,145.037500000,132.597656250,155.464843750
official-3.0.17,-128,tuff,-48,-32,5,161.207812500,122.097656250,192.906250000
official-3.0.17,-128,tuff,-32,-16,5,156.059375000,138.289062500,172.546875000
official-3.0.17,-128,tuff,-16,0,5,130.257812500,101.707031250,159.546875000
official-3.0.17,-128,tuff,0,16,5,4.157031250,3.191406250,5.070312500
official-3.0.17,-128,tuff,16,32,5,0.000000000,0.000000000,0.000000000
official-3.0.17,-128,tuff,32,48,5,0.000000000,0.000000000,0.000000000
official-3.0.17,-128,tuff,48,64,5,0.000000000,0.000000000,0.000000000
official-3.0.17,-128,tuff,64,80,5,0.000000000,0.000000000,0.000000000
official-3.0.17,-128,tuff,80,96,5,0.000000000,0.000000000,0.000000000
official-3.0.17,-128,tuff,96,112,5,0.000000000,0.000000000,0.000000000
official-3.0.17,-128,tuff,112,128,5,0.000000000,0.000000000,0.000000000
official-3.0.17,-128,tuff,128,144,5,0.000000000,0.000000000,0.000000000
official-3.0.17,-128,tuff,144,160,5,0.000000000,0.000000000,0.000000000
official-3.0.17,-128,tuff,160,176,5,0.000000000,0.000000000,0.000000000
official-3.0.17,-128,tuff,176,192,5,0.000000000,0.000000000,0.000000000
official-3.0.17,-128,tuff,192,208,5,0.000000000,0.000000000,0.000000000
official-3.0.17,-128,tuff,208,224,5,0.000000000,0.000000000,0.000000000
official-3.0.17,-128,tuff,224,240,5,0.000000000,0.000000000,0.000000000
official-3.0.17,-128,tuff,240,256,5,0.000000000,0.000000000,0.000000000
official-3.0.17,-128,tuff,256,272,5,0.000000000,0.000000000,0.000000000
official-3.0.17,-128,tuff,272,288,5,0.000000000,0.000000000,0.000000000
official-3.0.17,-128,tuff,288,304,5,0.000000000,0.000000000,0.000000000
official-3.0.17,-128,tuff,304,320,5,0.000000000,0.000000000,0.000000000
official-3.0.17,-64,coal,-64,-48,5,0.000000000,0.000000000,0.000000000
official-3.0.17,-64,coal,-48,-32,5,0.000000000,0.000000000,0.000000000
official-3.0.17,-64,coal,-32,-16,5,0.000000000,0.000000000,0.000000000
official-3.0.17,-64,coal,-16,0,5,0.095312500,0.000000000,0.277343750
official-3.0.17,-64,coal,0,16,5,5.864062500,3.953125000,7.910156250
official-3.0.17,-64,coal,16,32,5,12.948437500,5.722656250,17.871093750
official-3.0.17,-64,coal,32,48,5,14.003906250,2.339843750,28.605468750
official-3.0.17,-64,coal,48,64,5,7.129687500,0.085937500,18.925781250
official-3.0.17,-64,coal,64,80,5,0.001562500,0.000000000,0.007812500
official-3.0.17,-64,coal,80,96,5,0.000000000,0.000000000,0.000000000
official-3.0.17,-64,coal,96,112,5,0.000000000,0.000000000,0.000000000
official-3.0.17,-64,coal,112,128,5,0.000000000,0.000000000,0.000000000
official-3.0.17,-64,coal,128,144,5,0.000000000,0.000000000,0.000000000
official-3.0.17,-64,coal,144,160,5,0.000000000,0.000000000,0.000000000
official-3.0.17,-64,coal,160,176,5,0.000000000,0.000000000,0.000000000
official-3.0.17,-64,coal,176,192,5,0.000000000,0.000000000,0.000000000
official-3.0.17,-64,coal,192,208,5,0.000000000,0.000000000,0.000000000
official-3.0.17,-64,coal,208,224,5,0.000000000,0.000000000,0.000000000
official-3.0.17,-64,coal,224,240,5,0.000000000,0.000000000,0.000000000
official-3.0.17,-64,coal,240,256,5,0.000000000,0.000000000,0.000000000
official-3.0.17,-64,coal,256,272,5,0.000000000,0.000000000,0.000000000
official-3.0.17,-64,coal,272,288,5,0.000000000,0.000000000,0.000000000
official-3.0.17,-64,coal,288,304,5,0.000000000,0.000000000,0.000000000
official-3.0.17,-64,coal,304,320,5,0.000000000,0.000000000,0.000000000
official-3.0.17,-64,copper,-64,-48,5,0.000000000,0.000000000,0.000000000
official-3.0.17,-64,copper,-48,-32,5,0.000000000,0.000000000,0.000000000
official-3.0.17,-64,copper,-32,-16,5,0.067187500,0.019531250,0.125000000
official-3.0.17,-64,copper,-16,0,5,4.418750000,3.421875000,4.906250000
official-3.0.17,-64,copper,0,16,5,11.360156250,7.535156250,16.898437500
official-3.0.17,-64,copper,16,32,5,15.150781250,6.417968750,19.121093750
official-3.0.17,-64,copper,32,48,5,13.778125000,2.968750000,26.875000000
official-3.0.17,-64,copper,48,64,5,4.891406250,0.117187500,12.953125000
official-3.0.17,-64,copper,64,80,5,0.001562500,0.000000000,0.007812500
official-3.0.17,-64,copper,80,96,5,0.000000000,0.000000000,0.000000000
official-3.0.17,-64,copper,96,112,5,0.000000000,0.000000000,0.000000000
official-3.0.17,-64,copper,112,128,5,0.000000000,0.000000000,0.000000000
official-3.0.17,-64,copper,128,144,5,0.000000000,0.000000000,0.000000000
official-3.0.17,-64,copper,144,160,5,0.000000000,0.000000000,0.000000000
official-3.0.17,-64,copper,160,176,5,0.000000000,0.000000000,0.000000000
official-3.0.17,-64,copper,176,192,5,0.000000000,0.000000000,0.000000000
official-3.0.17,-64,copper,192,208,5,0.000000000,0.000000000,0.000000000
official-3.0.17,-64,copper,208,224,5,0.000000000,0.000000000,0.000000000
official-3.0.17,-64,copper,224,240,5,0.000000000,0.000000000,0.000000000
official-3.0.17,-64,copper,240,256,5,0.000000000,0.000000000,0.000000000
official-3.0.17,-64,copper,256,272,5,0.000000000,0.000000000,0.000000000
official-3.0.17,-64,copper,272,288,5,0.000000000,0.000000000,0.000000000
official-3.0.17,-64,copper,288,304,5,0.000000000,0.000000000,0.000000000
official-3.0.17,-64,copper,304,320,5,0.000000000,0.000000000,0.000000000
official-3.0.17,-64,diamond,-64,-48,5,4.865625000,4.601562500,5.140625000
official-3.0.17,-64,diamond,-48,-32,5,4.342968750,4.054687500,4.628906250
official-3.0.17,-64,diamond,-32,-16,5,3.119531250,2.679687500,3.339843750
official-3.0.17,-64,diamond,-16,0,5,1.853125000,1.574218750,2.039062500
official-3.0.17,-64,diamond,0,16,5,0.560937500,0.398437500,0.789062500
official-3.0.17,-64,diamond,16,32,5,0.000781250,0.000000000,0.003906250
official-3.0.17,-64,diamond,32,48,5,0.000000000,0.000000000,0.000000000
official-3.0.17,-64,diamond,48,64,5,0.000000000,0.000000000,0.000000000
official-3.0.17,-64,diamond,64,80,5,0.000000000,0.000000000,0.000000000
official-3.0.17,-64,diamond,80,96,5,0.000000000,0.000000000,0.000000000
official-3.0.17,-64,diamond,96,112,5,0.000000000,0.000000000,0.000000000
official-3.0.17,-64,diamond,112,128,5,0.000000000,0.000000000,0.000000000
official-3.0.17,-64,diamond,128,144,5,0.000000000,0.000000000,0.000000000
official-3.0.17,-64,diamond,144,160,5,0.000000000,0.000000000,0.000000000
official-3.0.17,-64,diamond,160,176,5,0.000000000,0.000000000,0.000000000
official-3.0.17,-64,diamond,176,192,5,0.000000000,0.000000000,0.000000000
official-3.0.17,-64,diamond,192,208,5,0.000000000,0.000000000,0.000000000
official-3.0.17,-64,diamond,208,224,5,0.000000000,0.000000000,0.000000000
official-3.0.17,-64,diamond,224,240,5,0.000000000,0.000000000,0.000000000
official-3.0.17,-64,diamond,240,256,5,0.000000000,0.000000000,0.000000000
official-3.0.17,-64,diamond,256,272,5,0.000000000,0.000000000,0.000000000
official-3.0.17,-64,diamond,272,288,5,0.000000000,0.000000000,0.000000000
official-3.0.17,-64,diamond,288,304,5,0.000000000,0.000000000,0.000000000
official-3.0.17,-64,diamond,304,320,5,0.000000000,0.000000000,0.000000000
official-3.0.17,-64,emerald,-64,-48,5,0.000000000,0.000000000,0.000000000
official-3.0.17,-64,emerald,-48,-32,5,0.000000000,0.000000000,0.000000000
official-3.0.17,-64,emerald,-32,-16,5,0.000000000,0.000000000,0.000000000
official-3.0.17,-64,emerald,-16,0,5,0.000000000,0.000000000,0.000000000
official-3.0.17,-64,emerald,0,16,5,0.000000000,0.000000000,0.000000000
official-3.0.17,-64,emerald,16,32,5,0.000000000,0.000000000,0.000000000
official-3.0.17,-64,emerald,32,48,5,0.000000000,0.000000000,0.000000000
official-3.0.17,-64,emerald,48,64,5,0.000000000,0.000000000,0.000000000
official-3.0.17,-64,emerald,64,80,5,0.000000000,0.000000000,0.000000000
official-3.0.17,-64,emerald,80,96,5,0.000000000,0.000000000,0.000000000
official-3.0.17,-64,emerald,96,112,5,0.000000000,0.000000000,0.000000000
official-3.0.17,-64,emerald,112,128,5,0.000000000,0.000000000,0.000000000
official-3.0.17,-64,emerald,128,144,5,0.000000000,0.000000000,0.000000000
official-3.0.17,-64,emerald,144,160,5,0.000000000,0.000000000,0.000000000
official-3.0.17,-64,emerald,160,176,5,0.000000000,0.000000000,0.000000000
official-3.0.17,-64,emerald,176,192,5,0.000000000,0.000000000,0.000000000
official-3.0.17,-64,emerald,192,208,5,0.000000000,0.000000000,0.000000000
official-3.0.17,-64,emerald,208,224,5,0.000000000,0.000000000,0.000000000
official-3.0.17,-64,emerald,224,240,5,0.000000000,0.000000000,0.000000000
official-3.0.17,-64,emerald,240,256,5,0.000000000,0.000000000,0.000000000
official-3.0.17,-64,emerald,256,272,5,0.000000000,0.000000000,0.000000000
official-3.0.17,-64,emerald,272,288,5,0.000000000,0.000000000,0.000000000
official-3.0.17,-64,emerald,288,304,5,0.000000000,0.000000000,0.000000000
official-3.0.17,-64,emerald,304,320,5,0.000000000,0.000000000,0.000000000
official-3.0.17,-64,gold,-64,-48,5,3.870312500,3.582031250,4.175781250
official-3.0.17,-64,gold,-48,-32,5,4.077343750,3.679687500,4.550781250
official-3.0.17,-64,gold,-32,-16,5,6.724218750,6.472656250,7.074218750
official-3.0.17,-64,gold,-16,0,5,6.300781250,5.582031250,6.742187500
official-3.0.17,-64,gold,0,16,5,3.522656250,3.035156250,3.933593750
official-3.0.17,-64,gold,16,32,5,1.029687500,0.226562500,1.523437500
official-3.0.17,-64,gold,32,48,5,0.000000000,0.000000000,0.000000000
official-3.0.17,-64,gold,48,64,5,0.000000000,0.000000000,0.000000000
official-3.0.17,-64,gold,64,80,5,0.000000000,0.000000000,0.000000000
official-3.0.17,-64,gold,80,96,5,0.000000000,0.000000000,0.000000000
official-3.0.17,-64,gold,96,112,5,0.000000000,0.000000000,0.000000000
official-3.0.17,-64,gold,112,128,5,0.000000000,0.000000000,0.000000000
official-3.0.17,-64,gold,128,144,5,0.000000000,0.000000000,0.000000000
official-3.0.17,-64,gold,144,160,5,0.000000000,0.000000000,0.000000000
official-3.0.17,-64,gold,160,176,5,0.000000000,0.000000000,0.000000000
official-3.0.17,-64,gold,176,192,5,0.000000000,0.000000000,0.000000000
official-3.0.17,-64,gold,192,208,5,0.000000000,0.000000000,0.000000000
official-3.0.17,-64,gold,208,224,5,0.000000000,0.000000000,0.000000000
official-3.0.17,-64,gold,224,240,5,0.000000000,0.000000000,0.000000000
official-3.0.17,-64,gold,240,256,5,0.000000000,0.000000000,0.000000000
official-3.0.17,-64,gold,256,272,5,0.000000000,0.000000000,0.000000000
official-3.0.17,-64,gold,272,288,5,0.000000000,0.000000000,0.000000000
official-3.0.17,-64,gold,288,304,5,0.000000000,0.000000000,0.000000000
official-3.0.17,-64,gold,304,320,5,0.000000000,0.000000000,0.000000000
official-3.0.17,-64,gravel,-64,-48,5,51.631250000,47.937500000,56.035156250
official-3.0.17,-64,gravel,-48,-32,5,54.910937500,50.203125000,61.101562500
official-3.0.17,-64,gravel,-32,-16,5,60.449218750,55.523437500,68.574218750
official-3.0.17,-64,gravel,-16,0,5,60.957031250,50.992187500,73.183593750
official-3.0.17,-64,gravel,0,16,5,76.457031250,52.824218750,130.714843750
official-3.0.17,-64,gravel,16,32,5,81.471875000,47.296875000,138.859375000
official-3.0.17,-64,gravel,32,48,5,73.158593750,15.578125000,118.691406250
official-3.0.17,-64,gravel,48,64,5,26.109375000,1.601562500,69.828125000
official-3.0.17,-64,gravel,64,80,5,0.011718750,0.000000000,0.058593750
official-3.0.17,-64,gravel,80,96,5,0.000000000,0.000000000,0.000000000
official-3.0.17,-64,gravel,96,112,5,0.000000000,0.000000000,0.000000000
official-3.0.17,-64,gravel,112,128,5,0.000000000,0.000000000,0.000000000
official-3.0.17,-64,gravel,128,144,5,0.000000000,0.000000000,0.000000000
official-3.0.17,-64,gravel,144,160,5,0.000000000,0.000000000,0.000000000
official-3.0.17,-64,gravel,160,176,5,0.000000000,0.000000000,0.000000000
official-3.0.17,-64,gravel,176,192,5,0.000000000,0.000000000,0.000000000
official-3.0.17,-64,gravel,192,208,5,0.000000000,0.000000000,0.000000000
official-3.0.17,-64,gravel,208,224,5,0.000000000,0.000000000,0.000000000
official-3.0.17,-64,gravel,224,240,5,0.000000000,0.000000000,0.000000000
official-3.0.17,-64,gravel,240,256,5,0.000000000,0.000000000,0.000000000
official-3.0.17,-64,gravel,256,272,5,0.000000000,0.000000000,0.000000000
official-3.0.17,-64,gravel,272,288,5,0.000000000,0.000000000,0.000000000
official-3.0.17,-64,gravel,288,304,5,0.000000000,0.000000000,0.000000000
official-3.0.17,-64,gravel,304,320,5,0.000000000,0.000000000,0.000000000
official-3.0.17,-64,iron,-64,-48,5,2.582812500,1.355468750,4.398437500
official-3.0.17,-64,iron,-48,-32,5,3.453125000,2.011718750,6.394531250
official-3.0.17,-64,iron,-32,-16,5,5.079687500,3.433593750,7.757812500
official-3.0.17,-64,iron,-16,0,5,12.960156250,11.742187500,14.980468750
official-3.0.17,-64,iron,0,16,5,18.945312500,14.796875000,22.000000000
official-3.0.17,-64,iron,16,32,5,15.010156250,7.207031250,20.500000000
official-3.0.17,-64,iron,32,48,5,6.081250000,1.390625000,11.437500000
official-3.0.17,-64,iron,48,64,5,0.711718750,0.007812500,1.859375000
official-3.0.17,-64,iron,64,80,5,0.000781250,0.000000000,0.003906250
official-3.0.17,-64,iron,80,96,5,0.000000000,0.000000000,0.000000000
official-3.0.17,-64,iron,96,112,5,0.000000000,0.000000000,0.000000000
official-3.0.17,-64,iron,112,128,5,0.000000000,0.000000000,0.000000000
official-3.0.17,-64,iron,128,144,5,0.000000000,0.000000000,0.000000000
official-3.0.17,-64,iron,144,160,5,0.000000000,0.000000000,0.000000000
official-3.0.17,-64,iron,160,176,5,0.000000000,0.000000000,0.000000000
official-3.0.17,-64,iron,176,192,5,0.000000000,0.000000000,0.000000000
official-3.0.17,-64,iron,192,208,5,0.000000000,0.000000000,0.000000000
official-3.0.17,-64,iron,208,224,5,0.000000000,0.000000000,0.000000000
official-3.0.17,-64,iron,224,240,5,0.000000000,0.000000000,0.000000000
official-3.0.17,-64,iron,240,256,5,0.000000000,0.000000000,0.000000000
official-3.0.17,-64,iron,256,272,5,0.000000000,0.000000000,0.000000000
official-3.0.17,-64,iron,272,288,5,0.000000000,0.000000000,0.000000000
official-3.0.17,-64,iron,288,304,5,0.000000000,0.000000000,0.000000000
official-3.0.17,-64,iron,304,320,5,0.000000000,0.000000000,0.000000000
official-3.0.17,-64,lapis,-64,-48,5,1.828125000,1.652343750,2.152343750
official-3.0.17,-64,lapis,-48,-32,5,2.188281250,1.773437500,2.675781250
official-3.0.17,-64,lapis,-32,-16,5,3.545312500,3.238281250,3.804687500
official-3.0.17,-64,lapis,-16,0,5,5.407812500,4.859375000,5.847656250
official-3.0.17,-64,lapis,0,16,5,4.672656250,3.859375000,5.554687500
official-3.0.17,-64,lapis,16,32,5,2.412500000,1.230468750,2.914062500
official-3.0.17,-64,lapis,32,48,5,1.071875000,0.179687500,2.425781250
official-3.0.17,-64,lapis,48,64,5,0.350781250,0.000000000,1.015625000
official-3.0.17,-64,lapis,64,80,5,0.000000000,0.000000000,0.000000000
official-3.0.17,-64,lapis,80,96,5,0.000000000,0.000000000,0.000000000
official-3.0.17,-64,lapis,96,112,5,0.000000000,0.000000000,0.000000000
official-3.0.17,-64,lapis,112,128,5,0.000000000,0.000000000,0.000000000
official-3.0.17,-64,lapis,128,144,5,0.000000000,0.000000000,0.000000000
official-3.0.17,-64,lapis,144,160,5,0.000000000,0.000000000,0.000000000
official-3.0.17,-64,lapis,160,176,5,0.000000000,0.000000000,0.000000000
official-3.0.17,-64,lapis,176,192,5,0.000000000,0.000000000,0.000000000
official-3.0.17,-64,lapis,192,208,5,0.000000000,0.000000000,0.000000000
official-3.0.17,-64,lapis,208,224,5,0.000000000,0.000000000,0.000000000
official-3.0.17,-64,lapis,224,240,5,0.000000000,0.000000000,0.000000000
official-3.0.17,-64,lapis,240,256,5,0.000000000,0.000000000,0.000000000
official-3.0.17,-64,lapis,256,272,5,0.000000000,0.000000000,0.000000000
official-3.0.17,-64,lapis,272,288,5,0.000000000,0.000000000,0.000000000
official-3.0.17,-64,lapis,288,304,5,0.000000000,0.000000000,0.000000000
official-3.0.17,-64,lapis,304,320,5,0.000000000,0.000000000,0.000000000
official-3.0.17,-64,redstone,-64,-48,5,14.866406250,14.195312500,16.000000000
official-3.0.17,-64,redstone,-48,-32,5,8.462500000,7.695312500,9.128906250
official-3.0.17,-64,redstone,-32,-16,5,4.060937500,3.503906250,4.546875000
official-3.0.17,-64,redstone,-16,0,5,4.070312500,3.511718750,4.648437500
official-3.0.17,-64,redstone,0,16,5,3.278125000,3.019531250,3.640625000
official-3.0.17,-64,redstone,16,32,5,0.000000000,0.000000000,0.000000000
official-3.0.17,-64,redstone,32,48,5,0.000000000,0.000000000,0.000000000
official-3.0.17,-64,redstone,48,64,5,0.000000000,0.000000000,0.000000000
official-3.0.17,-64,redstone,64,80,5,0.000000000,0.000000000,0.000000000
official-3.0.17,-64,redstone,80,96,5,0.000000000,0.000000000,0.000000000
official-3.0.17,-64,redstone,96,112,5,0.000000000,0.000000000,0.000000000
official-3.0.17,-64,redstone,112,128,5,0.000000000,0.000000000,0.000000000
official-3.0.17,-64,redstone,128,144,5,0.000000000,0.000000000,0.000000000
official-3.0.17,-64,redstone,144,160,5,0.000000000,0.000000000,0.000000000
official-3.0.17,-64,redstone,160,176,5,0.000000000,0.000000000,0.000000000
official-3.0.17,-64,redstone,176,192,5,0.000000000,0.000000000,0.000000000
official-3.0.17,-64,redstone,192,208,5,0.000000000,0.000000000,0.000000000
official-3.0.17,-64,redstone,208,224,5,0.000000000,0.000000000,0.000000000
official-3.0.17,-64,redstone,224,240,5,0.000000000,0.000000000,0.000000000
official-3.0.17,-64,redstone,240,256,5,0.000000000,0.000000000,0.000000000
official-3.0.17,-64,redstone,256,272,5,0.000000000,0.000000000,0.000000000
official-3.0.17,-64,redstone,272,288,5,0.000000000,0.000000000,0.000000000
official-3.0.17,-64,redstone,288,304,5,0.000000000,0.000000000,0.000000000
official-3.0.17,-64,redstone,304,320,5,0.000000000,0.000000000,0.000000000
official-3.0.17,-64,tuff,-64,-48,5,243.076562500,229.214843750,262.164062500
official-3.0.17,-64,tuff,-48,-32,5,274.534375000,251.406250000,287.308593750
official-3.0.17,-64,tuff,-32,-16,5,294.262500000,275.257812500,304.511718750
official-3.0.17,-64,tuff,-16,0,5,282.722656250,248.968750000,302.292968750
official-3.0.17,-64,tuff,0,16,5,8.186718750,5.507812500,9.746093750
official-3.0.17,-64,tuff,16,32,5,0.000000000,0.000000000,0.000000000
official-3.0.17,-64,tuff,32,48,5,0.000000000,0.000000000,0.000000000
official-3.0.17,-64,tuff,48,64,5,0.000000000,0.000000000,0.000000000
official-3.0.17,-64,tuff,64,80,5,0.000000000,0.000000000,0.000000000
official-3.0.17,-64,tuff,80,96,5,0.000000000,0.000000000,0.000000000
official-3.0.17,-64,tuff,96,112,5,0.000000000,0.000000000,0.000000000
official-3.0.17,-64,tuff,112,128,5,0.000000000,0.000000000,0.000000000
official-3.0.17,-64,tuff,128,144,5,0.000000000,0.000000000,0.000000000
official-3.0.17,-64,tuff,144,160,5,0.000000000,0.000000000,0.000000000
official-3.0.17,-64,tuff,160,176,5,0.000000000,0.000000000,0.000000000
official-3.0.17,-64,tuff,176,192,5,0.000000000,0.000000000,0.000000000
official-3.0.17,-64,tuff,192,208,5,0.000000000,0.000000000,0.000000000
official-3.0.17,-64,tuff,208,224,5,0.000000000,0.000000000,0.000000000
official-3.0.17,-64,tuff,224,240,5,0.000000000,0.000000000,0.000000000
official-3.0.17,-64,tuff,240,256,5,0.000000000,0.000000000,0.000000000
official-3.0.17,-64,tuff,256,272,5,0.000000000,0.000000000,0.000000000
official-3.0.17,-64,tuff,272,288,5,0.000000000,0.000000000,0.000000000
official-3.0.17,-64,tuff,288,304,5,0.000000000,0.000000000,0.000000000
official-3.0.17,-64,tuff,304,320,5,0.000000000,0.000000000,0.000000000
vanilla-reference,-64,coal,-64,-48,5,0.000000000,0.000000000,0.000000000
vanilla-reference,-64,coal,-48,-32,5,0.000000000,0.000000000,0.000000000
vanilla-reference,-64,coal,-32,-16,5,0.000000000,0.000000000,0.000000000
vanilla-reference,-64,coal,-16,0,5,0.071875000,0.035156250,0.148437500
vanilla-reference,-64,coal,0,16,5,5.898437500,5.218750000,6.492187500
vanilla-reference,-64,coal,16,32,5,17.080468750,15.398437500,18.171875000
vanilla-reference,-64,coal,32,48,5,28.976562500,27.976562500,31.406250000
vanilla-reference,-64,coal,48,64,5,32.605468750,25.746093750,37.960937500
vanilla-reference,-64,coal,64,80,5,13.768750000,4.914062500,24.859375000
vanilla-reference,-64,coal,80,96,5,7.090625000,0.128906250,17.628906250
vanilla-reference,-64,coal,96,112,5,3.857031250,0.000000000,12.390625000
vanilla-reference,-64,coal,112,128,5,1.621093750,0.000000000,7.308593750
vanilla-reference,-64,coal,128,144,5,0.064062500,0.000000000,0.292968750
vanilla-reference,-64,coal,144,160,5,0.000000000,0.000000000,0.000000000
vanilla-reference,-64,coal,160,176,5,0.000000000,0.000000000,0.000000000
vanilla-reference,-64,coal,176,192,5,0.000000000,0.000000000,0.000000000
vanilla-reference,-64,coal,192,208,5,0.000000000,0.000000000,0.000000000
vanilla-reference,-64,coal,208,224,5,0.000000000,0.000000000,0.000000000
vanilla-reference,-64,coal,224,240,5,0.000000000,0.000000000,0.000000000
vanilla-reference,-64,coal,240,256,5,0.000000000,0.000000000,0.000000000
vanilla-reference,-64,coal,256,272,5,0.000000000,0.000000000,0.000000000
vanilla-reference,-64,coal,272,288,5,0.000000000,0.000000000,0.000000000
vanilla-reference,-64,coal,288,304,5,0.000000000,0.000000000,0.000000000
vanilla-reference,-64,coal,304,320,5,0.000000000,0.000000000,0.000000000
vanilla-reference,-64,copper,-64,-48,5,0.000000000,0.000000000,0.000000000
vanilla-reference,-64,copper,-48,-32,5,0.000000000,0.000000000,0.000000000
vanilla-reference,-64,copper,-32,-16,5,0.114843750,0.035156250,0.238281250
vanilla-reference,-64,copper,-16,0,5,7.704687500,4.222656250,15.042968750
vanilla-reference,-64,copper,0,16,5,21.899218750,10.601562500,48.046875000
vanilla-reference,-64,copper,16,32,5,34.139843750,18.261718750,69.562500000
vanilla-reference,-64,copper,32,48,5,43.985156250,26.402343750,80.480468750
vanilla-reference,-64,copper,48,64,5,30.385156250,17.703125000,47.113281250
vanilla-reference,-64,copper,64,80,5,10.428906250,1.750000000,24.308593750
vanilla-reference,-64,copper,80,96,5,2.492968750,0.000000000,8.007812500
vanilla-reference,-64,copper,96,112,5,0.469531250,0.000000000,1.710937500
vanilla-reference,-64,copper,112,128,5,0.000000000,0.000000000,0.000000000
vanilla-reference,-64,copper,128,144,5,0.000000000,0.000000000,0.000000000
vanilla-reference,-64,copper,144,160,5,0.000000000,0.000000000,0.000000000
vanilla-reference,-64,copper,160,176,5,0.000000000,0.000000000,0.000000000
vanilla-reference,-64,copper,176,192,5,0.000000000,0.000000000,0.000000000
vanilla-reference,-64,copper,192,208,5,0.000000000,0.000000000,0.000000000
vanilla-reference,-64,copper,208,224,5,0.000000000,0.000000000,0.000000000
vanilla-reference,-64,copper,224,240,5,0.000000000,0.000000000,0.000000000
vanilla-reference,-64,copper,240,256,5,0.000000000,0.000000000,0.000000000
vanilla-reference,-64,copper,256,272,5,0.000000000,0.000000000,0.000000000
vanilla-reference,-64,copper,272,288,5,0.000000000,0.000000000,0.000000000
vanilla-reference,-64,copper,288,304,5,0.000000000,0.000000000,0.000000000
vanilla-reference,-64,copper,304,320,5,0.000000000,0.000000000,0.000000000
vanilla-reference,-64,diamond,-64,-48,5,5.057812500,4.781250000,5.292968750
vanilla-reference,-64,diamond,-48,-32,5,4.323437500,4.027343750,4.613281250
vanilla-reference,-64,diamond,-32,-16,5,2.969531250,2.679687500,3.171875000
vanilla-reference,-64,diamond,-16,0,5,1.760937500,1.515625000,1.933593750
vanilla-reference,-64,diamond,0,16,5,0.584375000,0.355468750,0.800781250
vanilla-reference,-64,diamond,16,32,5,0.000781250,0.000000000,0.003906250
vanilla-reference,-64,diamond,32,48,5,0.000000000,0.000000000,0.000000000
vanilla-reference,-64,diamond,48,64,5,0.000000000,0.000000000,0.000000000
vanilla-reference,-64,diamond,64,80,5,0.000000000,0.000000000,0.000000000
vanilla-reference,-64,diamond,80,96,5,0.000000000,0.000000000,0.000000000
vanilla-reference,-64,diamond,96,112,5,0.000000000,0.000000000,0.000000000
vanilla-reference,-64,diamond,112,128,5,0.000000000,0.000000000,0.000000000
vanilla-reference,-64,diamond,128,144,5,0.000000000,0.000000000,0.000000000
vanilla-reference,-64,diamond,144,160,5,0.000000000,0.000000000,0.000000000
vanilla-reference,-64,diamond,160,176,5,0.000000000,0.000000000,0.000000000
vanilla-reference,-64,diamond,176,192,5,0.000000000,0.000000000,0.000000000
vanilla-reference,-64,diamond,192,208,5,0.000000000,0.000000000,0.000000000
vanilla-reference,-64,diamond,208,224,5,0.000000000,0.000000000,0.000000000
vanilla-reference,-64,diamond,224,240,5,0.000000000,0.000000000,0.000000000
vanilla-reference,-64,diamond,240,256,5,0.000000000,0.000000000,0.000000000
vanilla-reference,-64,diamond,256,272,5,0.000000000,0.000000000,0.000000000
vanilla-reference,-64,diamond,272,288,5,0.000000000,0.000000000,0.000000000
vanilla-reference,-64,diamond,288,304,5,0.000000000,0.000000000,0.000000000
vanilla-reference,-64,diamond,304,320,5,0.000000000,0.000000000,0.000000000
vanilla-reference,-64,emerald,-64,-48,5,0.000000000,0.000000000,0.000000000
vanilla-reference,-64,emerald,-48,-32,5,0.000000000,0.000000000,0.000000000
vanilla-reference,-64,emerald,-32,-16,5,0.000000000,0.000000000,0.000000000
vanilla-reference,-64,emerald,-16,0,5,0.000000000,0.000000000,0.000000000
vanilla-reference,-64,emerald,0,16,5,0.000000000,0.000000000,0.000000000
vanilla-reference,-64,emerald,16,32,5,0.000000000,0.000000000,0.000000000
vanilla-reference,-64,emerald,32,48,5,0.000000000,0.000000000,0.000000000
vanilla-reference,-64,emerald,48,64,5,0.000000000,0.000000000,0.000000000
vanilla-reference,-64,emerald,64,80,5,0.000000000,0.000000000,0.000000000
vanilla-reference,-64,emerald,80,96,5,0.001562500,0.000000000,0.007812500
vanilla-reference,-64,emerald,96,112,5,0.000000000,0.000000000,0.000000000
vanilla-reference,-64,emerald,112,128,5,0.000000000,0.000000000,0.000000000
vanilla-reference,-64,emerald,128,144,5,0.000000000,0.000000000,0.000000000
vanilla-reference,-64,emerald,144,160,5,0.000000000,0.000000000,0.000000000
vanilla-reference,-64,emerald,160,176,5,0.000000000,0.000000000,0.000000000
vanilla-reference,-64,emerald,176,192,5,0.000000000,0.000000000,0.000000000
vanilla-reference,-64,emerald,192,208,5,0.000000000,0.000000000,0.000000000
vanilla-reference,-64,emerald,208,224,5,0.000000000,0.000000000,0.000000000
vanilla-reference,-64,emerald,224,240,5,0.000000000,0.000000000,0.000000000
vanilla-reference,-64,emerald,240,256,5,0.000000000,0.000000000,0.000000000
vanilla-reference,-64,emerald,256,272,5,0.000000000,0.000000000,0.000000000
vanilla-reference,-64,emerald,272,288,5,0.000000000,0.000000000,0.000000000
vanilla-reference,-64,emerald,288,304,5,0.000000000,0.000000000,0.000000000
vanilla-reference,-64,emerald,304,320,5,0.000000000,0.000000000,0.000000000
vanilla-reference,-64,gold,-64,-48,5,3.989843750,3.789062500,4.316406250
vanilla-reference,-64,gold,-48,-32,5,3.984375000,3.511718750,4.300781250
vanilla-reference,-64,gold,-32,-16,5,6.590625000,6.148437500,7.031250000
vanilla-reference,-64,gold,-16,0,5,6.035937500,5.515625000,6.488281250
vanilla-reference,-64,gold,0,16,5,3.478906250,3.226562500,3.593750000
vanilla-reference,-64,gold,16,32,5,1.377343750,1.320312500,1.433593750
vanilla-reference,-64,gold,32,48,5,0.000000000,0.000000000,0.000000000
vanilla-reference,-64,gold,48,64,5,0.000000000,0.000000000,0.000000000
vanilla-reference,-64,gold,64,80,5,0.000000000,0.000000000,0.000000000
vanilla-reference,-64,gold,80,96,5,0.000000000,0.000000000,0.000000000
vanilla-reference,-64,gold,96,112,5,0.000000000,0.000000000,0.000000000
vanilla-reference,-64,gold,112,128,5,0.000000000,0.000000000,0.000000000
vanilla-reference,-64,gold,128,144,5,0.000000000,0.000000000,0.000000000
vanilla-reference,-64,gold,144,160,5,0.000000000,0.000000000,0.000000000
vanilla-reference,-64,gold,160,176,5,0.000000000,0.000000000,0.000000000
vanilla-reference,-64,gold,176,192,5,0.000000000,0.000000000,0.000000000
vanilla-reference,-64,gold,192,208,5,0.000000000,0.000000000,0.000000000
vanilla-reference,-64,gold,208,224,5,0.000000000,0.000000000,0.000000000
vanilla-reference,-64,gold,224,240,5,0.000000000,0.000000000,0.000000000
vanilla-reference,-64,gold,240,256,5,0.000000000,0.000000000,0.000000000
vanilla-reference,-64,gold,256,272,5,0.000000000,0.000000000,0.000000000
vanilla-reference,-64,gold,272,288,5,0.000000000,0.000000000,0.000000000
vanilla-reference,-64,gold,288,304,5,0.000000000,0.000000000,0.000000000
vanilla-reference,-64,gold,304,320,5,0.000000000,0.000000000,0.000000000
vanilla-reference,-64,gravel,-64,-48,5,52.100781250,47.992187500,59.027343750
vanilla-reference,-64,gravel,-48,-32,5,57.330468750,49.839843750,65.453125000
vanilla-reference,-64,gravel,-32,-16,5,59.563281250,51.957031250,69.164062500
vanilla-reference,-64,gravel,-16,0,5,52.370312500,48.199218750,57.769531250
vanilla-reference,-64,gravel,0,16,5,56.535156250,49.144531250,62.289062500
vanilla-reference,-64,gravel,16,32,5,59.124218750,52.441406250,65.269531250
vanilla-reference,-64,gravel,32,48,5,64.810937500,53.417968750,81.902343750
vanilla-reference,-64,gravel,48,64,5,64.597656250,57.925781250,72.132812500
vanilla-reference,-64,gravel,64,80,5,15.153125000,6.035156250,27.539062500
vanilla-reference,-64,gravel,80,96,5,7.275000000,0.000000000,15.722656250
vanilla-reference,-64,gravel,96,112,5,4.207812500,0.000000000,15.585937500
vanilla-reference,-64,gravel,112,128,5,2.146093750,0.000000000,8.535156250
vanilla-reference,-64,gravel,128,144,5,0.035156250,0.000000000,0.175781250
vanilla-reference,-64,gravel,144,160,5,0.000000000,0.000000000,0.000000000
vanilla-reference,-64,gravel,160,176,5,0.000000000,0.000000000,0.000000000
vanilla-reference,-64,gravel,176,192,5,0.000000000,0.000000000,0.000000000
vanilla-reference,-64,gravel,192,208,5,0.000000000,0.000000000,0.000000000
vanilla-reference,-64,gravel,208,224,5,0.000000000,0.000000000,0.000000000
vanilla-reference,-64,gravel,224,240,5,0.000000000,0.000000000,0.000000000
vanilla-reference,-64,gravel,240,256,5,0.000000000,0.000000000,0.000000000
vanilla-reference,-64,gravel,256,272,5,0.000000000,0.000000000,0.000000000
vanilla-reference,-64,gravel,272,288,5,0.000000000,0.000000000,0.000000000
vanilla-reference,-64,gravel,288,304,5,0.000000000,0.000000000,0.000000000
vanilla-reference,-64,gravel,304,320,5,0.000000000,0.000000000,0.000000000
vanilla-reference,-64,iron,-64,-48,5,2.740625000,1.625000000,4.636718750
vanilla-reference,-64,iron,-48,-32,5,3.571875000,2.234375000,6.472656250
vanilla-reference,-64,iron,-32,-16,5,5.003906250,3.539062500,7.671875000
vanilla-reference,-64,iron,-16,0,5,12.307031250,11.050781250,14.835937500
vanilla-reference,-64,iron,0,16,5,20.167968750,18.832031250,21.500000000
vanilla-reference,-64,iron,16,32,5,19.213281250,18.167968750,20.062500000
vanilla-reference,-64,iron,32,48,5,11.123437500,10.492187500,11.664062500
vanilla-reference,-64,iron,48,64,5,2.830468750,2.449218750,3.039062500
vanilla-reference,-64,iron,64,80,5,0.420312500,0.175781250,0.648437500
vanilla-reference,-64,iron,80,96,5,0.361718750,0.003906250,0.847656250
vanilla-reference,-64,iron,96,112,5,0.757031250,0.000000000,2.847656250
vanilla-reference,-64,iron,112,128,5,0.447656250,0.000000000,1.910156250
vanilla-reference,-64,iron,128,144,5,0.051562500,0.000000000,0.183593750
vanilla-reference,-64,iron,144,160,5,0.000000000,0.000000000,0.000000000
vanilla-reference,-64,iron,160,176,5,0.000000000,0.000000000,0.000000000
vanilla-reference,-64,iron,176,192,5,0.000000000,0.000000000,0.000000000
vanilla-reference,-64,iron,192,208,5,0.000000000,0.000000000,0.000000000
vanilla-reference,-64,iron,208,224,5,0.000000000,0.000000000,0.000000000
vanilla-reference,-64,iron,224,240,5,0.000000000,0.000000000,0.000000000
vanilla-reference,-64,iron,240,256,5,0.000000000,0.000000000,0.000000000
vanilla-reference,-64,iron,256,272,5,0.000000000,0.000000000,0.000000000
vanilla-reference,-64,iron,272,288,5,0.000000000,0.000000000,0.000000000
vanilla-reference,-64,iron,288,304,5,0.000000000,0.000000000,0.000000000
vanilla-reference,-64,iron,304,320,5,0.000000000,0.000000000,0.000000000
vanilla-reference,-64,lapis,-64,-48,5,1.941406250,1.648437500,2.140625000
vanilla-reference,-64,lapis,-48,-32,5,2.261718750,1.851562500,2.671875000
vanilla-reference,-64,lapis,-32,-16,5,3.394531250,3.238281250,3.808593750
vanilla-reference,-64,lapis,-16,0,5,5.033593750,4.437500000,5.531250000
vanilla-reference,-64,lapis,0,16,5,4.770312500,4.300781250,5.253906250
vanilla-reference,-64,lapis,16,32,5,2.916406250,2.746093750,3.164062500
vanilla-reference,-64,lapis,32,48,5,2.053906250,1.683593750,2.523437500
vanilla-reference,-64,lapis,48,64,5,1.717968750,1.550781250,1.898437500
vanilla-reference,-64,lapis,64,80,5,0.000000000,0.000000000,0.000000000
vanilla-reference,-64,lapis,80,96,5,0.000000000,0.000000000,0.000000000
vanilla-reference,-64,lapis,96,112,5,0.000000000,0.000000000,0.000000000
vanilla-reference,-64,lapis,112,128,5,0.000000000,0.000000000,0.000000000
vanilla-reference,-64,lapis,128,144,5,0.000000000,0.000000000,0.000000000
vanilla-reference,-64,lapis,144,160,5,0.000000000,0.000000000,0.000000000
vanilla-reference,-64,lapis,160,176,5,0.000000000,0.000000000,0.000000000
vanilla-reference,-64,lapis,176,192,5,0.000000000,0.000000000,0.000000000
vanilla-reference,-64,lapis,192,208,5,0.000000000,0.000000000,0.000000000
vanilla-reference,-64,lapis,208,224,5,0.000000000,0.000000000,0.000000000
vanilla-reference,-64,lapis,224,240,5,0.000000000,0.000000000,0.000000000
vanilla-reference,-64,lapis,240,256,5,0.000000000,0.000000000,0.000000000
vanilla-reference,-64,lapis,256,272,5,0.000000000,0.000000000,0.000000000
vanilla-reference,-64,lapis,272,288,5,0.000000000,0.000000000,0.000000000
vanilla-reference,-64,lapis,288,304,5,0.000000000,0.000000000,0.000000000
vanilla-reference,-64,lapis,304,320,5,0.000000000,0.000000000,0.000000000
vanilla-reference,-64,redstone,-64,-48,5,15.381250000,14.769531250,16.304687500
vanilla-reference,-64,redstone,-48,-32,5,8.539843750,7.867187500,8.902343750
vanilla-reference,-64,redstone,-32,-16,5,3.959375000,3.316406250,4.519531250
vanilla-reference,-64,redstone,-16,0,5,3.944531250,3.472656250,4.515625000
vanilla-reference,-64,redstone,0,16,5,3.482031250,3.035156250,3.953125000
vanilla-reference,-64,redstone,16,32,5,0.000000000,0.000000000,0.000000000
vanilla-reference,-64,redstone,32,48,5,0.000000000,0.000000000,0.000000000
vanilla-reference,-64,redstone,48,64,5,0.000000000,0.000000000,0.000000000
vanilla-reference,-64,redstone,64,80,5,0.000000000,0.000000000,0.000000000
vanilla-reference,-64,redstone,80,96,5,0.000000000,0.000000000,0.000000000
vanilla-reference,-64,redstone,96,112,5,0.000000000,0.000000000,0.000000000
vanilla-reference,-64,redstone,112,128,5,0.000000000,0.000000000,0.000000000
vanilla-reference,-64,redstone,128,144,5,0.000000000,0.000000000,0.000000000
vanilla-reference,-64,redstone,144,160,5,0.000000000,0.000000000,0.000000000
vanilla-reference,-64,redstone,160,176,5,0.000000000,0.000000000,0.000000000
vanilla-reference,-64,redstone,176,192,5,0.000000000,0.000000000,0.000000000
vanilla-reference,-64,redstone,192,208,5,0.000000000,0.000000000,0.000000000
vanilla-reference,-64,redstone,208,224,5,0.000000000,0.000000000,0.000000000
vanilla-reference,-64,redstone,224,240,5,0.000000000,0.000000000,0.000000000
vanilla-reference,-64,redstone,240,256,5,0.000000000,0.000000000,0.000000000
vanilla-reference,-64,redstone,256,272,5,0.000000000,0.000000000,0.000000000
vanilla-reference,-64,redstone,272,288,5,0.000000000,0.000000000,0.000000000
vanilla-reference,-64,redstone,288,304,5,0.000000000,0.000000000,0.000000000
vanilla-reference,-64,redstone,304,320,5,0.000000000,0.000000000,0.000000000
vanilla-reference,-64,tuff,-64,-48,5,251.124218750,231.492187500,268.000000000
vanilla-reference,-64,tuff,-48,-32,5,275.815625000,255.054687500,291.613281250
vanilla-reference,-64,tuff,-32,-16,5,288.302343750,259.640625000,307.339843750
vanilla-reference,-64,tuff,-16,0,5,267.666406250,232.542968750,285.500000000
vanilla-reference,-64,tuff,0,16,5,8.053906250,7.167968750,9.441406250
vanilla-reference,-64,tuff,16,32,5,0.000000000,0.000000000,0.000000000
vanilla-reference,-64,tuff,32,48,5,0.000000000,0.000000000,0.000000000
vanilla-reference,-64,tuff,48,64,5,0.000000000,0.000000000,0.000000000
vanilla-reference,-64,tuff,64,80,5,0.000000000,0.000000000,0.000000000
vanilla-reference,-64,tuff,80,96,5,0.000000000,0.000000000,0.000000000
vanilla-reference,-64,tuff,96,112,5,0.000000000,0.000000000,0.000000000
vanilla-reference,-64,tuff,112,128,5,0.000000000,0.000000000,0.000000000
vanilla-reference,-64,tuff,128,144,5,0.000000000,0.000000000,0.000000000
vanilla-reference,-64,tuff,144,160,5,0.000000000,0.000000000,0.000000000
vanilla-reference,-64,tuff,160,176,5,0.000000000,0.000000000,0.000000000
vanilla-reference,-64,tuff,176,192,5,0.000000000,0.000000000,0.000000000
vanilla-reference,-64,tuff,192,208,5,0.000000000,0.000000000,0.000000000
vanilla-reference,-64,tuff,208,224,5,0.000000000,0.000000000,0.000000000
vanilla-reference,-64,tuff,224,240,5,0.000000000,0.000000000,0.000000000
vanilla-reference,-64,tuff,240,256,5,0.000000000,0.000000000,0.000000000
vanilla-reference,-64,tuff,256,272,5,0.000000000,0.000000000,0.000000000
vanilla-reference,-64,tuff,272,288,5,0.000000000,0.000000000,0.000000000
vanilla-reference,-64,tuff,288,304,5,0.000000000,0.000000000,0.000000000
vanilla-reference,-64,tuff,304,320,5,0.000000000,0.000000000,0.000000000
